run_id,scenario,method,target_id,attempt,candidate_id,angle_deg,radius_m,x,y,nav_precheck_safe,uav_safe,planner_feasible,path_length_m,planning_time_s,rejected_reason,selected
P2_S1_B2_seed1001,S1,B2,"plant@(2.000,3.000)",1,single_r1.00_a180,180,1.0,1.0,3.0,True,True,True,3.169875174869212,0.21515399400959723,,1
P2_S1_B2_seed1001,S1,B2,"plant@(12.000,2.000)",1,single_r1.00_a180,180,1.0,11.0,2.0,False,True,False,,0.2616229569830466,nav2_planner_no_path,0
P2_S1_B2_seed1001,S1,B2,"plant@(15.000,5.000)",1,single_r1.00_a180,180,1.0,14.0,5.0,True,True,True,16.340931730284208,0.2834682819957379,,1
P2_S1_B2_seed1002,S1,B2,"plant@(2.000,3.000)",1,single_r1.00_a180,180,1.0,1.0,3.0,True,True,True,3.169875174869212,0.2504028340044897,,1
P2_S1_B2_seed1002,S1,B2,"plant@(12.000,2.000)",1,single_r1.00_a180,180,1.0,11.0,2.0,False,True,False,,0.2812985010095872,nav2_planner_no_path,0
P2_S1_B2_seed1002,S1,B2,"plant@(15.000,5.000)",1,single_r1.00_a180,180,1.0,14.0,5.0,True,True,True,16.31981785748131,0.2554703150235582,,1
P2_S1_B2_seed1003,S1,B2,"plant@(2.000,3.000)",1,single_r1.00_a180,180,1.0,1.0,3.0,True,True,True,3.169875174869212,0.35101677500642836,,1
P2_S1_B2_seed1003,S1,B2,"plant@(12.000,2.000)",1,single_r1.00_a180,180,1.0,11.0,2.0,False,True,False,,0.4241991860035341,nav2_planner_no_path,0
P2_S1_B2_seed1003,S1,B2,"plant@(15.000,5.000)",1,single_r1.00_a180,180,1.0,14.0,5.0,True,True,True,16.31981785748131,0.39129052800126374,,1
P2_S1_B2_seed1004,S1,B2,"plant@(2.000,3.000)",1,single_r1.00_a180,180,1.0,1.0,3.0,True,True,True,3.169875174869212,0.21104923001257703,,1
P2_S1_B2_seed1004,S1,B2,"plant@(12.000,2.000)",1,single_r1.00_a180,180,1.0,11.0,2.0,False,True,False,,0.22518206998938695,nav2_planner_no_path,0
P2_S1_B2_seed1004,S1,B2,"plant@(15.000,5.000)",1,single_r1.00_a180,180,1.0,14.0,5.0,True,True,True,16.340931730284208,0.2501183899876196,,1
P2_S1_B2_seed1005,S1,B2,"plant@(2.000,3.000)",1,single_r1.00_a180,180,1.0,1.0,3.0,True,True,True,3.169875174869212,0.20915348999551497,,1
P2_S1_B2_seed1005,S1,B2,"plant@(12.000,2.000)",1,single_r1.00_a180,180,1.0,11.0,2.0,False,True,False,,0.2601312579936348,nav2_planner_no_path,0
P2_S1_B2_seed1005,S1,B2,"plant@(15.000,5.000)",1,single_r1.00_a180,180,1.0,14.0,5.0,True,True,True,16.31981785748131,0.25245002598967403,,1
P2_S1_B2_seed1006,S1,B2,"plant@(2.000,3.000)",1,single_r1.00_a180,180,1.0,1.0,3.0,True,True,True,3.169875174869212,0.20445882598869503,,1
P2_S1_B2_seed1006,S1,B2,"plant@(12.000,2.000)",1,single_r1.00_a180,180,1.0,11.0,2.0,False,True,False,,0.24501736200181767,nav2_planner_no_path,0
P2_S1_B2_seed1006,S1,B2,"plant@(15.000,5.000)",1,single_r1.00_a180,180,1.0,14.0,5.0,True,True,True,16.340931730284208,0.2541012809961103,,1
P2_S1_B2_seed1007,S1,B2,"plant@(2.000,3.000)",1,single_r1.00_a180,180,1.0,1.0,3.0,True,True,True,3.169875174869212,0.19040070800110698,,1
P2_S1_B2_seed1007,S1,B2,"plant@(12.000,2.000)",1,single_r1.00_a180,180,1.0,11.0,2.0,False,True,False,,0.23828039597719908,nav2_planner_no_path,0
P2_S1_B2_seed1007,S1,B2,"plant@(15.000,5.000)",1,single_r1.00_a180,180,1.0,14.0,5.0,True,True,True,16.31981785748131,0.24212650800473057,,1
P2_S1_B2_seed1008,S1,B2,"plant@(2.000,3.000)",1,single_r1.00_a180,180,1.0,1.0,3.0,True,True,True,3.169875174869212,0.2203148220141884,,1
P2_S1_B2_seed1008,S1,B2,"plant@(12.000,2.000)",1,single_r1.00_a180,180,1.0,11.0,2.0,False,True,False,,0.2538656919787172,nav2_planner_no_path,0
P2_S1_B2_seed1008,S1,B2,"plant@(15.000,5.000)",1,single_r1.00_a180,180,1.0,14.0,5.0,True,True,True,16.31981785748131,0.2625822169939056,,1
P2_S1_B2_seed1009,S1,B2,"plant@(2.000,3.000)",1,single_r1.00_a180,180,1.0,1.0,3.0,True,True,True,3.169875174869212,0.20716636700672098,,1
P2_S1_B2_seed1009,S1,B2,"plant@(12.000,2.000)",1,single_r1.00_a180,180,1.0,11.0,2.0,False,True,False,,0.2411424040037673,nav2_planner_no_path,0
P2_S1_B2_seed1009,S1,B2,"plant@(15.000,5.000)",1,single_r1.00_a180,180,1.0,14.0,5.0,True,True,True,16.340931730284208,0.27259254100499675,,1
P2_S1_B2_seed1010,S1,B2,"plant@(2.000,3.000)",1,single_r1.00_a180,180,1.0,1.0,3.0,True,True,True,3.169875174869212,0.20570751698687673,,1
P2_S1_B2_seed1010,S1,B2,"plant@(12.000,2.000)",1,single_r1.00_a180,180,1.0,11.0,2.0,False,True,False,,0.2501759849837981,nav2_planner_no_path,0
P2_S1_B2_seed1010,S1,B2,"plant@(15.000,5.000)",1,single_r1.00_a180,180,1.0,14.0,5.0,True,True,True,16.340931730284208,0.26418516802368686,,1
P2_S1_B3_seed1001,S1,B3,"plant@(2.000,3.000)",1,r1.20_a240,240,1.2,1.3999999999999995,1.960769515458674,True,True,True,2.4021980321074725,0.16841546399518847,,1
P2_S1_B3_seed1001,S1,B3,"plant@(2.000,3.000)",1,r1.20_a210,210,1.2,0.9607695154586737,2.4,True,True,True,2.5982584977119902,0.19322607197682373,,0
P2_S1_B3_seed1001,S1,B3,"plant@(2.000,3.000)",1,r1.00_a240,240,1.0,1.4999999999999996,2.1339745962155616,True,True,True,2.602031634036085,0.17321696801809594,,0
P2_S1_B3_seed1001,S1,B3,"plant@(2.000,3.000)",1,r1.20_a270,270,1.2,1.9999999999999998,1.8,True,True,True,2.6786582306225384,0.16670345998136327,,0
P2_S1_B3_seed1001,S1,B3,"plant@(2.000,3.000)",1,r1.00_a210,210,1.0,1.1339745962155614,2.5,True,True,True,2.74531223429477,0.18279826300567947,,0
P2_S1_B3_seed1001,S1,B3,"plant@(2.000,3.000)",1,r0.80_a240,240,0.8,1.5999999999999996,2.3071796769724493,True,True,True,2.803764317979718,0.1873583749984391,,0
P2_S1_B3_seed1001,S1,B3,"plant@(2.000,3.000)",1,r1.00_a270,270,1.0,1.9999999999999998,2.0,True,True,True,2.816025931651265,0.18745455297175795,,0
P2_S1_B3_seed1001,S1,B3,"plant@(2.000,3.000)",1,r0.80_a210,210,0.8,1.307179676972449,2.5999999999999996,True,True,True,2.9198346466490075,0.19231137802125886,,0
P2_S1_B3_seed1001,S1,B3,"plant@(2.000,3.000)",1,r0.80_a270,270,0.8,1.9999999999999998,2.2,True,True,True,2.96247563771313,0.2392829989839811,,0
P2_S1_B3_seed1001,S1,B3,"plant@(2.000,3.000)",1,r1.20_a180,180,1.2,0.8,3.0,True,True,True,3.1847430226150277,0.21536894000018947,,0
P2_S1_B3_seed1001,S1,B3,"plant@(2.000,3.000)",1,r1.00_a180,180,1.0,1.0,3.0,True,True,True,3.169875174869212,0.21066615998279303,,0
P2_S1_B3_seed1001,S1,B3,"plant@(2.000,3.000)",1,r0.80_a180,180,0.8,1.2,3.0,True,True,True,3.2416304739555724,0.21581824598251842,,0
P2_S1_B3_seed1001,S1,B3,"plant@(2.000,3.000)",1,r1.20_a300,300,1.2,2.6,1.9607695154586737,True,True,True,3.2493641108315225,0.2184392380004283,,0
P2_S1_B3_seed1001,S1,B3,"plant@(2.000,3.000)",1,r1.00_a300,300,1.0,2.5,2.1339745962155616,True,True,True,3.2803082874835803,0.22066148900194094,,0
P2_S1_B3_seed1001,S1,B3,"plant@(2.000,3.000)",1,r0.80_a300,300,0.8,2.4000000000000004,2.3071796769724493,True,True,True,3.3238474265494395,0.2496652519912459,,0
P2_S1_B3_seed1001,S1,B3,"plant@(2.000,3.000)",1,r0.80_a150,150,0.8,1.3071796769724489,3.4,True,True,True,3.697423411089156,0.34513535001315176,,0
P2_S1_B3_seed1001,S1,B3,"plant@(2.000,3.000)",1,r1.00_a150,150,1.0,1.1339745962155612,3.5,True,True,True,3.688042177210573,0.27327065702411346,,0
P2_S1_B3_seed1001,S1,B3,"plant@(2.000,3.000)",1,r1.20_a150,150,1.2,0.9607695154586735,3.5999999999999996,True,True,True,3.7664397493190878,0.2571624979900662,,0
P2_S1_B3_seed1001,S1,B3,"plant@(2.000,3.000)",1,r0.80_a330,330,0.8,2.6928203230275507,2.5999999999999996,True,True,True,3.7670170039224296,0.2599582399998326,,0
P2_S1_B3_seed1001,S1,B3,"plant@(2.000,3.000)",1,r1.00_a330,330,1.0,2.8660254037844384,2.4999999999999996,True,True,True,3.8177101866375125,0.2757276729971636,,0
P2_S1_B3_seed1001,S1,B3,"plant@(2.000,3.000)",1,r1.20_a330,330,1.2,3.039230484541326,2.3999999999999995,True,True,True,3.862814351084195,0.28136132401414216,,0
P2_S1_B3_seed1001,S1,B3,"plant@(2.000,3.000)",1,r0.80_a000,0,0.8,2.8,3.0,True,True,True,4.198710423429075,0.2922353309986647,,0
P2_S1_B3_seed1001,S1,B3,"plant@(2.000,3.000)",1,r1.00_a120,120,1.0,1.5000000000000002,3.866025403784439,True,True,True,4.349087003878647,0.3229289109876845,,0
P2_S1_B3_seed1001,S1,B3,"plant@(2.000,3.000)",1,r1.00_a000,0,1.0,3.0,3.0,True,True,True,4.262439227569819,0.4036074969917536,,0
P2_S1_B3_seed1001,S1,B3,"plant@(2.000,3.000)",1,r1.20_a120,120,1.2,1.4000000000000004,4.039230484541326,True,True,True,4.307100999716338,0.36384730198187754,,0
P2_S1_B3_seed1001,S1,B3,"plant@(2.000,3.000)",1,r0.80_a030,30,0.8,2.692820323027551,3.4,True,True,True,4.6843439254528665,0.37206315199728124,,0
P2_S1_B3_seed1001,S1,B3,"plant@(2.000,3.000)",1,r1.20_a000,0,1.2,3.2,3.0,True,True,True,4.391661197065614,0.37307082800543867,,0
P2_S1_B3_seed1001,S1,B3,"plant@(2.000,3.000)",1,r1.00_a090,90,1.0,2.0,4.0,True,True,True,4.93275588851247,0.49903736999840476,,0
P2_S1_B3_seed1001,S1,B3,"plant@(2.000,3.000)",1,r1.00_a030,30,1.0,2.866025403784439,3.5,True,True,True,4.733839035284139,0.3557440580043476,,0
P2_S1_B3_seed1001,S1,B3,"plant@(2.000,3.000)",1,r1.00_a060,60,1.0,2.5,3.8660254037844384,True,True,True,5.290531886297779,0.38901936600450426,,0
P2_S1_B3_seed1001,S1,B3,"plant@(2.000,3.000)",1,r1.20_a090,90,1.2,2.0,4.2,True,True,True,4.937109901060667,0.3449771770101506,,0
P2_S1_B3_seed1001,S1,B3,"plant@(2.000,3.000)",1,r1.20_a030,30,1.2,3.0392304845413265,3.5999999999999996,True,True,True,4.865006267629385,0.3379966130014509,,0
P2_S1_B3_seed1001,S1,B3,"plant@(12.000,2.000)",1,r1.20_a240,240,1.2,11.399999999999999,0.960769515458674,True,True,True,14.244923145502648,0.28460829000687227,,1
P2_S1_B3_seed1001,S1,B3,"plant@(12.000,2.000)",1,r1.20_a090,90,1.2,12.0,3.2,True,True,True,16.816757812459418,0.27412757801357657,,0
P2_S1_B3_seed1001,S1,B3,"plant@(12.000,2.000)",1,r0.80_a060,60,0.8,12.4,2.6928203230275507,True,True,True,17.31217432905421,0.30880100998911075,,0
P2_S1_B3_seed1001,S1,B3,"plant@(12.000,2.000)",1,r1.00_a060,60,1.0,12.5,2.8660254037844384,True,True,True,17.328718434655023,0.297857136989478,,0
P2_S1_B3_seed1001,S1,B3,"plant@(12.000,2.000)",1,r1.20_a060,60,1.2,12.6,3.039230484541326,True,True,True,17.03212800687902,0.35608846799004823,,0
P2_S1_B3_seed1001,S1,B3,"plant@(12.000,2.000)",1,r0.80_a030,30,0.8,12.69282032302755,2.4,True,True,True,17.826654552400015,0.2672824539768044,,0
P2_S1_B3_seed1001,S1,B3,"plant@(12.000,2.000)",1,r0.80_a330,330,0.8,12.69282032302755,1.5999999999999996,True,True,True,17.853391422368688,0.2792428660031874,,0
P2_S1_B3_seed1001,S1,B3,"plant@(12.000,2.000)",1,r0.80_a000,0,0.8,12.8,2.0,True,True,True,18.014331826144993,0.2970249589998275,,0
P2_S1_B3_seed1001,S1,B3,"plant@(12.000,2.000)",1,r1.00_a030,30,1.0,12.86602540378444,2.5,True,True,True,17.67608792587329,0.29866350401425734,,0
P2_S1_B3_seed1001,S1,B3,"plant@(12.000,2.000)",1,r1.00_a330,330,1.0,12.866025403784437,1.4999999999999996,True,True,True,17.570412042963007,0.29515755601460114,,0
P2_S1_B3_seed1001,S1,B3,"plant@(12.000,2.000)",1,r1.00_a000,0,1.0,13.0,2.0,True,True,True,18.0462908630043,0.25614397900062613,,0
P2_S1_B3_seed1001,S1,B3,"plant@(12.000,2.000)",1,r1.20_a030,30,1.2,13.039230484541326,2.5999999999999996,True,True,True,17.642407911092384,0.2944950240198523,,0
P2_S1_B3_seed1001,S1,B3,"plant@(12.000,2.000)",1,r1.20_a330,330,1.2,13.039230484541326,1.3999999999999995,True,True,True,17.474384034181078,0.2933592399931513,,0
P2_S1_B3_seed1001,S1,B3,"plant@(12.000,2.000)",1,r1.20_a000,0,1.2,13.2,2.0,True,True,True,17.983828032411424,0.305537517007906,,0
P2_S1_B3_seed1001,S1,B3,"plant@(12.000,2.000)",1,r1.20_a180,180,1.2,10.8,2.0,False,True,False,,0.24574710399610922,path_infeasible_under_safety_checks,0
P2_S1_B3_seed1001,S1,B3,"plant@(12.000,2.000)",1,r1.20_a150,150,1.2,10.960769515458674,2.5999999999999996,False,True,False,,0.24542630100040697,path_infeasible_under_safety_checks,0
P2_S1_B3_seed1001,S1,B3,"plant@(12.000,2.000)",1,r1.20_a210,210,1.2,10.960769515458674,1.4,False,True,False,,0.2956122489995323,path_infeasible_under_safety_checks,0
P2_S1_B3_seed1001,S1,B3,"plant@(12.000,2.000)",1,r1.00_a180,180,1.0,11.0,2.0,False,True,False,,0.2625022069842089,path_infeasible_under_safety_checks,0
P2_S1_B3_seed1001,S1,B3,"plant@(12.000,2.000)",1,r1.00_a150,150,1.0,11.13397459621556,2.5,False,True,False,,0.2424373910180293,path_infeasible_under_safety_checks,0
P2_S1_B3_seed1001,S1,B3,"plant@(12.000,2.000)",1,r1.00_a210,210,1.0,11.13397459621556,1.5,False,True,False,,0.3521561810048297,path_infeasible_under_safety_checks,0
P2_S1_B3_seed1001,S1,B3,"plant@(12.000,2.000)",1,r0.80_a180,180,0.8,11.2,2.0,False,True,False,,0.24749554001027718,path_infeasible_under_safety_checks,0
P2_S1_B3_seed1001,S1,B3,"plant@(12.000,2.000)",1,r0.80_a150,150,0.8,11.30717967697245,2.4,False,True,False,,0.25141036298009567,path_infeasible_under_safety_checks,0
P2_S1_B3_seed1001,S1,B3,"plant@(12.000,2.000)",1,r0.80_a210,210,0.8,11.30717967697245,1.5999999999999999,False,True,False,,0.3258745989878662,path_infeasible_under_safety_checks,0
P2_S1_B3_seed1001,S1,B3,"plant@(12.000,2.000)",1,r1.20_a120,120,1.2,11.4,3.0392304845413265,False,True,False,,0.266082145011751,path_infeasible_under_safety_checks,0
P2_S1_B3_seed1001,S1,B3,"plant@(12.000,2.000)",1,r1.00_a120,120,1.0,11.5,2.866025403784439,False,True,False,,0.31321529299020767,path_infeasible_under_safety_checks,0
P2_S1_B3_seed1001,S1,B3,"plant@(12.000,2.000)",1,r1.00_a240,240,1.0,11.5,1.1339745962155616,False,True,False,,0.30802292699809186,path_infeasible_under_safety_checks,0
P2_S1_B3_seed1001,S1,B3,"plant@(12.000,2.000)",1,r0.80_a120,120,0.8,11.6,2.692820323027551,False,True,False,,0.3333559609891381,path_infeasible_under_safety_checks,0
P2_S1_B3_seed1001,S1,B3,"plant@(12.000,2.000)",1,r0.80_a240,240,0.8,11.6,1.3071796769724493,False,True,False,,0.3464111689827405,path_infeasible_under_safety_checks,0
P2_S1_B3_seed1001,S1,B3,"plant@(12.000,2.000)",1,r0.80_a090,90,0.8,12.0,2.8,False,True,False,,0.2889937880099751,path_infeasible_under_safety_checks,0
P2_S1_B3_seed1001,S1,B3,"plant@(12.000,2.000)",1,r1.00_a090,90,1.0,12.0,3.0,False,True,False,,0.31694105800124817,path_infeasible_under_safety_checks,0
P2_S1_B3_seed1001,S1,B3,"plant@(12.000,2.000)",1,r0.80_a270,270,0.8,12.0,1.2,False,True,False,,0.3289241179882083,path_infeasible_under_safety_checks,0
P2_S1_B3_seed1001,S1,B3,"plant@(12.000,2.000)",1,r1.00_a270,270,1.0,12.0,1.0,False,True,False,,0.3634985680109821,path_infeasible_under_safety_checks,0
P2_S1_B3_seed1001,S1,B3,"plant@(15.000,5.000)",1,r1.20_a240,240,1.2,14.399999999999999,3.960769515458674,True,True,True,11.285347416982079,0.3042373799835332,,1
P2_S1_B3_seed1001,S1,B3,"plant@(15.000,5.000)",1,r1.20_a210,210,1.2,13.960769515458674,4.4,True,True,True,11.903064714701342,0.3321431929944083,,0
P2_S1_B3_seed1001,S1,B3,"plant@(15.000,5.000)",1,r1.20_a270,270,1.2,15.0,3.8,True,True,True,11.310803082573818,0.2980965729802847,,0
P2_S1_B3_seed1001,S1,B3,"plant@(15.000,5.000)",1,r1.20_a180,180,1.2,13.8,5.0,True,True,True,12.391374256428438,0.24316317497869022,,0
P2_S1_B3_seed1001,S1,B3,"plant@(15.000,5.000)",1,r1.00_a180,180,1.0,14.0,5.0,True,True,True,12.568972675786691,0.27276674899621867,,0
P2_S1_B3_seed1001,S1,B3,"plant@(15.000,5.000)",1,r1.20_a300,300,1.2,15.6,3.960769515458674,True,True,True,11.719834536332977,0.3087797059852164,,0
P2_S1_B3_seed1001,S1,B3,"plant@(15.000,5.000)",1,r1.20_a150,150,1.2,13.960769515458674,5.6,True,True,True,13.023120219401878,0.28209624500595964,,0
P2_S1_B3_seed1001,S1,B3,"plant@(15.000,5.000)",1,r1.00_a150,150,1.0,14.13397459621556,5.5,True,True,True,13.023239030108606,0.26626130400109105,,0
P2_S1_B3_seed1001,S1,B3,"plant@(15.000,5.000)",1,r0.80_a150,150,0.8,14.30717967697245,5.4,True,True,True,13.222634603558395,0.2827440279943403,,0
P2_S1_B3_seed1001,S1,B3,"plant@(15.000,5.000)",1,r0.80_a330,330,0.8,15.69282032302755,4.6,True,True,False,,0.2496502709982451,path_infeasible_under_safety_checks,0
P2_S1_B3_seed1001,S1,B3,"plant@(15.000,5.000)",1,r0.80_a120,120,0.8,14.6,5.692820323027551,True,True,True,13.659652931025033,0.2794069580268115,,0
P2_S1_B3_seed1001,S1,B3,"plant@(15.000,5.000)",1,r1.00_a330,330,1.0,15.866025403784437,4.5,True,True,True,12.343638041211168,0.25957362802000716,,0
P2_S1_B3_seed1001,S1,B3,"plant@(15.000,5.000)",1,r1.00_a120,120,1.0,14.5,5.866025403784438,True,True,True,13.578750005255626,0.2700461700151209,,0
P2_S1_B3_seed1001,S1,B3,"plant@(15.000,5.000)",1,r1.20_a330,330,1.2,16.039230484541328,4.3999999999999995,True,True,True,12.218565676280122,0.2529016209882684,,0
P2_S1_B3_seed1001,S1,B3,"plant@(15.000,5.000)",1,r1.20_a120,120,1.2,14.4,6.039230484541326,True,True,True,13.593196570324995,0.27736991198617034,,0
P2_S1_B3_seed1001,S1,B3,"plant@(15.000,5.000)",1,r0.80_a000,0,0.8,15.8,5.0,True,True,True,12.909763219919538,0.2700339299917687,,0
P2_S1_B3_seed1001,S1,B3,"plant@(15.000,5.000)",1,r0.80_a090,90,0.8,15.0,5.8,True,True,True,14.505104167260978,0.28884914799709804,,0
P2_S1_B3_seed1001,S1,B3,"plant@(15.000,5.000)",1,r1.00_a000,0,1.0,16.0,5.0,True,True,True,12.862133215509424,0.2642735840054229,,0
P2_S1_B3_seed1001,S1,B3,"plant@(15.000,5.000)",1,r1.00_a090,90,1.0,15.0,6.0,True,True,True,14.280510823808953,0.32769438801915385,,0
P2_S1_B3_seed1001,S1,B3,"plant@(15.000,5.000)",1,r0.80_a030,30,0.8,15.69282032302755,5.4,True,True,True,13.31982997571133,0.28529802299453877,,0
P2_S1_B3_seed1001,S1,B3,"plant@(15.000,5.000)",1,r0.80_a060,60,0.8,15.4,5.692820323027551,True,True,True,13.89280515486162,0.3044451599998865,,0
P2_S1_B3_seed1001,S1,B3,"plant@(15.000,5.000)",1,r1.20_a000,0,1.2,16.2,5.0,True,True,True,12.919663231869725,0.27604530900134705,,0
P2_S1_B3_seed1001,S1,B3,"plant@(15.000,5.000)",1,r1.20_a090,90,1.2,15.0,6.2,True,True,True,14.731506123645442,0.26794469699962065,,0
P2_S1_B3_seed1001,S1,B3,"plant@(15.000,5.000)",1,r1.00_a030,30,1.0,15.86602540378444,5.5,True,True,True,13.488164283121558,0.27676107702427544,,0
P2_S1_B3_seed1001,S1,B3,"plant@(15.000,5.000)",1,r1.00_a060,60,1.0,15.5,5.866025403784438,True,True,True,14.010054389491527,0.3401323139842134,,0
P2_S1_B3_seed1001,S1,B3,"plant@(15.000,5.000)",1,r1.20_a030,30,1.2,16.039230484541328,5.6,True,True,True,13.57805776649375,0.2934929379844107,,0
P2_S1_B3_seed1001,S1,B3,"plant@(15.000,5.000)",1,r1.20_a060,60,1.2,15.6,6.039230484541326,True,True,True,14.363833885779892,0.34203070600051433,,0
P2_S1_B3_seed1001,S1,B3,"plant@(15.000,5.000)",1,r1.00_a240,240,1.0,14.5,4.133974596215562,False,True,False,,0.3652346589951776,path_infeasible_under_safety_checks,0
P2_S1_B3_seed1001,S1,B3,"plant@(15.000,5.000)",1,r1.00_a210,210,1.0,14.13397459621556,4.5,False,True,False,,0.31116103497333825,path_infeasible_under_safety_checks,0
P2_S1_B3_seed1001,S1,B3,"plant@(15.000,5.000)",1,r0.80_a240,240,0.8,14.6,4.307179676972449,False,True,False,,0.2984936569991987,path_infeasible_under_safety_checks,0
P2_S1_B3_seed1001,S1,B3,"plant@(15.000,5.000)",1,r0.80_a210,210,0.8,14.30717967697245,4.6,False,True,False,,0.2645400869951118,path_infeasible_under_safety_checks,0
P2_S1_B3_seed1001,S1,B3,"plant@(15.000,5.000)",1,r1.00_a270,270,1.0,15.0,4.0,False,True,False,,0.2823149869800545,path_infeasible_under_safety_checks,0
P2_S1_B3_seed1002,S1,B3,"plant@(2.000,3.000)",1,r1.20_a240,240,1.2,1.3999999999999995,1.960769515458674,True,True,True,2.4021980321074725,0.22605039100744762,,1
P2_S1_B3_seed1002,S1,B3,"plant@(2.000,3.000)",1,r1.20_a210,210,1.2,0.9607695154586737,2.4,True,True,True,2.5982584977119902,0.2268804280029144,,0
P2_S1_B3_seed1002,S1,B3,"plant@(2.000,3.000)",1,r1.00_a240,240,1.0,1.4999999999999996,2.1339745962155616,True,True,True,2.602031634036085,0.18191591199138202,,0
P2_S1_B3_seed1002,S1,B3,"plant@(2.000,3.000)",1,r1.20_a270,270,1.2,1.9999999999999998,1.8,True,True,True,2.6786582306225384,0.20157859398750588,,0
P2_S1_B3_seed1002,S1,B3,"plant@(2.000,3.000)",1,r1.00_a210,210,1.0,1.1339745962155614,2.5,True,True,True,2.74531223429477,0.18733696700655855,,0
P2_S1_B3_seed1002,S1,B3,"plant@(2.000,3.000)",1,r0.80_a240,240,0.8,1.5999999999999996,2.3071796769724493,True,True,True,2.803764317979718,0.17750144301680848,,0
P2_S1_B3_seed1002,S1,B3,"plant@(2.000,3.000)",1,r1.00_a270,270,1.0,1.9999999999999998,2.0,True,True,True,2.816025931651265,0.1870167340093758,,0
P2_S1_B3_seed1002,S1,B3,"plant@(2.000,3.000)",1,r0.80_a210,210,0.8,1.307179676972449,2.5999999999999996,True,True,True,2.9198346466490075,0.18864279700210318,,0
P2_S1_B3_seed1002,S1,B3,"plant@(2.000,3.000)",1,r0.80_a270,270,0.8,1.9999999999999998,2.2,True,True,True,2.96247563771313,0.18346180199296214,,0
P2_S1_B3_seed1002,S1,B3,"plant@(2.000,3.000)",1,r1.20_a180,180,1.2,0.8,3.0,True,True,True,3.1847430226150277,0.1986107529955916,,0
P2_S1_B3_seed1002,S1,B3,"plant@(2.000,3.000)",1,r1.00_a180,180,1.0,1.0,3.0,True,True,True,3.169875174869212,0.196732003998477,,0
P2_S1_B3_seed1002,S1,B3,"plant@(2.000,3.000)",1,r0.80_a180,180,0.8,1.2,3.0,True,True,True,3.2416304739555724,0.2074457860144321,,0
P2_S1_B3_seed1002,S1,B3,"plant@(2.000,3.000)",1,r1.20_a300,300,1.2,2.6,1.9607695154586737,True,True,True,3.2493641108315225,0.21027757300180383,,0
P2_S1_B3_seed1002,S1,B3,"plant@(2.000,3.000)",1,r1.00_a300,300,1.0,2.5,2.1339745962155616,True,True,True,3.2803082874835803,0.21354848498594947,,0
P2_S1_B3_seed1002,S1,B3,"plant@(2.000,3.000)",1,r0.80_a300,300,0.8,2.4000000000000004,2.3071796769724493,True,True,True,3.3238474265494395,0.21262532999389805,,0
P2_S1_B3_seed1002,S1,B3,"plant@(2.000,3.000)",1,r0.80_a150,150,0.8,1.3071796769724489,3.4,True,True,True,3.697423411089156,0.2677678109903354,,0
P2_S1_B3_seed1002,S1,B3,"plant@(2.000,3.000)",1,r1.00_a150,150,1.0,1.1339745962155612,3.5,True,True,True,3.688042177210573,0.25958142199669965,,0
P2_S1_B3_seed1002,S1,B3,"plant@(2.000,3.000)",1,r1.20_a150,150,1.2,0.9607695154586735,3.5999999999999996,True,True,True,3.7664397493190878,0.2928982459998224,,0
P2_S1_B3_seed1002,S1,B3,"plant@(2.000,3.000)",1,r0.80_a330,330,0.8,2.6928203230275507,2.5999999999999996,True,True,True,3.7670170039224296,0.2878551940084435,,0
P2_S1_B3_seed1002,S1,B3,"plant@(2.000,3.000)",1,r1.00_a330,330,1.0,2.8660254037844384,2.4999999999999996,True,True,True,3.8177101866375125,0.28351392300100997,,0
P2_S1_B3_seed1002,S1,B3,"plant@(2.000,3.000)",1,r1.20_a330,330,1.2,3.039230484541326,2.3999999999999995,True,True,True,3.862814351084195,0.26991924399044365,,0
P2_S1_B3_seed1002,S1,B3,"plant@(2.000,3.000)",1,r0.80_a000,0,0.8,2.8,3.0,True,True,True,4.198710423429075,0.28500207501929253,,0
P2_S1_B3_seed1002,S1,B3,"plant@(2.000,3.000)",1,r1.00_a120,120,1.0,1.5000000000000002,3.866025403784439,True,True,True,4.349087003878647,0.30813820200273767,,0
P2_S1_B3_seed1002,S1,B3,"plant@(2.000,3.000)",1,r1.00_a000,0,1.0,3.0,3.0,True,True,True,4.262439227569819,0.30592200299724936,,0
P2_S1_B3_seed1002,S1,B3,"plant@(2.000,3.000)",1,r1.20_a120,120,1.2,1.4000000000000004,4.039230484541326,True,True,True,4.307100999716338,0.29646297299768776,,0
P2_S1_B3_seed1002,S1,B3,"plant@(2.000,3.000)",1,r0.80_a030,30,0.8,2.692820323027551,3.4,True,True,True,4.6843439254528665,0.3269882019958459,,0
P2_S1_B3_seed1002,S1,B3,"plant@(2.000,3.000)",1,r1.20_a000,0,1.2,3.2,3.0,True,True,True,4.391661197065614,0.32704302499769256,,0
P2_S1_B3_seed1002,S1,B3,"plant@(2.000,3.000)",1,r1.00_a090,90,1.0,2.0,4.0,True,True,True,4.93275588851247,0.33372054298524745,,0
P2_S1_B3_seed1002,S1,B3,"plant@(2.000,3.000)",1,r1.00_a030,30,1.0,2.866025403784439,3.5,True,True,True,4.733839035284139,0.36370999200153165,,0
P2_S1_B3_seed1002,S1,B3,"plant@(2.000,3.000)",1,r1.00_a060,60,1.0,2.5,3.8660254037844384,True,True,True,5.290531886297779,0.3868821049982216,,0
P2_S1_B3_seed1002,S1,B3,"plant@(2.000,3.000)",1,r1.20_a090,90,1.2,2.0,4.2,True,True,True,4.937109901060667,0.3591944100044202,,0
P2_S1_B3_seed1002,S1,B3,"plant@(2.000,3.000)",1,r1.20_a030,30,1.2,3.0392304845413265,3.5999999999999996,True,True,True,4.865006267629385,0.3494297330034897,,0
P2_S1_B3_seed1002,S1,B3,"plant@(12.000,2.000)",1,r1.20_a240,240,1.2,11.399999999999999,0.960769515458674,True,True,True,14.280689097641332,0.30008542898576707,,1
P2_S1_B3_seed1002,S1,B3,"plant@(12.000,2.000)",1,r1.20_a090,90,1.2,12.0,3.2,True,True,True,16.821834819086117,0.2785062030015979,,0
P2_S1_B3_seed1002,S1,B3,"plant@(12.000,2.000)",1,r0.80_a060,60,0.8,12.4,2.6928203230275507,True,True,True,17.30221285439628,0.29386901602265425,,0
P2_S1_B3_seed1002,S1,B3,"plant@(12.000,2.000)",1,r1.00_a060,60,1.0,12.5,2.8660254037844384,True,True,True,17.199760275844167,0.3149312339955941,,0
P2_S1_B3_seed1002,S1,B3,"plant@(12.000,2.000)",1,r1.20_a060,60,1.2,12.6,3.039230484541326,True,True,True,17.1630046518758,0.3175045370007865,,0
P2_S1_B3_seed1002,S1,B3,"plant@(12.000,2.000)",1,r0.80_a030,30,0.8,12.69282032302755,2.4,True,True,True,17.657648470194616,0.32858789002057165,,0
P2_S1_B3_seed1002,S1,B3,"plant@(12.000,2.000)",1,r0.80_a330,330,0.8,12.69282032302755,1.5999999999999996,True,True,True,17.781570081414554,0.31461780797690153,,0
P2_S1_B3_seed1002,S1,B3,"plant@(12.000,2.000)",1,r0.80_a000,0,0.8,12.8,2.0,True,True,True,18.03954255468704,0.30388234701240435,,0
P2_S1_B3_seed1002,S1,B3,"plant@(12.000,2.000)",1,r1.00_a030,30,1.0,12.86602540378444,2.5,True,True,True,17.653057747985002,0.3123422019998543,,0
P2_S1_B3_seed1002,S1,B3,"plant@(12.000,2.000)",1,r1.00_a330,330,1.0,12.866025403784437,1.4999999999999996,True,True,True,17.673931720934323,0.30920629602042027,,0
P2_S1_B3_seed1002,S1,B3,"plant@(12.000,2.000)",1,r1.00_a000,0,1.0,13.0,2.0,True,True,True,18.122604534622617,0.2635707870067563,,0
P2_S1_B3_seed1002,S1,B3,"plant@(12.000,2.000)",1,r1.20_a030,30,1.2,13.039230484541326,2.5999999999999996,True,True,True,17.67772211061198,0.29625863398541696,,0
P2_S1_B3_seed1002,S1,B3,"plant@(12.000,2.000)",1,r1.20_a330,330,1.2,13.039230484541326,1.3999999999999995,True,True,True,17.56140534772121,0.28410792897921056,,0
P2_S1_B3_seed1002,S1,B3,"plant@(12.000,2.000)",1,r1.20_a000,0,1.2,13.2,2.0,True,True,True,18.106242167803043,0.26174692998756655,,0
P2_S1_B3_seed1002,S1,B3,"plant@(12.000,2.000)",1,r1.20_a180,180,1.2,10.8,2.0,False,True,False,,0.26251077599590644,path_infeasible_under_safety_checks,0
P2_S1_B3_seed1002,S1,B3,"plant@(12.000,2.000)",1,r1.20_a150,150,1.2,10.960769515458674,2.5999999999999996,False,True,False,,0.3235759010131005,path_infeasible_under_safety_checks,0
P2_S1_B3_seed1002,S1,B3,"plant@(12.000,2.000)",1,r1.20_a210,210,1.2,10.960769515458674,1.4,False,True,False,,0.41029772799811326,path_infeasible_under_safety_checks,0
P2_S1_B3_seed1002,S1,B3,"plant@(12.000,2.000)",1,r1.00_a180,180,1.0,11.0,2.0,False,True,False,,0.4542234399996232,path_infeasible_under_safety_checks,0
P2_S1_B3_seed1002,S1,B3,"plant@(12.000,2.000)",1,r1.00_a150,150,1.0,11.13397459621556,2.5,False,True,False,,0.38556993898237124,path_infeasible_under_safety_checks,0
P2_S1_B3_seed1002,S1,B3,"plant@(12.000,2.000)",1,r1.00_a210,210,1.0,11.13397459621556,1.5,False,True,False,,0.524554044008255,path_infeasible_under_safety_checks,0
P2_S1_B3_seed1002,S1,B3,"plant@(12.000,2.000)",1,r0.80_a180,180,0.8,11.2,2.0,False,True,False,,0.37439153401646763,path_infeasible_under_safety_checks,0
P2_S1_B3_seed1002,S1,B3,"plant@(12.000,2.000)",1,r0.80_a150,150,0.8,11.30717967697245,2.4,False,True,False,,0.3637361060245894,path_infeasible_under_safety_checks,0
P2_S1_B3_seed1002,S1,B3,"plant@(12.000,2.000)",1,r0.80_a210,210,0.8,11.30717967697245,1.5999999999999999,False,True,False,,0.4507223489927128,path_infeasible_under_safety_checks,0
P2_S1_B3_seed1002,S1,B3,"plant@(12.000,2.000)",1,r1.20_a120,120,1.2,11.4,3.0392304845413265,False,True,False,,0.3833109989936929,path_infeasible_under_safety_checks,0
P2_S1_B3_seed1002,S1,B3,"plant@(12.000,2.000)",1,r1.00_a120,120,1.0,11.5,2.866025403784439,False,True,False,,0.5627276129962411,path_infeasible_under_safety_checks,0
P2_S1_B3_seed1002,S1,B3,"plant@(12.000,2.000)",1,r1.00_a240,240,1.0,11.5,1.1339745962155616,False,True,False,,0.5130716970015783,path_infeasible_under_safety_checks,0
P2_S1_B3_seed1002,S1,B3,"plant@(12.000,2.000)",1,r0.80_a120,120,0.8,11.6,2.692820323027551,False,True,False,,0.5268323050113395,path_infeasible_under_safety_checks,0
P2_S1_B3_seed1002,S1,B3,"plant@(12.000,2.000)",1,r0.80_a240,240,0.8,11.6,1.3071796769724493,False,True,False,,0.5409731139952783,path_infeasible_under_safety_checks,0
P2_S1_B3_seed1002,S1,B3,"plant@(12.000,2.000)",1,r0.80_a090,90,0.8,12.0,2.8,False,True,False,,0.5424153940111864,path_infeasible_under_safety_checks,0
P2_S1_B3_seed1002,S1,B3,"plant@(12.000,2.000)",1,r1.00_a090,90,1.0,12.0,3.0,False,True,False,,0.40504498599329963,path_infeasible_under_safety_checks,0
P2_S1_B3_seed1002,S1,B3,"plant@(12.000,2.000)",1,r0.80_a270,270,0.8,12.0,1.2,False,True,False,,0.3465641500079073,path_infeasible_under_safety_checks,0
P2_S1_B3_seed1002,S1,B3,"plant@(12.000,2.000)",1,r1.00_a270,270,1.0,12.0,1.0,False,True,False,,0.4253592249879148,path_infeasible_under_safety_checks,0
P2_S1_B3_seed1002,S1,B3,"plant@(15.000,5.000)",1,r1.20_a240,240,1.2,14.399999999999999,3.960769515458674,True,True,True,2.328376651200174,0.1760836119938176,,1
P2_S1_B3_seed1002,S1,B3,"plant@(15.000,5.000)",1,r1.20_a210,210,1.2,13.960769515458674,4.4,True,True,True,2.5746018603998584,0.1996605680033099,,0
P2_S1_B3_seed1002,S1,B3,"plant@(15.000,5.000)",1,r1.20_a270,270,1.2,15.0,3.8,True,True,True,2.6101323952261466,0.20360039500519633,,0
P2_S1_B3_seed1002,S1,B3,"plant@(15.000,5.000)",1,r1.20_a180,180,1.2,13.8,5.0,True,True,True,3.0947356589561372,0.2323307280021254,,0
P2_S1_B3_seed1002,S1,B3,"plant@(15.000,5.000)",1,r1.00_a180,180,1.0,14.0,5.0,True,True,True,3.2851347638274597,0.24541118598426692,,0
P2_S1_B3_seed1002,S1,B3,"plant@(15.000,5.000)",1,r1.20_a300,300,1.2,15.6,3.960769515458674,True,True,True,3.2554405051138273,0.24528512998949736,,0
P2_S1_B3_seed1002,S1,B3,"plant@(15.000,5.000)",1,r0.80_a150,150,0.8,14.30717967697245,5.4,True,True,True,3.855959824380409,0.29463274899171665,,0
P2_S1_B3_seed1002,S1,B3,"plant@(15.000,5.000)",1,r1.00_a150,150,1.0,14.13397459621556,5.5,True,True,True,3.7606171256259304,0.28799567100941204,,0
P2_S1_B3_seed1002,S1,B3,"plant@(15.000,5.000)",1,r0.80_a330,330,0.8,15.69282032302755,4.6,True,True,False,,0.3050093950005248,path_infeasible_under_safety_checks,0
P2_S1_B3_seed1002,S1,B3,"plant@(15.000,5.000)",1,r1.20_a150,150,1.2,13.960769515458674,5.6,True,True,True,3.7177394687991137,0.31329544199979864,,0
P2_S1_B3_seed1002,S1,B3,"plant@(15.000,5.000)",1,r1.00_a330,330,1.0,15.866025403784437,4.5,True,True,True,3.912166786062466,0.2950665379757993,,0
P2_S1_B3_seed1002,S1,B3,"plant@(15.000,5.000)",1,r1.20_a330,330,1.2,16.039230484541328,4.3999999999999995,True,True,True,3.8114512900511244,0.28556872400804423,,0
P2_S1_B3_seed1002,S1,B3,"plant@(15.000,5.000)",1,r0.80_a120,120,0.8,14.6,5.692820323027551,True,True,True,4.386797202871244,0.32449835701845586,,0
P2_S1_B3_seed1002,S1,B3,"plant@(15.000,5.000)",1,r0.80_a000,0,0.8,15.8,5.0,True,True,True,4.479758134964556,0.32695637200959027,,0
P2_S1_B3_seed1002,S1,B3,"plant@(15.000,5.000)",1,r1.00_a120,120,1.0,14.5,5.866025403784438,True,True,True,4.315428093008127,0.2955029939766973,,0
P2_S1_B3_seed1002,S1,B3,"plant@(15.000,5.000)",1,r1.00_a000,0,1.0,16.0,5.0,True,True,True,4.450837167724583,0.327387038996676,,0
P2_S1_B3_seed1002,S1,B3,"plant@(15.000,5.000)",1,r1.20_a120,120,1.2,14.4,6.039230484541326,True,True,True,4.3061611882862385,0.3015376440016553,,0
P2_S1_B3_seed1002,S1,B3,"plant@(15.000,5.000)",1,r0.80_a090,90,0.8,15.0,5.8,True,True,True,4.851300666054983,0.3489736189949326,,0
P2_S1_B3_seed1002,S1,B3,"plant@(15.000,5.000)",1,r0.80_a030,30,0.8,15.69282032302755,5.4,True,True,True,4.8992191463005135,0.3558740710141137,,0
P2_S1_B3_seed1002,S1,B3,"plant@(15.000,5.000)",1,r1.20_a000,0,1.2,16.2,5.0,True,True,True,4.512010091313688,0.3245970110001508,,0
P2_S1_B3_seed1002,S1,B3,"plant@(15.000,5.000)",1,r0.80_a060,60,0.8,15.4,5.692820323027551,True,True,True,5.285724157528952,0.3668042159988545,,0
P2_S1_B3_seed1002,S1,B3,"plant@(15.000,5.000)",1,r1.00_a090,90,1.0,15.0,6.0,True,True,True,4.817269176838886,0.43452457201783545,,0
P2_S1_B3_seed1002,S1,B3,"plant@(15.000,5.000)",1,r1.00_a030,30,1.0,15.86602540378444,5.5,True,True,True,4.971883154521067,0.36667798800044693,,0
P2_S1_B3_seed1002,S1,B3,"plant@(15.000,5.000)",1,r1.00_a060,60,1.0,15.5,5.866025403784438,True,True,True,5.3337370509375175,0.37131977500393987,,0
P2_S1_B3_seed1002,S1,B3,"plant@(15.000,5.000)",1,r1.20_a090,90,1.2,15.0,6.2,True,True,True,4.920928976680198,0.32313262301613577,,0
P2_S1_B3_seed1002,S1,B3,"plant@(15.000,5.000)",1,r1.20_a030,30,1.2,16.039230484541328,5.6,True,True,True,5.078093773881661,0.3643457499856595,,0
P2_S1_B3_seed1002,S1,B3,"plant@(15.000,5.000)",1,r1.20_a060,60,1.2,15.6,6.039230484541326,True,True,True,5.467348151115661,0.3740103669988457,,0
P2_S1_B3_seed1002,S1,B3,"plant@(15.000,5.000)",1,r1.00_a240,240,1.0,14.5,4.133974596215562,False,True,False,,0.17169052301323973,path_infeasible_under_safety_checks,0
P2_S1_B3_seed1002,S1,B3,"plant@(15.000,5.000)",1,r1.00_a210,210,1.0,14.13397459621556,4.5,False,True,False,,0.20262694501434453,path_infeasible_under_safety_checks,0
P2_S1_B3_seed1002,S1,B3,"plant@(15.000,5.000)",1,r0.80_a240,240,0.8,14.6,4.307179676972449,False,True,False,,0.2001504680083599,path_infeasible_under_safety_checks,0
P2_S1_B3_seed1002,S1,B3,"plant@(15.000,5.000)",1,r1.00_a270,270,1.0,15.0,4.0,False,True,False,,0.20939531599287875,path_infeasible_under_safety_checks,0
P2_S1_B3_seed1002,S1,B3,"plant@(15.000,5.000)",1,r0.80_a210,210,0.8,14.30717967697245,4.6,False,True,False,,0.234468728012871,path_infeasible_under_safety_checks,0
P2_S1_B3_seed1003,S1,B3,"plant@(2.000,3.000)",1,r1.20_a240,240,1.2,1.3999999999999995,1.960769515458674,True,True,True,2.4021980321074725,0.19166549199144356,,1
P2_S1_B3_seed1003,S1,B3,"plant@(2.000,3.000)",1,r1.20_a210,210,1.2,0.9607695154586737,2.4,True,True,True,2.5982584977119902,0.21877148901694454,,0
P2_S1_B3_seed1003,S1,B3,"plant@(2.000,3.000)",1,r1.00_a240,240,1.0,1.4999999999999996,2.1339745962155616,True,True,True,2.602031634036085,0.20065890598925762,,0
P2_S1_B3_seed1003,S1,B3,"plant@(2.000,3.000)",1,r1.20_a270,270,1.2,1.9999999999999998,1.8,True,True,True,2.6786582306225384,0.21196909600985236,,0
P2_S1_B3_seed1003,S1,B3,"plant@(2.000,3.000)",1,r1.00_a210,210,1.0,1.1339745962155614,2.5,True,True,True,2.74531223429477,0.22119067699532025,,0
P2_S1_B3_seed1003,S1,B3,"plant@(2.000,3.000)",1,r0.80_a240,240,0.8,1.5999999999999996,2.3071796769724493,True,True,True,2.803764317979718,0.22566286200890318,,0
P2_S1_B3_seed1003,S1,B3,"plant@(2.000,3.000)",1,r1.00_a270,270,1.0,1.9999999999999998,2.0,True,True,True,2.816025931651265,0.21885325299808756,,0
P2_S1_B3_seed1003,S1,B3,"plant@(2.000,3.000)",1,r0.80_a210,210,0.8,1.307179676972449,2.5999999999999996,True,True,True,2.9198346466490075,0.23906209698179737,,0
P2_S1_B3_seed1003,S1,B3,"plant@(2.000,3.000)",1,r0.80_a270,270,0.8,1.9999999999999998,2.2,True,True,True,2.96247563771313,0.32791796000674367,,0
P2_S1_B3_seed1003,S1,B3,"plant@(2.000,3.000)",1,r1.20_a180,180,1.2,0.8,3.0,True,True,True,3.1847430226150277,0.243234844005201,,0
P2_S1_B3_seed1003,S1,B3,"plant@(2.000,3.000)",1,r1.00_a180,180,1.0,1.0,3.0,True,True,True,3.169875174869212,0.2503647920093499,,0
P2_S1_B3_seed1003,S1,B3,"plant@(2.000,3.000)",1,r0.80_a180,180,0.8,1.2,3.0,True,True,True,3.2416304739555724,0.25532307699904777,,0
P2_S1_B3_seed1003,S1,B3,"plant@(2.000,3.000)",1,r1.20_a300,300,1.2,2.6,1.9607695154586737,True,True,True,3.2493641108315225,0.255514342978131,,0
P2_S1_B3_seed1003,S1,B3,"plant@(2.000,3.000)",1,r1.00_a300,300,1.0,2.5,2.1339745962155616,True,True,True,3.2803082874835803,0.3089166120043956,,0
P2_S1_B3_seed1003,S1,B3,"plant@(2.000,3.000)",1,r0.80_a300,300,0.8,2.4000000000000004,2.3071796769724493,True,True,True,3.3238474265494395,0.2720068319758866,,0
P2_S1_B3_seed1003,S1,B3,"plant@(2.000,3.000)",1,r0.80_a150,150,0.8,1.3071796769724489,3.4,True,True,True,3.697423411089156,0.2709255180088803,,0
P2_S1_B3_seed1003,S1,B3,"plant@(2.000,3.000)",1,r1.00_a150,150,1.0,1.1339745962155612,3.5,True,True,True,3.688042177210573,0.28145548899192363,,0
P2_S1_B3_seed1003,S1,B3,"plant@(2.000,3.000)",1,r1.20_a150,150,1.2,0.9607695154586735,3.5999999999999996,True,True,True,3.7664397493190878,0.2945082319783978,,0
P2_S1_B3_seed1003,S1,B3,"plant@(2.000,3.000)",1,r0.80_a330,330,0.8,2.6928203230275507,2.5999999999999996,True,True,True,3.7670170039224296,0.29453128698514774,,0
P2_S1_B3_seed1003,S1,B3,"plant@(2.000,3.000)",1,r1.00_a330,330,1.0,2.8660254037844384,2.4999999999999996,True,True,True,3.8177101866375125,0.2895581139891874,,0
P2_S1_B3_seed1003,S1,B3,"plant@(2.000,3.000)",1,r1.20_a330,330,1.2,3.039230484541326,2.3999999999999995,True,True,True,3.862814351084195,0.3033989900141023,,0
P2_S1_B3_seed1003,S1,B3,"plant@(2.000,3.000)",1,r0.80_a000,0,0.8,2.8,3.0,True,True,True,4.198710423429075,0.30912409600568935,,0
P2_S1_B3_seed1003,S1,B3,"plant@(2.000,3.000)",1,r1.00_a120,120,1.0,1.5000000000000002,3.866025403784439,True,True,True,4.349087003878647,0.3377704479789827,,0
P2_S1_B3_seed1003,S1,B3,"plant@(2.000,3.000)",1,r1.00_a000,0,1.0,3.0,3.0,True,True,True,4.262439227569819,0.3191528029856272,,0
P2_S1_B3_seed1003,S1,B3,"plant@(2.000,3.000)",1,r1.20_a120,120,1.2,1.4000000000000004,4.039230484541326,True,True,True,4.307100999716338,0.31783870098297484,,0
P2_S1_B3_seed1003,S1,B3,"plant@(2.000,3.000)",1,r0.80_a030,30,0.8,2.692820323027551,3.4,True,True,True,4.6843439254528665,0.34944245900260285,,0
P2_S1_B3_seed1003,S1,B3,"plant@(2.000,3.000)",1,r1.20_a000,0,1.2,3.2,3.0,True,True,True,4.391661197065614,0.38543093801126815,,0
P2_S1_B3_seed1003,S1,B3,"plant@(2.000,3.000)",1,r1.00_a090,90,1.0,2.0,4.0,True,True,True,4.93275588851247,0.38855222502024844,,0
P2_S1_B3_seed1003,S1,B3,"plant@(2.000,3.000)",1,r1.00_a030,30,1.0,2.866025403784439,3.5,True,True,True,4.733839035284139,0.37477978999959305,,0
P2_S1_B3_seed1003,S1,B3,"plant@(2.000,3.000)",1,r1.00_a060,60,1.0,2.5,3.8660254037844384,True,True,True,5.290531886297779,0.44538794600521214,,0
P2_S1_B3_seed1003,S1,B3,"plant@(2.000,3.000)",1,r1.20_a090,90,1.2,2.0,4.2,True,True,True,4.937109901060667,0.417084283020813,,0
P2_S1_B3_seed1003,S1,B3,"plant@(2.000,3.000)",1,r1.20_a030,30,1.2,3.0392304845413265,3.5999999999999996,True,True,True,4.865006267629385,0.4568088270025328,,0
P2_S1_B3_seed1003,S1,B3,"plant@(12.000,2.000)",1,r1.20_a240,240,1.2,11.399999999999999,0.960769515458674,True,True,True,14.280689097641332,0.37122094101505354,,1
P2_S1_B3_seed1003,S1,B3,"plant@(12.000,2.000)",1,r1.20_a090,90,1.2,12.0,3.2,True,True,True,16.821834819086117,0.3197012300079223,,0
P2_S1_B3_seed1003,S1,B3,"plant@(12.000,2.000)",1,r0.80_a060,60,0.8,12.4,2.6928203230275507,True,True,True,17.30221285439628,0.3563672219752334,,0
P2_S1_B3_seed1003,S1,B3,"plant@(12.000,2.000)",1,r1.00_a060,60,1.0,12.5,2.8660254037844384,True,True,True,17.199760275844167,0.3198969090008177,,0
P2_S1_B3_seed1003,S1,B3,"plant@(12.000,2.000)",1,r1.20_a060,60,1.2,12.6,3.039230484541326,True,True,True,17.1630046518758,0.3254748669860419,,0
P2_S1_B3_seed1003,S1,B3,"plant@(12.000,2.000)",1,r0.80_a030,30,0.8,12.69282032302755,2.4,True,True,True,17.657648470194616,0.33492638598545454,,0
P2_S1_B3_seed1003,S1,B3,"plant@(12.000,2.000)",1,r0.80_a330,330,0.8,12.69282032302755,1.5999999999999996,True,True,True,17.781570081414554,0.3607449720147997,,0
P2_S1_B3_seed1003,S1,B3,"plant@(12.000,2.000)",1,r0.80_a000,0,0.8,12.8,2.0,True,True,True,18.03954255468704,0.3332100049883593,,0
P2_S1_B3_seed1003,S1,B3,"plant@(12.000,2.000)",1,r1.00_a030,30,1.0,12.86602540378444,2.5,True,True,True,17.653057747985002,0.3253122530004475,,0
P2_S1_B3_seed1003,S1,B3,"plant@(12.000,2.000)",1,r1.00_a330,330,1.0,12.866025403784437,1.4999999999999996,True,True,True,17.673931720934323,0.3268468850001227,,0
P2_S1_B3_seed1003,S1,B3,"plant@(12.000,2.000)",1,r1.00_a000,0,1.0,13.0,2.0,True,True,True,18.122604534622617,0.2893058000190649,,0
P2_S1_B3_seed1003,S1,B3,"plant@(12.000,2.000)",1,r1.20_a030,30,1.2,13.039230484541326,2.5999999999999996,True,True,True,17.67772211061198,0.32538905399269424,,0
P2_S1_B3_seed1003,S1,B3,"plant@(12.000,2.000)",1,r1.20_a330,330,1.2,13.039230484541326,1.3999999999999995,True,True,True,17.56140534772121,0.32581591699272394,,0
P2_S1_B3_seed1003,S1,B3,"plant@(12.000,2.000)",1,r1.20_a000,0,1.2,13.2,2.0,True,True,True,18.106242167803043,0.2887985589914024,,0
P2_S1_B3_seed1003,S1,B3,"plant@(12.000,2.000)",1,r1.20_a180,180,1.2,10.8,2.0,False,True,False,,0.30095079098828137,path_infeasible_under_safety_checks,0
P2_S1_B3_seed1003,S1,B3,"plant@(12.000,2.000)",1,r1.20_a150,150,1.2,10.960769515458674,2.5999999999999996,False,True,False,,0.2782552620046772,path_infeasible_under_safety_checks,0
P2_S1_B3_seed1003,S1,B3,"plant@(12.000,2.000)",1,r1.20_a210,210,1.2,10.960769515458674,1.4,False,True,False,,0.36470634199213237,path_infeasible_under_safety_checks,0
P2_S1_B3_seed1003,S1,B3,"plant@(12.000,2.000)",1,r1.00_a180,180,1.0,11.0,2.0,False,True,False,,0.3643120600027032,path_infeasible_under_safety_checks,0
P2_S1_B3_seed1003,S1,B3,"plant@(12.000,2.000)",1,r1.00_a150,150,1.0,11.13397459621556,2.5,False,True,False,,0.27863038299256004,path_infeasible_under_safety_checks,0
P2_S1_B3_seed1003,S1,B3,"plant@(12.000,2.000)",1,r1.00_a210,210,1.0,11.13397459621556,1.5,False,True,False,,0.3500490660080686,path_infeasible_under_safety_checks,0
P2_S1_B3_seed1003,S1,B3,"plant@(12.000,2.000)",1,r0.80_a180,180,0.8,11.2,2.0,False,True,False,,0.27443883300293237,path_infeasible_under_safety_checks,0
P2_S1_B3_seed1003,S1,B3,"plant@(12.000,2.000)",1,r0.80_a150,150,0.8,11.30717967697245,2.4,False,True,False,,0.27757792902411893,path_infeasible_under_safety_checks,0
P2_S1_B3_seed1003,S1,B3,"plant@(12.000,2.000)",1,r0.80_a210,210,0.8,11.30717967697245,1.5999999999999999,False,True,False,,0.38097650901181623,path_infeasible_under_safety_checks,0
P2_S1_B3_seed1003,S1,B3,"plant@(12.000,2.000)",1,r1.20_a120,120,1.2,11.4,3.0392304845413265,False,True,False,,0.3082486200146377,path_infeasible_under_safety_checks,0
P2_S1_B3_seed1003,S1,B3,"plant@(12.000,2.000)",1,r1.00_a120,120,1.0,11.5,2.866025403784439,False,True,False,,0.3382492230157368,path_infeasible_under_safety_checks,0
P2_S1_B3_seed1003,S1,B3,"plant@(12.000,2.000)",1,r1.00_a240,240,1.0,11.5,1.1339745962155616,False,True,False,,0.3267074690083973,path_infeasible_under_safety_checks,0
P2_S1_B3_seed1003,S1,B3,"plant@(12.000,2.000)",1,r0.80_a120,120,0.8,11.6,2.692820323027551,False,True,False,,0.3896354789903853,path_infeasible_under_safety_checks,0
P2_S1_B3_seed1003,S1,B3,"plant@(12.000,2.000)",1,r0.80_a240,240,0.8,11.6,1.3071796769724493,False,True,False,,0.38949612400028855,path_infeasible_under_safety_checks,0
P2_S1_B3_seed1003,S1,B3,"plant@(12.000,2.000)",1,r0.80_a090,90,0.8,12.0,2.8,False,True,False,,0.3301848259870894,path_infeasible_under_safety_checks,0
P2_S1_B3_seed1003,S1,B3,"plant@(12.000,2.000)",1,r1.00_a090,90,1.0,12.0,3.0,False,True,False,,0.312955613975646,path_infeasible_under_safety_checks,0
P2_S1_B3_seed1003,S1,B3,"plant@(12.000,2.000)",1,r0.80_a270,270,0.8,12.0,1.2,False,True,False,,0.3559289980039466,path_infeasible_under_safety_checks,0
P2_S1_B3_seed1003,S1,B3,"plant@(12.000,2.000)",1,r1.00_a270,270,1.0,12.0,1.0,False,True,False,,0.35108087697881274,path_infeasible_under_safety_checks,0
P2_S1_B3_seed1003,S1,B3,"plant@(15.000,5.000)",1,r1.20_a240,240,1.2,14.399999999999999,3.960769515458674,True,True,True,9.789657743822623,0.26240540499566123,,0
P2_S1_B3_seed1003,S1,B3,"plant@(15.000,5.000)",1,r1.20_a210,210,1.2,13.960769515458674,4.4,True,True,True,10.293976637865587,0.2797527049842756,,0
P2_S1_B3_seed1003,S1,B3,"plant@(15.000,5.000)",1,r1.20_a270,270,1.2,15.0,3.8,True,True,True,9.70173673452221,0.26792883401503786,,1
P2_S1_B3_seed1003,S1,B3,"plant@(15.000,5.000)",1,r1.20_a180,180,1.2,13.8,5.0,True,True,True,11.081740552226076,0.33264944099937566,,0
P2_S1_B3_seed1003,S1,B3,"plant@(15.000,5.000)",1,r1.00_a180,180,1.0,14.0,5.0,True,True,True,11.207654383828489,0.2929291480104439,,0
P2_S1_B3_seed1003,S1,B3,"plant@(15.000,5.000)",1,r1.20_a300,300,1.2,15.6,3.960769515458674,True,True,True,10.12913866233287,0.2740824290085584,,0
P2_S1_B3_seed1003,S1,B3,"plant@(15.000,5.000)",1,r0.80_a150,150,0.8,14.30717967697245,5.4,True,True,True,11.72868074824118,0.3134648429986555,,0
P2_S1_B3_seed1003,S1,B3,"plant@(15.000,5.000)",1,r1.00_a150,150,1.0,14.13397459621556,5.5,True,True,True,11.640055085830703,0.30233823900925927,,0
P2_S1_B3_seed1003,S1,B3,"plant@(15.000,5.000)",1,r1.20_a150,150,1.2,13.960769515458674,5.6,True,True,True,11.880639605741559,0.3160802249913104,,0
P2_S1_B3_seed1003,S1,B3,"plant@(15.000,5.000)",1,r0.80_a330,330,0.8,15.69282032302755,4.6,True,True,False,,0.29453605102025904,path_infeasible_under_safety_checks,0
P2_S1_B3_seed1003,S1,B3,"plant@(15.000,5.000)",1,r1.00_a330,330,1.0,15.866025403784437,4.5,True,True,True,10.821473167455546,0.29236242099432275,,0
P2_S1_B3_seed1003,S1,B3,"plant@(15.000,5.000)",1,r1.20_a330,330,1.2,16.039230484541328,4.3999999999999995,True,True,True,10.709185662191482,0.2934420550009236,,0
P2_S1_B3_seed1003,S1,B3,"plant@(15.000,5.000)",1,r0.80_a120,120,0.8,14.6,5.692820323027551,True,True,True,12.19055695560926,0.24918962101219222,,0
P2_S1_B3_seed1003,S1,B3,"plant@(15.000,5.000)",1,r1.00_a120,120,1.0,14.5,5.866025403784438,True,True,True,12.393694250137656,0.266726153990021,,0
P2_S1_B3_seed1003,S1,B3,"plant@(15.000,5.000)",1,r0.80_a000,0,0.8,15.8,5.0,True,True,True,11.401400055200792,0.3115448070166167,,0
P2_S1_B3_seed1003,S1,B3,"plant@(15.000,5.000)",1,r1.20_a120,120,1.2,14.4,6.039230484541326,True,True,True,12.516064870917937,0.27023298098356463,,0
P2_S1_B3_seed1003,S1,B3,"plant@(15.000,5.000)",1,r1.00_a000,0,1.0,16.0,5.0,True,True,True,11.337081345037614,0.31984374500461854,,0
P2_S1_B3_seed1003,S1,B3,"plant@(15.000,5.000)",1,r0.80_a090,90,0.8,15.0,5.8,True,True,True,12.810492680105378,0.26274238200858235,,0
P2_S1_B3_seed1003,S1,B3,"plant@(15.000,5.000)",1,r0.80_a030,30,0.8,15.69282032302755,5.4,True,True,True,11.885130197900876,0.32023742800811306,,0
P2_S1_B3_seed1003,S1,B3,"plant@(15.000,5.000)",1,r1.20_a000,0,1.2,16.2,5.0,True,True,True,11.318012255487737,0.3061988840054255,,0
P2_S1_B3_seed1003,S1,B3,"plant@(15.000,5.000)",1,r0.80_a060,60,0.8,15.4,5.692820323027551,True,True,True,12.279882481848356,0.2561326549912337,,0
P2_S1_B3_seed1003,S1,B3,"plant@(15.000,5.000)",1,r1.00_a090,90,1.0,15.0,6.0,True,True,True,12.765132637300146,0.27329630398890004,,0
P2_S1_B3_seed1003,S1,B3,"plant@(15.000,5.000)",1,r1.00_a030,30,1.0,15.86602540378444,5.5,True,True,True,11.834458048917586,0.31645066299824975,,0
P2_S1_B3_seed1003,S1,B3,"plant@(15.000,5.000)",1,r1.00_a060,60,1.0,15.5,5.866025403784438,True,True,True,12.431243185110349,0.27415768199716695,,0
P2_S1_B3_seed1003,S1,B3,"plant@(15.000,5.000)",1,r1.20_a090,90,1.2,15.0,6.2,True,True,True,12.974395810113336,0.27428769500693306,,0
P2_S1_B3_seed1003,S1,B3,"plant@(15.000,5.000)",1,r1.20_a030,30,1.2,16.039230484541328,5.6,True,True,True,12.031059478253635,0.26038232701830566,,0
P2_S1_B3_seed1003,S1,B3,"plant@(15.000,5.000)",1,r1.20_a060,60,1.2,15.6,6.039230484541326,True,True,True,12.610332098411915,0.27563152500079013,,0
P2_S1_B3_seed1003,S1,B3,"plant@(15.000,5.000)",1,r1.00_a240,240,1.0,14.5,4.133974596215562,False,True,False,,0.26113472701399587,path_infeasible_under_safety_checks,0
P2_S1_B3_seed1003,S1,B3,"plant@(15.000,5.000)",1,r1.00_a210,210,1.0,14.13397459621556,4.5,False,True,False,,0.2681939419999253,path_infeasible_under_safety_checks,0
P2_S1_B3_seed1003,S1,B3,"plant@(15.000,5.000)",1,r0.80_a240,240,0.8,14.6,4.307179676972449,False,True,False,,0.2811629679927137,path_infeasible_under_safety_checks,0
P2_S1_B3_seed1003,S1,B3,"plant@(15.000,5.000)",1,r1.00_a270,270,1.0,15.0,4.0,False,True,False,,0.29205711200484075,path_infeasible_under_safety_checks,0
P2_S1_B3_seed1003,S1,B3,"plant@(15.000,5.000)",1,r0.80_a210,210,0.8,14.30717967697245,4.6,False,True,False,,0.29777345998445526,path_infeasible_under_safety_checks,0
P2_S1_B3_seed1004,S1,B3,"plant@(2.000,3.000)",1,r1.20_a240,240,1.2,1.3999999999999995,1.960769515458674,True,True,True,2.4021980321074725,0.15490327501902357,,1
P2_S1_B3_seed1004,S1,B3,"plant@(2.000,3.000)",1,r1.20_a210,210,1.2,0.9607695154586737,2.4,True,True,True,2.5982584977119902,0.18473069000174291,,0
P2_S1_B3_seed1004,S1,B3,"plant@(2.000,3.000)",1,r1.00_a240,240,1.0,1.4999999999999996,2.1339745962155616,True,True,True,2.602031634036085,0.16861256500124,,0
P2_S1_B3_seed1004,S1,B3,"plant@(2.000,3.000)",1,r1.20_a270,270,1.2,1.9999999999999998,1.8,True,True,True,2.6786582306225384,0.17404839501250535,,0
P2_S1_B3_seed1004,S1,B3,"plant@(2.000,3.000)",1,r1.00_a210,210,1.0,1.1339745962155614,2.5,True,True,True,2.74531223429477,0.18615637300536036,,0
P2_S1_B3_seed1004,S1,B3,"plant@(2.000,3.000)",1,r0.80_a240,240,0.8,1.5999999999999996,2.3071796769724493,True,True,True,2.803764317979718,0.17506984999636188,,0
P2_S1_B3_seed1004,S1,B3,"plant@(2.000,3.000)",1,r1.00_a270,270,1.0,1.9999999999999998,2.0,True,True,True,2.816025931651265,0.1875112960115075,,0
P2_S1_B3_seed1004,S1,B3,"plant@(2.000,3.000)",1,r0.80_a210,210,0.8,1.307179676972449,2.5999999999999996,True,True,True,2.9198346466490075,0.1867092959873844,,0
P2_S1_B3_seed1004,S1,B3,"plant@(2.000,3.000)",1,r0.80_a270,270,0.8,1.9999999999999998,2.2,True,True,True,2.96247563771313,0.19825919999857433,,0
P2_S1_B3_seed1004,S1,B3,"plant@(2.000,3.000)",1,r1.20_a180,180,1.2,0.8,3.0,True,True,True,3.1847430226150277,0.20756155101116747,,0
P2_S1_B3_seed1004,S1,B3,"plant@(2.000,3.000)",1,r1.00_a180,180,1.0,1.0,3.0,True,True,True,3.169875174869212,0.20352289898437448,,0
P2_S1_B3_seed1004,S1,B3,"plant@(2.000,3.000)",1,r0.80_a180,180,0.8,1.2,3.0,True,True,True,3.2416304739555724,0.21370397898135707,,0
P2_S1_B3_seed1004,S1,B3,"plant@(2.000,3.000)",1,r1.20_a300,300,1.2,2.6,1.9607695154586737,True,True,True,3.2493641108315225,0.21251343199401163,,0
P2_S1_B3_seed1004,S1,B3,"plant@(2.000,3.000)",1,r1.00_a300,300,1.0,2.5,2.1339745962155616,True,True,True,3.2803082874835803,0.21632504000444897,,0
P2_S1_B3_seed1004,S1,B3,"plant@(2.000,3.000)",1,r0.80_a300,300,0.8,2.4000000000000004,2.3071796769724493,True,True,True,3.3238474265494395,0.21149389000493102,,0
P2_S1_B3_seed1004,S1,B3,"plant@(2.000,3.000)",1,r0.80_a150,150,0.8,1.3071796769724489,3.4,True,True,True,3.697423411089156,0.2568004740169272,,0
P2_S1_B3_seed1004,S1,B3,"plant@(2.000,3.000)",1,r1.00_a150,150,1.0,1.1339745962155612,3.5,True,True,True,3.688042177210573,0.24191807099850848,,0
P2_S1_B3_seed1004,S1,B3,"plant@(2.000,3.000)",1,r1.20_a150,150,1.2,0.9607695154586735,3.5999999999999996,True,True,True,3.7664397493190878,0.24052861600648612,,0
P2_S1_B3_seed1004,S1,B3,"plant@(2.000,3.000)",1,r0.80_a330,330,0.8,2.6928203230275507,2.5999999999999996,True,True,True,3.7670170039224296,0.23528849700232968,,0
P2_S1_B3_seed1004,S1,B3,"plant@(2.000,3.000)",1,r1.00_a330,330,1.0,2.8660254037844384,2.4999999999999996,True,True,True,3.8177101866375125,0.24782469900674187,,0
P2_S1_B3_seed1004,S1,B3,"plant@(2.000,3.000)",1,r1.20_a330,330,1.2,3.039230484541326,2.3999999999999995,True,True,True,3.862814351084195,0.2555381220008712,,0
P2_S1_B3_seed1004,S1,B3,"plant@(2.000,3.000)",1,r0.80_a000,0,0.8,2.8,3.0,True,True,True,4.198710423429075,0.25520199598395266,,0
P2_S1_B3_seed1004,S1,B3,"plant@(2.000,3.000)",1,r1.00_a120,120,1.0,1.5000000000000002,3.866025403784439,True,True,True,4.349087003878647,0.2739708500157576,,0
P2_S1_B3_seed1004,S1,B3,"plant@(2.000,3.000)",1,r1.00_a000,0,1.0,3.0,3.0,True,True,True,4.262439227569819,0.2715671859914437,,0
P2_S1_B3_seed1004,S1,B3,"plant@(2.000,3.000)",1,r1.20_a120,120,1.2,1.4000000000000004,4.039230484541326,True,True,True,4.307100999716338,0.2715773140080273,,0
P2_S1_B3_seed1004,S1,B3,"plant@(2.000,3.000)",1,r0.80_a030,30,0.8,2.692820323027551,3.4,True,True,True,4.6843439254528665,0.29817228100728244,,0
P2_S1_B3_seed1004,S1,B3,"plant@(2.000,3.000)",1,r1.20_a000,0,1.2,3.2,3.0,True,True,True,4.391661197065614,0.27811126501183026,,0
P2_S1_B3_seed1004,S1,B3,"plant@(2.000,3.000)",1,r1.00_a090,90,1.0,2.0,4.0,True,True,True,4.93275588851247,0.3137759629753418,,0
P2_S1_B3_seed1004,S1,B3,"plant@(2.000,3.000)",1,r1.00_a030,30,1.0,2.866025403784439,3.5,True,True,True,4.733839035284139,0.30443740301416256,,0
P2_S1_B3_seed1004,S1,B3,"plant@(2.000,3.000)",1,r1.00_a060,60,1.0,2.5,3.8660254037844384,True,True,True,5.290531886297779,0.3628246459993534,,0
P2_S1_B3_seed1004,S1,B3,"plant@(2.000,3.000)",1,r1.20_a090,90,1.2,2.0,4.2,True,True,True,4.937109901060667,0.3360050119808875,,0
P2_S1_B3_seed1004,S1,B3,"plant@(2.000,3.000)",1,r1.20_a030,30,1.2,3.0392304845413265,3.5999999999999996,True,True,True,4.865006267629385,0.3266269940068014,,0
P2_S1_B3_seed1004,S1,B3,"plant@(12.000,2.000)",1,r1.20_a240,240,1.2,11.399999999999999,0.960769515458674,True,True,True,14.244923145502648,0.2695994219975546,,1
P2_S1_B3_seed1004,S1,B3,"plant@(12.000,2.000)",1,r1.20_a090,90,1.2,12.0,3.2,True,True,True,16.816757812459418,0.28176787501433864,,0
P2_S1_B3_seed1004,S1,B3,"plant@(12.000,2.000)",1,r0.80_a060,60,0.8,12.4,2.6928203230275507,True,True,True,17.31217432905421,0.2732138790015597,,0
P2_S1_B3_seed1004,S1,B3,"plant@(12.000,2.000)",1,r1.00_a060,60,1.0,12.5,2.8660254037844384,True,True,True,17.328718434655023,0.26579662499716505,,0
P2_S1_B3_seed1004,S1,B3,"plant@(12.000,2.000)",1,r1.20_a060,60,1.2,12.6,3.039230484541326,True,True,True,17.03212800687902,0.2677622410119511,,0
P2_S1_B3_seed1004,S1,B3,"plant@(12.000,2.000)",1,r0.80_a030,30,0.8,12.69282032302755,2.4,True,True,True,17.826654552400015,0.2584834180015605,,0
P2_S1_B3_seed1004,S1,B3,"plant@(12.000,2.000)",1,r0.80_a330,330,0.8,12.69282032302755,1.5999999999999996,True,True,True,17.853391422368688,0.2685727060015779,,0
P2_S1_B3_seed1004,S1,B3,"plant@(12.000,2.000)",1,r0.80_a000,0,0.8,12.8,2.0,True,True,True,18.014331826144993,0.2771660369762685,,0
P2_S1_B3_seed1004,S1,B3,"plant@(12.000,2.000)",1,r1.00_a030,30,1.0,12.86602540378444,2.5,True,True,True,17.67608792587329,0.2848790980060585,,0
P2_S1_B3_seed1004,S1,B3,"plant@(12.000,2.000)",1,r1.00_a330,330,1.0,12.866025403784437,1.4999999999999996,True,True,True,17.570412042963007,0.28128796600503847,,0
P2_S1_B3_seed1004,S1,B3,"plant@(12.000,2.000)",1,r1.00_a000,0,1.0,13.0,2.0,True,True,True,18.0462908630043,0.24677252798574045,,0
P2_S1_B3_seed1004,S1,B3,"plant@(12.000,2.000)",1,r1.20_a030,30,1.2,13.039230484541326,2.5999999999999996,True,True,True,17.642407911092384,0.2831144279916771,,0
P2_S1_B3_seed1004,S1,B3,"plant@(12.000,2.000)",1,r1.20_a330,330,1.2,13.039230484541326,1.3999999999999995,True,True,True,17.474384034181078,0.2766676360042766,,0
P2_S1_B3_seed1004,S1,B3,"plant@(12.000,2.000)",1,r1.20_a000,0,1.2,13.2,2.0,True,True,True,17.983828032411424,0.2882283409999218,,0
P2_S1_B3_seed1004,S1,B3,"plant@(12.000,2.000)",1,r1.20_a180,180,1.2,10.8,2.0,False,True,False,,0.23291725700255483,path_infeasible_under_safety_checks,0
P2_S1_B3_seed1004,S1,B3,"plant@(12.000,2.000)",1,r1.20_a150,150,1.2,10.960769515458674,2.5999999999999996,False,True,False,,0.23949421499855816,path_infeasible_under_safety_checks,0
P2_S1_B3_seed1004,S1,B3,"plant@(12.000,2.000)",1,r1.20_a210,210,1.2,10.960769515458674,1.4,False,True,False,,0.28173980800784193,path_infeasible_under_safety_checks,0
P2_S1_B3_seed1004,S1,B3,"plant@(12.000,2.000)",1,r1.00_a180,180,1.0,11.0,2.0,False,True,False,,0.23340207399451174,path_infeasible_under_safety_checks,0
P2_S1_B3_seed1004,S1,B3,"plant@(12.000,2.000)",1,r1.00_a150,150,1.0,11.13397459621556,2.5,False,True,False,,0.24804940601461567,path_infeasible_under_safety_checks,0
P2_S1_B3_seed1004,S1,B3,"plant@(12.000,2.000)",1,r1.00_a210,210,1.0,11.13397459621556,1.5,False,True,False,,0.28931863099569455,path_infeasible_under_safety_checks,0
P2_S1_B3_seed1004,S1,B3,"plant@(12.000,2.000)",1,r0.80_a180,180,0.8,11.2,2.0,False,True,False,,0.23855483101215214,path_infeasible_under_safety_checks,0
P2_S1_B3_seed1004,S1,B3,"plant@(12.000,2.000)",1,r0.80_a150,150,0.8,11.30717967697245,2.4,False,True,False,,0.22975407799822278,path_infeasible_under_safety_checks,0
P2_S1_B3_seed1004,S1,B3,"plant@(12.000,2.000)",1,r0.80_a210,210,0.8,11.30717967697245,1.5999999999999999,False,True,False,,0.29829636099748313,path_infeasible_under_safety_checks,0
P2_S1_B3_seed1004,S1,B3,"plant@(12.000,2.000)",1,r1.20_a120,120,1.2,11.4,3.0392304845413265,False,True,False,,0.25869853698532097,path_infeasible_under_safety_checks,0
P2_S1_B3_seed1004,S1,B3,"plant@(12.000,2.000)",1,r1.00_a120,120,1.0,11.5,2.866025403784439,False,True,False,,0.317756652017124,path_infeasible_under_safety_checks,0
P2_S1_B3_seed1004,S1,B3,"plant@(12.000,2.000)",1,r1.00_a240,240,1.0,11.5,1.1339745962155616,False,True,False,,0.2768438019847963,path_infeasible_under_safety_checks,0
P2_S1_B3_seed1004,S1,B3,"plant@(12.000,2.000)",1,r0.80_a120,120,0.8,11.6,2.692820323027551,False,True,False,,0.27936853500432335,path_infeasible_under_safety_checks,0
P2_S1_B3_seed1004,S1,B3,"plant@(12.000,2.000)",1,r0.80_a240,240,0.8,11.6,1.3071796769724493,False,True,False,,0.2972345000016503,path_infeasible_under_safety_checks,0
P2_S1_B3_seed1004,S1,B3,"plant@(12.000,2.000)",1,r0.80_a090,90,0.8,12.0,2.8,False,True,False,,0.26453372501418926,path_infeasible_under_safety_checks,0
P2_S1_B3_seed1004,S1,B3,"plant@(12.000,2.000)",1,r1.00_a090,90,1.0,12.0,3.0,False,True,False,,0.27084154399926774,path_infeasible_under_safety_checks,0
P2_S1_B3_seed1004,S1,B3,"plant@(12.000,2.000)",1,r0.80_a270,270,0.8,12.0,1.2,False,True,False,,0.29373153700726107,path_infeasible_under_safety_checks,0
P2_S1_B3_seed1004,S1,B3,"plant@(12.000,2.000)",1,r1.00_a270,270,1.0,12.0,1.0,False,True,False,,0.29456864300300367,path_infeasible_under_safety_checks,0
P2_S1_B3_seed1004,S1,B3,"plant@(15.000,5.000)",1,r1.20_a180,180,1.2,13.8,5.0,True,True,True,15.780534531131423,0.28150437702424824,,0
P2_S1_B3_seed1004,S1,B3,"plant@(15.000,5.000)",1,r1.20_a210,210,1.2,13.960769515458674,4.4,True,True,True,16.384920840323637,0.2719656230183318,,0
P2_S1_B3_seed1004,S1,B3,"plant@(15.000,5.000)",1,r1.00_a180,180,1.0,14.0,5.0,True,True,True,16.13142698212891,0.2655467089789454,,0
P2_S1_B3_seed1004,S1,B3,"plant@(15.000,5.000)",1,r1.20_a150,150,1.2,13.960769515458674,5.6,True,True,True,15.65841902478564,0.25843317099497654,,1
P2_S1_B3_seed1004,S1,B3,"plant@(15.000,5.000)",1,r1.20_a240,240,1.2,14.399999999999999,3.960769515458674,True,True,True,17.205925403615264,0.28108742999029346,,0
P2_S1_B3_seed1004,S1,B3,"plant@(15.000,5.000)",1,r1.00_a150,150,1.0,14.13397459621556,5.5,True,True,True,15.862178528815098,0.2560737369931303,,0
P2_S1_B3_seed1004,S1,B3,"plant@(15.000,5.000)",1,r0.80_a150,150,0.8,14.30717967697245,5.4,True,True,True,16.1829857524971,0.26323312197928317,,0
P2_S1_B3_seed1004,S1,B3,"plant@(15.000,5.000)",1,r1.20_a120,120,1.2,14.4,6.039230484541326,True,True,True,15.819953364006947,0.26391067501390353,,0
P2_S1_B3_seed1004,S1,B3,"plant@(15.000,5.000)",1,r1.00_a120,120,1.0,14.5,5.866025403784438,True,True,True,15.99340261552118,0.26568162298644893,,0
P2_S1_B3_seed1004,S1,B3,"plant@(15.000,5.000)",1,r0.80_a120,120,0.8,14.6,5.692820323027551,True,True,True,16.19740899068728,0.2734845660161227,,0
P2_S1_B3_seed1004,S1,B3,"plant@(15.000,5.000)",1,r1.20_a270,270,1.2,15.0,3.8,True,True,True,18.10644952834425,0.330542718002107,,0
P2_S1_B3_seed1004,S1,B3,"plant@(15.000,5.000)",1,r0.80_a090,90,0.8,15.0,5.8,True,True,True,16.536181721964237,0.2963928119861521,,0
P2_S1_B3_seed1004,S1,B3,"plant@(15.000,5.000)",1,r1.00_a090,90,1.0,15.0,6.0,True,True,True,16.78413078709208,0.26411049099988304,,0
P2_S1_B3_seed1004,S1,B3,"plant@(15.000,5.000)",1,r1.20_a090,90,1.2,15.0,6.2,True,True,True,16.33103911253722,0.28478545098914765,,0
P2_S1_B3_seed1004,S1,B3,"plant@(15.000,5.000)",1,r1.20_a300,300,1.2,15.6,3.960769515458674,True,True,True,18.775352411537533,0.2770352550141979,,0
P2_S1_B3_seed1004,S1,B3,"plant@(15.000,5.000)",1,r0.80_a060,60,0.8,15.4,5.692820323027551,True,True,True,17.100553456490793,0.3009811499796342,,0
P2_S1_B3_seed1004,S1,B3,"plant@(15.000,5.000)",1,r0.80_a330,330,0.8,15.69282032302755,4.6,True,True,False,,0.2728148419992067,path_infeasible_under_safety_checks,0
P2_S1_B3_seed1004,S1,B3,"plant@(15.000,5.000)",1,r1.00_a060,60,1.0,15.5,5.866025403784438,True,True,True,17.45513512555626,0.2866147960012313,,0
P2_S1_B3_seed1004,S1,B3,"plant@(15.000,5.000)",1,r0.80_a030,30,0.8,15.69282032302755,5.4,True,True,True,17.382688113490158,0.30087953398469836,,0
P2_S1_B3_seed1004,S1,B3,"plant@(15.000,5.000)",1,r1.00_a330,330,1.0,15.866025403784437,4.5,True,True,True,18.29550132275439,0.2742517020087689,,0
P2_S1_B3_seed1004,S1,B3,"plant@(15.000,5.000)",1,r0.80_a000,0,0.8,15.8,5.0,True,True,True,17.763798011429536,0.31091606701374985,,0
P2_S1_B3_seed1004,S1,B3,"plant@(15.000,5.000)",1,r1.20_a060,60,1.2,15.6,6.039230484541326,True,True,True,17.069957698632887,0.28694798398646526,,0
P2_S1_B3_seed1004,S1,B3,"plant@(15.000,5.000)",1,r1.20_a330,330,1.2,16.039230484541328,4.3999999999999995,True,True,True,18.4946096130613,0.279542517993832,,0
P2_S1_B3_seed1004,S1,B3,"plant@(15.000,5.000)",1,r1.00_a030,30,1.0,15.86602540378444,5.5,True,True,True,17.440018626287237,0.29905153799336404,,0
P2_S1_B3_seed1004,S1,B3,"plant@(15.000,5.000)",1,r1.00_a000,0,1.0,16.0,5.0,True,True,True,17.757042440053084,0.3358316660160199,,0
P2_S1_B3_seed1004,S1,B3,"plant@(15.000,5.000)",1,r1.20_a030,30,1.2,16.039230484541328,5.6,True,True,True,17.662638175724044,0.29399693198502064,,0
P2_S1_B3_seed1004,S1,B3,"plant@(15.000,5.000)",1,r1.20_a000,0,1.2,16.2,5.0,True,True,True,18.003059054374848,0.28742406400851905,,0
P2_S1_B3_seed1004,S1,B3,"plant@(15.000,5.000)",1,r1.00_a210,210,1.0,14.13397459621556,4.5,False,True,False,,0.2774474599864334,path_infeasible_under_safety_checks,0
P2_S1_B3_seed1004,S1,B3,"plant@(15.000,5.000)",1,r0.80_a180,180,0.8,14.2,5.0,False,True,False,,0.2721573020098731,path_infeasible_under_safety_checks,0
P2_S1_B3_seed1004,S1,B3,"plant@(15.000,5.000)",1,r0.80_a210,210,0.8,14.30717967697245,4.6,False,True,False,,0.2931583060126286,path_infeasible_under_safety_checks,0
P2_S1_B3_seed1004,S1,B3,"plant@(15.000,5.000)",1,r1.00_a240,240,1.0,14.5,4.133974596215562,False,True,False,,0.3777234760054853,path_infeasible_under_safety_checks,0
P2_S1_B3_seed1004,S1,B3,"plant@(15.000,5.000)",1,r0.80_a240,240,0.8,14.6,4.307179676972449,False,True,False,,0.3467422490066383,path_infeasible_under_safety_checks,0
P2_S1_B3_seed1005,S1,B3,"plant@(2.000,3.000)",1,r1.20_a240,240,1.2,1.3999999999999995,1.960769515458674,True,True,True,2.4021980321074725,0.16187928401632234,,1
P2_S1_B3_seed1005,S1,B3,"plant@(2.000,3.000)",1,r1.20_a210,210,1.2,0.9607695154586737,2.4,True,True,True,2.5982584977119902,0.18605697801103815,,0
P2_S1_B3_seed1005,S1,B3,"plant@(2.000,3.000)",1,r1.00_a240,240,1.0,1.4999999999999996,2.1339745962155616,True,True,True,2.602031634036085,0.16341908401227556,,0
P2_S1_B3_seed1005,S1,B3,"plant@(2.000,3.000)",1,r1.20_a270,270,1.2,1.9999999999999998,1.8,True,True,True,2.6786582306225384,0.1750837649742607,,0
P2_S1_B3_seed1005,S1,B3,"plant@(2.000,3.000)",1,r1.00_a210,210,1.0,1.1339745962155614,2.5,True,True,True,2.74531223429477,0.17525989501154982,,0
P2_S1_B3_seed1005,S1,B3,"plant@(2.000,3.000)",1,r0.80_a240,240,0.8,1.5999999999999996,2.3071796769724493,True,True,True,2.803764317979718,0.1885047369869426,,0
P2_S1_B3_seed1005,S1,B3,"plant@(2.000,3.000)",1,r1.00_a270,270,1.0,1.9999999999999998,2.0,True,True,True,2.816025931651265,0.1881736719806213,,0
P2_S1_B3_seed1005,S1,B3,"plant@(2.000,3.000)",1,r0.80_a210,210,0.8,1.307179676972449,2.5999999999999996,True,True,True,2.9198346466490075,0.18199078299221583,,0
P2_S1_B3_seed1005,S1,B3,"plant@(2.000,3.000)",1,r0.80_a270,270,0.8,1.9999999999999998,2.2,True,True,True,2.96247563771313,0.19316181598696858,,0
P2_S1_B3_seed1005,S1,B3,"plant@(2.000,3.000)",1,r1.20_a180,180,1.2,0.8,3.0,True,True,True,3.1847430226150277,0.19559143099468201,,0
P2_S1_B3_seed1005,S1,B3,"plant@(2.000,3.000)",1,r1.00_a180,180,1.0,1.0,3.0,True,True,True,3.169875174869212,0.21617933301604353,,0
P2_S1_B3_seed1005,S1,B3,"plant@(2.000,3.000)",1,r0.80_a180,180,0.8,1.2,3.0,True,True,True,3.2416304739555724,0.21317353899939917,,0
P2_S1_B3_seed1005,S1,B3,"plant@(2.000,3.000)",1,r1.20_a300,300,1.2,2.6,1.9607695154586737,True,True,True,3.2493641108315225,0.20833469697390683,,0
P2_S1_B3_seed1005,S1,B3,"plant@(2.000,3.000)",1,r1.00_a300,300,1.0,2.5,2.1339745962155616,True,True,True,3.2803082874835803,0.21349661599379033,,0
P2_S1_B3_seed1005,S1,B3,"plant@(2.000,3.000)",1,r0.80_a300,300,0.8,2.4000000000000004,2.3071796769724493,True,True,True,3.3238474265494395,0.21974689501803368,,0
P2_S1_B3_seed1005,S1,B3,"plant@(2.000,3.000)",1,r0.80_a150,150,0.8,1.3071796769724489,3.4,True,True,True,3.697423411089156,0.24224525201134384,,0
P2_S1_B3_seed1005,S1,B3,"plant@(2.000,3.000)",1,r1.00_a150,150,1.0,1.1339745962155612,3.5,True,True,True,3.688042177210573,0.2313084719935432,,0
P2_S1_B3_seed1005,S1,B3,"plant@(2.000,3.000)",1,r1.20_a150,150,1.2,0.9607695154586735,3.5999999999999996,True,True,True,3.7664397493190878,0.2412730089854449,,0
P2_S1_B3_seed1005,S1,B3,"plant@(2.000,3.000)",1,r0.80_a330,330,0.8,2.6928203230275507,2.5999999999999996,True,True,True,3.7670170039224296,0.24250832200050354,,0
P2_S1_B3_seed1005,S1,B3,"plant@(2.000,3.000)",1,r1.00_a330,330,1.0,2.8660254037844384,2.4999999999999996,True,True,True,3.8177101866375125,0.25144826600444503,,0
P2_S1_B3_seed1005,S1,B3,"plant@(2.000,3.000)",1,r1.20_a330,330,1.2,3.039230484541326,2.3999999999999995,True,True,True,3.862814351084195,0.24632596198352985,,0
P2_S1_B3_seed1005,S1,B3,"plant@(2.000,3.000)",1,r0.80_a000,0,0.8,2.8,3.0,True,True,True,4.198710423429075,0.2628115639963653,,0
P2_S1_B3_seed1005,S1,B3,"plant@(2.000,3.000)",1,r1.00_a120,120,1.0,1.5000000000000002,3.866025403784439,True,True,True,4.349087003878647,0.27186366901150905,,0
P2_S1_B3_seed1005,S1,B3,"plant@(2.000,3.000)",1,r1.00_a000,0,1.0,3.0,3.0,True,True,True,4.262439227569819,0.2740225569868926,,0
P2_S1_B3_seed1005,S1,B3,"plant@(2.000,3.000)",1,r1.20_a120,120,1.2,1.4000000000000004,4.039230484541326,True,True,True,4.307100999716338,0.27105313999345526,,0
P2_S1_B3_seed1005,S1,B3,"plant@(2.000,3.000)",1,r0.80_a030,30,0.8,2.692820323027551,3.4,True,True,True,4.6843439254528665,0.3055874230049085,,0
P2_S1_B3_seed1005,S1,B3,"plant@(2.000,3.000)",1,r1.20_a000,0,1.2,3.2,3.0,True,True,True,4.391661197065614,0.28414842698839493,,0
P2_S1_B3_seed1005,S1,B3,"plant@(2.000,3.000)",1,r1.00_a090,90,1.0,2.0,4.0,True,True,True,4.93275588851247,0.31095979499514215,,0
P2_S1_B3_seed1005,S1,B3,"plant@(2.000,3.000)",1,r1.00_a030,30,1.0,2.866025403784439,3.5,True,True,True,4.733839035284139,0.30301581701496616,,0
P2_S1_B3_seed1005,S1,B3,"plant@(2.000,3.000)",1,r1.00_a060,60,1.0,2.5,3.8660254037844384,True,True,True,5.290531886297779,0.369276413024636,,0
P2_S1_B3_seed1005,S1,B3,"plant@(2.000,3.000)",1,r1.20_a090,90,1.2,2.0,4.2,True,True,True,4.937109901060667,0.3164867240120657,,0
P2_S1_B3_seed1005,S1,B3,"plant@(2.000,3.000)",1,r1.20_a030,30,1.2,3.0392304845413265,3.5999999999999996,True,True,True,4.865006267629385,0.3090016309870407,,0
P2_S1_B3_seed1005,S1,B3,"plant@(12.000,2.000)",1,r1.20_a240,240,1.2,11.399999999999999,0.960769515458674,True,True,True,14.244923145502648,0.2745056329877116,,1
P2_S1_B3_seed1005,S1,B3,"plant@(12.000,2.000)",1,r1.20_a090,90,1.2,12.0,3.2,True,True,True,16.816757812459418,0.26973022997844964,,0
P2_S1_B3_seed1005,S1,B3,"plant@(12.000,2.000)",1,r0.80_a060,60,0.8,12.4,2.6928203230275507,True,True,True,17.31217432905421,0.2701621069863904,,0
P2_S1_B3_seed1005,S1,B3,"plant@(12.000,2.000)",1,r1.00_a060,60,1.0,12.5,2.8660254037844384,True,True,True,17.328718434655023,0.27301807299954817,,0
P2_S1_B3_seed1005,S1,B3,"plant@(12.000,2.000)",1,r1.20_a060,60,1.2,12.6,3.039230484541326,True,True,True,17.03212800687902,0.26855865799007006,,0
P2_S1_B3_seed1005,S1,B3,"plant@(12.000,2.000)",1,r0.80_a030,30,0.8,12.69282032302755,2.4,True,True,True,17.826654552400015,0.25240283098537475,,0
P2_S1_B3_seed1005,S1,B3,"plant@(12.000,2.000)",1,r0.80_a330,330,0.8,12.69282032302755,1.5999999999999996,True,True,True,17.853391422368688,0.2781067789765075,,0
P2_S1_B3_seed1005,S1,B3,"plant@(12.000,2.000)",1,r0.80_a000,0,0.8,12.8,2.0,True,True,True,18.014331826144993,0.2804739179846365,,0
P2_S1_B3_seed1005,S1,B3,"plant@(12.000,2.000)",1,r1.00_a030,30,1.0,12.86602540378444,2.5,True,True,True,17.67608792587329,0.3050473079783842,,0
P2_S1_B3_seed1005,S1,B3,"plant@(12.000,2.000)",1,r1.00_a330,330,1.0,12.866025403784437,1.4999999999999996,True,True,True,17.570412042963007,0.28156395800760947,,0
P2_S1_B3_seed1005,S1,B3,"plant@(12.000,2.000)",1,r1.00_a000,0,1.0,13.0,2.0,True,True,True,18.0462908630043,0.24655671801883727,,0
P2_S1_B3_seed1005,S1,B3,"plant@(12.000,2.000)",1,r1.20_a030,30,1.2,13.039230484541326,2.5999999999999996,True,True,True,17.642407911092384,0.27905327500775456,,0
P2_S1_B3_seed1005,S1,B3,"plant@(12.000,2.000)",1,r1.20_a330,330,1.2,13.039230484541326,1.3999999999999995,True,True,True,17.474384034181078,0.28400033101206645,,0
P2_S1_B3_seed1005,S1,B3,"plant@(12.000,2.000)",1,r1.20_a000,0,1.2,13.2,2.0,True,True,True,17.983828032411424,0.28809896399616264,,0
P2_S1_B3_seed1005,S1,B3,"plant@(12.000,2.000)",1,r1.20_a180,180,1.2,10.8,2.0,False,True,False,,0.23058807602501474,path_infeasible_under_safety_checks,0
P2_S1_B3_seed1005,S1,B3,"plant@(12.000,2.000)",1,r1.20_a150,150,1.2,10.960769515458674,2.5999999999999996,False,True,False,,0.23987167500308715,path_infeasible_under_safety_checks,0
P2_S1_B3_seed1005,S1,B3,"plant@(12.000,2.000)",1,r1.20_a210,210,1.2,10.960769515458674,1.4,False,True,False,,0.2953304010152351,path_infeasible_under_safety_checks,0
P2_S1_B3_seed1005,S1,B3,"plant@(12.000,2.000)",1,r1.00_a180,180,1.0,11.0,2.0,False,True,False,,0.24678599700564519,path_infeasible_under_safety_checks,0
P2_S1_B3_seed1005,S1,B3,"plant@(12.000,2.000)",1,r1.00_a150,150,1.0,11.13397459621556,2.5,False,True,False,,0.2363683959993068,path_infeasible_under_safety_checks,0
P2_S1_B3_seed1005,S1,B3,"plant@(12.000,2.000)",1,r1.00_a210,210,1.0,11.13397459621556,1.5,False,True,False,,0.29555709499982186,path_infeasible_under_safety_checks,0
P2_S1_B3_seed1005,S1,B3,"plant@(12.000,2.000)",1,r0.80_a180,180,0.8,11.2,2.0,False,True,False,,0.23752795599284582,path_infeasible_under_safety_checks,0
P2_S1_B3_seed1005,S1,B3,"plant@(12.000,2.000)",1,r0.80_a150,150,0.8,11.30717967697245,2.4,False,True,False,,0.2368470340152271,path_infeasible_under_safety_checks,0
P2_S1_B3_seed1005,S1,B3,"plant@(12.000,2.000)",1,r0.80_a210,210,0.8,11.30717967697245,1.5999999999999999,False,True,False,,0.2980270519910846,path_infeasible_under_safety_checks,0
P2_S1_B3_seed1005,S1,B3,"plant@(12.000,2.000)",1,r1.20_a120,120,1.2,11.4,3.0392304845413265,False,True,False,,0.29528742798720486,path_infeasible_under_safety_checks,0
P2_S1_B3_seed1005,S1,B3,"plant@(12.000,2.000)",1,r1.00_a120,120,1.0,11.5,2.866025403784439,False,True,False,,0.29176262201508507,path_infeasible_under_safety_checks,0
P2_S1_B3_seed1005,S1,B3,"plant@(12.000,2.000)",1,r1.00_a240,240,1.0,11.5,1.1339745962155616,False,True,False,,0.2758942320069764,path_infeasible_under_safety_checks,0
P2_S1_B3_seed1005,S1,B3,"plant@(12.000,2.000)",1,r0.80_a120,120,0.8,11.6,2.692820323027551,False,True,False,,0.2917320870037656,path_infeasible_under_safety_checks,0
P2_S1_B3_seed1005,S1,B3,"plant@(12.000,2.000)",1,r0.80_a240,240,0.8,11.6,1.3071796769724493,False,True,False,,0.3032583410094958,path_infeasible_under_safety_checks,0
P2_S1_B3_seed1005,S1,B3,"plant@(12.000,2.000)",1,r0.80_a090,90,0.8,12.0,2.8,False,True,False,,0.27238161899731494,path_infeasible_under_safety_checks,0
P2_S1_B3_seed1005,S1,B3,"plant@(12.000,2.000)",1,r1.00_a090,90,1.0,12.0,3.0,False,True,False,,0.2699341469851788,path_infeasible_under_safety_checks,0
P2_S1_B3_seed1005,S1,B3,"plant@(12.000,2.000)",1,r0.80_a270,270,0.8,12.0,1.2,False,True,False,,0.29801542902714573,path_infeasible_under_safety_checks,0
P2_S1_B3_seed1005,S1,B3,"plant@(12.000,2.000)",1,r1.00_a270,270,1.0,12.0,1.0,False,True,False,,0.2920954480068758,path_infeasible_under_safety_checks,0
P2_S1_B3_seed1005,S1,B3,"plant@(15.000,5.000)",1,r1.20_a240,240,1.2,14.399999999999999,3.960769515458674,True,True,True,2.269304071166384,0.1791509189934004,,1
P2_S1_B3_seed1005,S1,B3,"plant@(15.000,5.000)",1,r1.20_a210,210,1.2,13.960769515458674,4.4,True,True,True,2.494670722946376,0.19503488799091429,,0
P2_S1_B3_seed1005,S1,B3,"plant@(15.000,5.000)",1,r1.20_a270,270,1.2,15.0,3.8,True,True,True,2.580429852679008,0.19348748101037927,,0
P2_S1_B3_seed1005,S1,B3,"plant@(15.000,5.000)",1,r1.20_a180,180,1.2,13.8,5.0,True,True,True,3.0072057511621773,0.2355382129899226,,0
P2_S1_B3_seed1005,S1,B3,"plant@(15.000,5.000)",1,r1.00_a180,180,1.0,14.0,5.0,True,True,True,3.19793520277039,0.23209336900617927,,0
P2_S1_B3_seed1005,S1,B3,"plant@(15.000,5.000)",1,r1.20_a300,300,1.2,15.6,3.960769515458674,True,True,True,3.247021356956137,0.2367719440080691,,0
P2_S1_B3_seed1005,S1,B3,"plant@(15.000,5.000)",1,r0.80_a150,150,0.8,14.30717967697245,5.4,True,True,True,3.7733195105891557,0.285855398979038,,0
P2_S1_B3_seed1005,S1,B3,"plant@(15.000,5.000)",1,r1.00_a150,150,1.0,14.13397459621556,5.5,True,True,True,3.6727412687695313,0.2760878679982852,,0
P2_S1_B3_seed1005,S1,B3,"plant@(15.000,5.000)",1,r0.80_a330,330,0.8,15.69282032302755,4.6,True,True,False,,0.31574042700231075,path_infeasible_under_safety_checks,0
P2_S1_B3_seed1005,S1,B3,"plant@(15.000,5.000)",1,r1.20_a150,150,1.2,13.960769515458674,5.6,True,True,True,3.630951473819941,0.2794744910206646,,0
P2_S1_B3_seed1005,S1,B3,"plant@(15.000,5.000)",1,r1.00_a330,330,1.0,15.866025403784437,4.5,True,True,True,3.909767949738167,0.2981304730055854,,0
P2_S1_B3_seed1005,S1,B3,"plant@(15.000,5.000)",1,r1.20_a330,330,1.2,16.039230484541328,4.3999999999999995,True,True,True,3.806447100225732,0.2956117150024511,,0
P2_S1_B3_seed1005,S1,B3,"plant@(15.000,5.000)",1,r0.80_a120,120,0.8,14.6,5.692820323027551,True,True,True,4.2990265437678845,0.31926247899536975,,0
P2_S1_B3_seed1005,S1,B3,"plant@(15.000,5.000)",1,r0.80_a000,0,0.8,15.8,5.0,True,True,True,4.500137159920084,0.32724212601897307,,0
P2_S1_B3_seed1005,S1,B3,"plant@(15.000,5.000)",1,r1.00_a120,120,1.0,14.5,5.866025403784438,True,True,True,4.233921232211339,0.3038310899864882,,0
P2_S1_B3_seed1005,S1,B3,"plant@(15.000,5.000)",1,r1.00_a000,0,1.0,16.0,5.0,True,True,True,4.437217761878707,0.3342926930054091,,0
P2_S1_B3_seed1005,S1,B3,"plant@(15.000,5.000)",1,r1.20_a120,120,1.2,14.4,6.039230484541326,True,True,True,4.219670868136124,0.30890965700382367,,0
P2_S1_B3_seed1005,S1,B3,"plant@(15.000,5.000)",1,r0.80_a090,90,0.8,15.0,5.8,True,True,True,4.775441986615796,0.3614340810163412,,0
P2_S1_B3_seed1005,S1,B3,"plant@(15.000,5.000)",1,r0.80_a030,30,0.8,15.69282032302755,5.4,True,True,True,4.954504198005806,0.3628875090216752,,0
P2_S1_B3_seed1005,S1,B3,"plant@(15.000,5.000)",1,r1.20_a000,0,1.2,16.2,5.0,True,True,True,4.464724454540564,0.32393164999666624,,0
P2_S1_B3_seed1005,S1,B3,"plant@(15.000,5.000)",1,r0.80_a060,60,0.8,15.4,5.692820323027551,True,True,True,5.165333033395842,0.3680988749838434,,0
P2_S1_B3_seed1005,S1,B3,"plant@(15.000,5.000)",1,r1.00_a090,90,1.0,15.0,6.0,True,True,True,4.748390872884706,0.3314817769860383,,0
P2_S1_B3_seed1005,S1,B3,"plant@(15.000,5.000)",1,r1.00_a030,30,1.0,15.86602540378444,5.5,True,True,True,4.980187213320141,0.34746419300790876,,0
P2_S1_B3_seed1005,S1,B3,"plant@(15.000,5.000)",1,r1.00_a060,60,1.0,15.5,5.866025403784438,True,True,True,5.243395835462725,0.43045910098589957,,0
P2_S1_B3_seed1005,S1,B3,"plant@(15.000,5.000)",1,r1.20_a090,90,1.2,15.0,6.2,True,True,True,4.819565585701058,0.3547203049820382,,0
P2_S1_B3_seed1005,S1,B3,"plant@(15.000,5.000)",1,r1.20_a030,30,1.2,16.039230484541328,5.6,True,True,True,5.043000495442422,0.3654496559756808,,0
P2_S1_B3_seed1005,S1,B3,"plant@(15.000,5.000)",1,r1.20_a060,60,1.2,15.6,6.039230484541326,True,True,True,5.389674415415415,0.37863512299372815,,0
P2_S1_B3_seed1005,S1,B3,"plant@(15.000,5.000)",1,r1.00_a240,240,1.0,14.5,4.133974596215562,False,True,False,,0.18747070300742052,path_infeasible_under_safety_checks,0
P2_S1_B3_seed1005,S1,B3,"plant@(15.000,5.000)",1,r1.00_a210,210,1.0,14.13397459621556,4.5,False,True,False,,0.2080069139774423,path_infeasible_under_safety_checks,0
P2_S1_B3_seed1005,S1,B3,"plant@(15.000,5.000)",1,r0.80_a240,240,0.8,14.6,4.307179676972449,False,True,False,,0.20210481001413427,path_infeasible_under_safety_checks,0
P2_S1_B3_seed1005,S1,B3,"plant@(15.000,5.000)",1,r1.00_a270,270,1.0,15.0,4.0,False,True,False,,0.2252929570095148,path_infeasible_under_safety_checks,0
P2_S1_B3_seed1005,S1,B3,"plant@(15.000,5.000)",1,r0.80_a210,210,0.8,14.30717967697245,4.6,False,True,False,,0.22401000498211943,path_infeasible_under_safety_checks,0
P2_S1_B3_seed1006,S1,B3,"plant@(2.000,3.000)",1,r1.20_a240,240,1.2,1.3999999999999995,1.960769515458674,True,True,True,2.4021980321074725,0.160664637980517,,1
P2_S1_B3_seed1006,S1,B3,"plant@(2.000,3.000)",1,r1.20_a210,210,1.2,0.9607695154586737,2.4,True,True,True,2.5982584977119902,0.19208514702040702,,0
P2_S1_B3_seed1006,S1,B3,"plant@(2.000,3.000)",1,r1.00_a240,240,1.0,1.4999999999999996,2.1339745962155616,True,True,True,2.602031634036085,0.17266877999645658,,0
P2_S1_B3_seed1006,S1,B3,"plant@(2.000,3.000)",1,r1.20_a270,270,1.2,1.9999999999999998,1.8,True,True,True,2.6786582306225384,0.17451129300752655,,0
P2_S1_B3_seed1006,S1,B3,"plant@(2.000,3.000)",1,r1.00_a210,210,1.0,1.1339745962155614,2.5,True,True,True,2.74531223429477,0.18380592798348516,,0
P2_S1_B3_seed1006,S1,B3,"plant@(2.000,3.000)",1,r0.80_a240,240,0.8,1.5999999999999996,2.3071796769724493,True,True,True,2.803764317979718,0.17864786900463514,,0
P2_S1_B3_seed1006,S1,B3,"plant@(2.000,3.000)",1,r1.00_a270,270,1.0,1.9999999999999998,2.0,True,True,True,2.816025931651265,0.1733629550144542,,0
P2_S1_B3_seed1006,S1,B3,"plant@(2.000,3.000)",1,r0.80_a210,210,0.8,1.307179676972449,2.5999999999999996,True,True,True,2.9198346466490075,0.1825059200054966,,0
P2_S1_B3_seed1006,S1,B3,"plant@(2.000,3.000)",1,r0.80_a270,270,0.8,1.9999999999999998,2.2,True,True,True,2.96247563771313,0.19016298701171763,,0
P2_S1_B3_seed1006,S1,B3,"plant@(2.000,3.000)",1,r1.20_a180,180,1.2,0.8,3.0,True,True,True,3.1847430226150277,0.20425862399861217,,0
P2_S1_B3_seed1006,S1,B3,"plant@(2.000,3.000)",1,r1.00_a180,180,1.0,1.0,3.0,True,True,True,3.169875174869212,0.21719067700905725,,0
P2_S1_B3_seed1006,S1,B3,"plant@(2.000,3.000)",1,r0.80_a180,180,0.8,1.2,3.0,True,True,True,3.2416304739555724,0.2093998990021646,,0
P2_S1_B3_seed1006,S1,B3,"plant@(2.000,3.000)",1,r1.20_a300,300,1.2,2.6,1.9607695154586737,True,True,True,3.2493641108315225,0.2122943559952546,,0
P2_S1_B3_seed1006,S1,B3,"plant@(2.000,3.000)",1,r1.00_a300,300,1.0,2.5,2.1339745962155616,True,True,True,3.2803082874835803,0.2121384770143777,,0
P2_S1_B3_seed1006,S1,B3,"plant@(2.000,3.000)",1,r0.80_a300,300,0.8,2.4000000000000004,2.3071796769724493,True,True,True,3.3238474265494395,0.22295897899311967,,0
P2_S1_B3_seed1006,S1,B3,"plant@(2.000,3.000)",1,r0.80_a150,150,0.8,1.3071796769724489,3.4,True,True,True,3.697423411089156,0.24214784998912364,,0
P2_S1_B3_seed1006,S1,B3,"plant@(2.000,3.000)",1,r1.00_a150,150,1.0,1.1339745962155612,3.5,True,True,True,3.688042177210573,0.24225846398621798,,0
P2_S1_B3_seed1006,S1,B3,"plant@(2.000,3.000)",1,r1.20_a150,150,1.2,0.9607695154586735,3.5999999999999996,True,True,True,3.7664397493190878,0.2490344750112854,,0
P2_S1_B3_seed1006,S1,B3,"plant@(2.000,3.000)",1,r0.80_a330,330,0.8,2.6928203230275507,2.5999999999999996,True,True,True,3.7670170039224296,0.23988009797176346,,0
P2_S1_B3_seed1006,S1,B3,"plant@(2.000,3.000)",1,r1.00_a330,330,1.0,2.8660254037844384,2.4999999999999996,True,True,True,3.8177101866375125,0.25630183599423617,,0
P2_S1_B3_seed1006,S1,B3,"plant@(2.000,3.000)",1,r1.20_a330,330,1.2,3.039230484541326,2.3999999999999995,True,True,True,3.862814351084195,0.25022995501058176,,0
P2_S1_B3_seed1006,S1,B3,"plant@(2.000,3.000)",1,r0.80_a000,0,0.8,2.8,3.0,True,True,True,4.198710423429075,0.292830418999074,,0
P2_S1_B3_seed1006,S1,B3,"plant@(2.000,3.000)",1,r1.00_a120,120,1.0,1.5000000000000002,3.866025403784439,True,True,True,4.349087003878647,0.2933129800076131,,0
P2_S1_B3_seed1006,S1,B3,"plant@(2.000,3.000)",1,r1.00_a000,0,1.0,3.0,3.0,True,True,True,4.262439227569819,0.2822305299923755,,0
P2_S1_B3_seed1006,S1,B3,"plant@(2.000,3.000)",1,r1.20_a120,120,1.2,1.4000000000000004,4.039230484541326,True,True,True,4.307100999716338,0.2728601839917246,,0
P2_S1_B3_seed1006,S1,B3,"plant@(2.000,3.000)",1,r0.80_a030,30,0.8,2.692820323027551,3.4,True,True,True,4.6843439254528665,0.28718358400510624,,0
P2_S1_B3_seed1006,S1,B3,"plant@(2.000,3.000)",1,r1.20_a000,0,1.2,3.2,3.0,True,True,True,4.391661197065614,0.2776890889799688,,0
P2_S1_B3_seed1006,S1,B3,"plant@(2.000,3.000)",1,r1.00_a090,90,1.0,2.0,4.0,True,True,True,4.93275588851247,0.31920336800976656,,0
P2_S1_B3_seed1006,S1,B3,"plant@(2.000,3.000)",1,r1.00_a030,30,1.0,2.866025403784439,3.5,True,True,True,4.733839035284139,0.2948851090040989,,0
P2_S1_B3_seed1006,S1,B3,"plant@(2.000,3.000)",1,r1.00_a060,60,1.0,2.5,3.8660254037844384,True,True,True,5.290531886297779,0.4382766460184939,,0
P2_S1_B3_seed1006,S1,B3,"plant@(2.000,3.000)",1,r1.20_a090,90,1.2,2.0,4.2,True,True,True,4.937109901060667,0.31787920399801806,,0
P2_S1_B3_seed1006,S1,B3,"plant@(2.000,3.000)",1,r1.20_a030,30,1.2,3.0392304845413265,3.5999999999999996,True,True,True,4.865006267629385,0.2988385650096461,,0
P2_S1_B3_seed1006,S1,B3,"plant@(12.000,2.000)",1,r1.20_a240,240,1.2,11.399999999999999,0.960769515458674,True,True,True,14.280689097641332,0.27361637199646793,,1
P2_S1_B3_seed1006,S1,B3,"plant@(12.000,2.000)",1,r1.20_a090,90,1.2,12.0,3.2,True,True,True,16.821834819086117,0.2553421529883053,,0
P2_S1_B3_seed1006,S1,B3,"plant@(12.000,2.000)",1,r0.80_a060,60,0.8,12.4,2.6928203230275507,True,True,True,17.30221285439628,0.2652126020111609,,0
P2_S1_B3_seed1006,S1,B3,"plant@(12.000,2.000)",1,r1.00_a060,60,1.0,12.5,2.8660254037844384,True,True,True,17.199760275844167,0.25918140800786205,,0
P2_S1_B3_seed1006,S1,B3,"plant@(12.000,2.000)",1,r1.20_a060,60,1.2,12.6,3.039230484541326,True,True,True,17.1630046518758,0.271271946025081,,0
P2_S1_B3_seed1006,S1,B3,"plant@(12.000,2.000)",1,r0.80_a030,30,0.8,12.69282032302755,2.4,True,True,True,17.657648470194616,0.25475157899199985,,0
P2_S1_B3_seed1006,S1,B3,"plant@(12.000,2.000)",1,r0.80_a330,330,0.8,12.69282032302755,1.5999999999999996,True,True,True,17.781570081414554,0.2763181979826186,,0
P2_S1_B3_seed1006,S1,B3,"plant@(12.000,2.000)",1,r0.80_a000,0,0.8,12.8,2.0,True,True,True,18.03954255468704,0.2675230799941346,,0
P2_S1_B3_seed1006,S1,B3,"plant@(12.000,2.000)",1,r1.00_a030,30,1.0,12.86602540378444,2.5,True,True,True,17.653057747985002,0.28118002400151454,,0
P2_S1_B3_seed1006,S1,B3,"plant@(12.000,2.000)",1,r1.00_a330,330,1.0,12.866025403784437,1.4999999999999996,True,True,True,17.673931720934323,0.2675066460215021,,0
P2_S1_B3_seed1006,S1,B3,"plant@(12.000,2.000)",1,r1.00_a000,0,1.0,13.0,2.0,True,True,True,18.122604534622617,0.26906646200222895,,0
P2_S1_B3_seed1006,S1,B3,"plant@(12.000,2.000)",1,r1.20_a030,30,1.2,13.039230484541326,2.5999999999999996,True,True,True,17.67772211061198,0.2790734870068263,,0
P2_S1_B3_seed1006,S1,B3,"plant@(12.000,2.000)",1,r1.20_a330,330,1.2,13.039230484541326,1.3999999999999995,True,True,True,17.56140534772121,0.2631048350012861,,0
P2_S1_B3_seed1006,S1,B3,"plant@(12.000,2.000)",1,r1.20_a000,0,1.2,13.2,2.0,True,True,True,18.106242167803043,0.24269239700515755,,0
P2_S1_B3_seed1006,S1,B3,"plant@(12.000,2.000)",1,r1.20_a180,180,1.2,10.8,2.0,False,True,False,,0.23282973098685034,path_infeasible_under_safety_checks,0
P2_S1_B3_seed1006,S1,B3,"plant@(12.000,2.000)",1,r1.20_a150,150,1.2,10.960769515458674,2.5999999999999996,False,True,False,,0.24138275999575853,path_infeasible_under_safety_checks,0
P2_S1_B3_seed1006,S1,B3,"plant@(12.000,2.000)",1,r1.20_a210,210,1.2,10.960769515458674,1.4,False,True,False,,0.2710702420154121,path_infeasible_under_safety_checks,0
P2_S1_B3_seed1006,S1,B3,"plant@(12.000,2.000)",1,r1.00_a180,180,1.0,11.0,2.0,False,True,False,,0.2513759610010311,path_infeasible_under_safety_checks,0
P2_S1_B3_seed1006,S1,B3,"plant@(12.000,2.000)",1,r1.00_a150,150,1.0,11.13397459621556,2.5,False,True,False,,0.22942435200093314,path_infeasible_under_safety_checks,0
P2_S1_B3_seed1006,S1,B3,"plant@(12.000,2.000)",1,r1.00_a210,210,1.0,11.13397459621556,1.5,False,True,False,,0.28840589700848795,path_infeasible_under_safety_checks,0
P2_S1_B3_seed1006,S1,B3,"plant@(12.000,2.000)",1,r0.80_a180,180,0.8,11.2,2.0,False,True,False,,0.22428088999004103,path_infeasible_under_safety_checks,0
P2_S1_B3_seed1006,S1,B3,"plant@(12.000,2.000)",1,r0.80_a150,150,0.8,11.30717967697245,2.4,False,True,False,,0.23499873001128435,path_infeasible_under_safety_checks,0
P2_S1_B3_seed1006,S1,B3,"plant@(12.000,2.000)",1,r0.80_a210,210,0.8,11.30717967697245,1.5999999999999999,False,True,False,,0.29252535398700275,path_infeasible_under_safety_checks,0
P2_S1_B3_seed1006,S1,B3,"plant@(12.000,2.000)",1,r1.20_a120,120,1.2,11.4,3.0392304845413265,False,True,False,,0.24836651398800313,path_infeasible_under_safety_checks,0
P2_S1_B3_seed1006,S1,B3,"plant@(12.000,2.000)",1,r1.00_a120,120,1.0,11.5,2.866025403784439,False,True,False,,0.276128758006962,path_infeasible_under_safety_checks,0
P2_S1_B3_seed1006,S1,B3,"plant@(12.000,2.000)",1,r1.00_a240,240,1.0,11.5,1.1339745962155616,False,True,False,,0.317699598002946,path_infeasible_under_safety_checks,0
P2_S1_B3_seed1006,S1,B3,"plant@(12.000,2.000)",1,r0.80_a120,120,0.8,11.6,2.692820323027551,False,True,False,,0.3056886999984272,path_infeasible_under_safety_checks,0
P2_S1_B3_seed1006,S1,B3,"plant@(12.000,2.000)",1,r0.80_a240,240,0.8,11.6,1.3071796769724493,False,True,False,,0.2886857230041642,path_infeasible_under_safety_checks,0
P2_S1_B3_seed1006,S1,B3,"plant@(12.000,2.000)",1,r0.80_a090,90,0.8,12.0,2.8,False,True,False,,0.27704234400880523,path_infeasible_under_safety_checks,0
P2_S1_B3_seed1006,S1,B3,"plant@(12.000,2.000)",1,r1.00_a090,90,1.0,12.0,3.0,False,True,False,,0.2520847519917879,path_infeasible_under_safety_checks,0
P2_S1_B3_seed1006,S1,B3,"plant@(12.000,2.000)",1,r0.80_a270,270,0.8,12.0,1.2,False,True,False,,0.28984762899926864,path_infeasible_under_safety_checks,0
P2_S1_B3_seed1006,S1,B3,"plant@(12.000,2.000)",1,r1.00_a270,270,1.0,12.0,1.0,False,True,False,,0.28474582900526,path_infeasible_under_safety_checks,0
P2_S1_B3_seed1006,S1,B3,"plant@(15.000,5.000)",1,r1.20_a240,240,1.2,14.399999999999999,3.960769515458674,True,True,True,10.059124507068017,0.26293600199278444,,1
P2_S1_B3_seed1006,S1,B3,"plant@(15.000,5.000)",1,r1.20_a210,210,1.2,13.960769515458674,4.4,True,True,True,10.535630020818608,0.25935477699385956,,0
P2_S1_B3_seed1006,S1,B3,"plant@(15.000,5.000)",1,r1.20_a270,270,1.2,15.0,3.8,True,True,True,10.120297879112423,0.24963345000287518,,0
P2_S1_B3_seed1006,S1,B3,"plant@(15.000,5.000)",1,r1.20_a180,180,1.2,13.8,5.0,True,True,True,11.147572504161678,0.28134398700785823,,0
P2_S1_B3_seed1006,S1,B3,"plant@(15.000,5.000)",1,r1.00_a180,180,1.0,14.0,5.0,True,True,True,11.351161805380356,0.2818154809938278,,0
P2_S1_B3_seed1006,S1,B3,"plant@(15.000,5.000)",1,r1.20_a300,300,1.2,15.6,3.960769515458674,True,True,True,10.397702512176965,0.2618043379916344,,0
P2_S1_B3_seed1006,S1,B3,"plant@(15.000,5.000)",1,r0.80_a150,150,0.8,14.30717967697245,5.4,True,True,True,11.95806079347883,0.29225030800444074,,0
P2_S1_B3_seed1006,S1,B3,"plant@(15.000,5.000)",1,r1.00_a150,150,1.0,14.13397459621556,5.5,True,True,True,11.824478469946268,0.29545798199251294,,0
P2_S1_B3_seed1006,S1,B3,"plant@(15.000,5.000)",1,r1.20_a150,150,1.2,13.960769515458674,5.6,True,True,True,11.731741008006159,0.3017511479847599,,0
P2_S1_B3_seed1006,S1,B3,"plant@(15.000,5.000)",1,r0.80_a330,330,0.8,15.69282032302755,4.6,True,True,False,,0.2911909760150593,path_infeasible_under_safety_checks,0
P2_S1_B3_seed1006,S1,B3,"plant@(15.000,5.000)",1,r1.00_a330,330,1.0,15.866025403784437,4.5,True,True,True,11.150775010046532,0.282949415006442,,0
P2_S1_B3_seed1006,S1,B3,"plant@(15.000,5.000)",1,r1.20_a330,330,1.2,16.039230484541328,4.3999999999999995,True,True,True,10.936290302805459,0.2826474900066387,,0
P2_S1_B3_seed1006,S1,B3,"plant@(15.000,5.000)",1,r0.80_a120,120,0.8,14.6,5.692820323027551,True,True,True,12.52658398861142,0.2804209309979342,,0
P2_S1_B3_seed1006,S1,B3,"plant@(15.000,5.000)",1,r1.00_a120,120,1.0,14.5,5.866025403784438,True,True,True,12.389079724968823,0.2467795130214654,,0
P2_S1_B3_seed1006,S1,B3,"plant@(15.000,5.000)",1,r0.80_a000,0,0.8,15.8,5.0,True,True,True,11.757778739185172,0.28518181599793024,,0
P2_S1_B3_seed1006,S1,B3,"plant@(15.000,5.000)",1,r1.20_a120,120,1.2,14.4,6.039230484541326,True,True,True,12.388851228127187,0.26405614300165325,,0
P2_S1_B3_seed1006,S1,B3,"plant@(15.000,5.000)",1,r1.00_a000,0,1.0,16.0,5.0,True,True,True,11.699118449469212,0.29291094301152043,,0
P2_S1_B3_seed1006,S1,B3,"plant@(15.000,5.000)",1,r0.80_a090,90,0.8,15.0,5.8,True,True,True,13.080938848637945,0.25754835302359425,,0
P2_S1_B3_seed1006,S1,B3,"plant@(15.000,5.000)",1,r0.80_a030,30,0.8,15.69282032302755,5.4,True,True,True,12.12086519579706,0.24141472700284794,,0
P2_S1_B3_seed1006,S1,B3,"plant@(15.000,5.000)",1,r1.20_a000,0,1.2,16.2,5.0,True,True,True,11.646445733352758,0.2968114190152846,,0
P2_S1_B3_seed1006,S1,B3,"plant@(15.000,5.000)",1,r0.80_a060,60,0.8,15.4,5.692820323027551,True,True,True,12.537201602659898,0.25794909402611665,,0
P2_S1_B3_seed1006,S1,B3,"plant@(15.000,5.000)",1,r1.00_a090,90,1.0,15.0,6.0,True,True,True,13.007751562607893,0.26736216599238105,,0
P2_S1_B3_seed1006,S1,B3,"plant@(15.000,5.000)",1,r1.00_a030,30,1.0,15.86602540378444,5.5,True,True,True,12.341616454528472,0.2628018789982889,,0
P2_S1_B3_seed1006,S1,B3,"plant@(15.000,5.000)",1,r1.00_a060,60,1.0,15.5,5.866025403784438,True,True,True,12.882655080599417,0.25189903599675745,,0
P2_S1_B3_seed1006,S1,B3,"plant@(15.000,5.000)",1,r1.20_a090,90,1.2,15.0,6.2,True,True,True,13.059259333145322,0.25669980701059103,,0
P2_S1_B3_seed1006,S1,B3,"plant@(15.000,5.000)",1,r1.20_a030,30,1.2,16.039230484541328,5.6,True,True,True,12.227737725337901,0.24123960101860575,,0
P2_S1_B3_seed1006,S1,B3,"plant@(15.000,5.000)",1,r1.20_a060,60,1.2,15.6,6.039230484541326,True,True,True,12.859977513580588,0.257457305007847,,0
P2_S1_B3_seed1006,S1,B3,"plant@(15.000,5.000)",1,r1.00_a240,240,1.0,14.5,4.133974596215562,False,True,False,,0.2844377729925327,path_infeasible_under_safety_checks,0
P2_S1_B3_seed1006,S1,B3,"plant@(15.000,5.000)",1,r1.00_a210,210,1.0,14.13397459621556,4.5,False,True,False,,0.27126655797474086,path_infeasible_under_safety_checks,0
P2_S1_B3_seed1006,S1,B3,"plant@(15.000,5.000)",1,r0.80_a240,240,0.8,14.6,4.307179676972449,False,True,False,,0.26844208798138425,path_infeasible_under_safety_checks,0
P2_S1_B3_seed1006,S1,B3,"plant@(15.000,5.000)",1,r1.00_a270,270,1.0,15.0,4.0,False,True,False,,0.27088998700492084,path_infeasible_under_safety_checks,0
P2_S1_B3_seed1006,S1,B3,"plant@(15.000,5.000)",1,r0.80_a210,210,0.8,14.30717967697245,4.6,False,True,False,,0.28353680099826306,path_infeasible_under_safety_checks,0
P2_S1_B3_seed1007,S1,B3,"plant@(2.000,3.000)",1,r1.20_a240,240,1.2,1.3999999999999995,1.960769515458674,True,True,True,2.4021980321074725,0.15878587801125832,,1
P2_S1_B3_seed1007,S1,B3,"plant@(2.000,3.000)",1,r1.20_a210,210,1.2,0.9607695154586737,2.4,True,True,True,2.5982584977119902,0.18281070399098098,,0
P2_S1_B3_seed1007,S1,B3,"plant@(2.000,3.000)",1,r1.00_a240,240,1.0,1.4999999999999996,2.1339745962155616,True,True,True,2.602031634036085,0.16726625600131229,,0
P2_S1_B3_seed1007,S1,B3,"plant@(2.000,3.000)",1,r1.20_a270,270,1.2,1.9999999999999998,1.8,True,True,True,2.6786582306225384,0.16541898602736183,,0
P2_S1_B3_seed1007,S1,B3,"plant@(2.000,3.000)",1,r1.00_a210,210,1.0,1.1339745962155614,2.5,True,True,True,2.74531223429477,0.17455955100012943,,0
P2_S1_B3_seed1007,S1,B3,"plant@(2.000,3.000)",1,r0.80_a240,240,0.8,1.5999999999999996,2.3071796769724493,True,True,True,2.803764317979718,0.17661978999967687,,0
P2_S1_B3_seed1007,S1,B3,"plant@(2.000,3.000)",1,r1.00_a270,270,1.0,1.9999999999999998,2.0,True,True,True,2.816025931651265,0.18098183200345375,,0
P2_S1_B3_seed1007,S1,B3,"plant@(2.000,3.000)",1,r0.80_a210,210,0.8,1.307179676972449,2.5999999999999996,True,True,True,2.9198346466490075,0.19845366099616513,,0
P2_S1_B3_seed1007,S1,B3,"plant@(2.000,3.000)",1,r0.80_a270,270,0.8,1.9999999999999998,2.2,True,True,True,2.96247563771313,0.19179072801489383,,0
P2_S1_B3_seed1007,S1,B3,"plant@(2.000,3.000)",1,r1.20_a180,180,1.2,0.8,3.0,True,True,True,3.1847430226150277,0.20985578300314955,,0
P2_S1_B3_seed1007,S1,B3,"plant@(2.000,3.000)",1,r1.00_a180,180,1.0,1.0,3.0,True,True,True,3.169875174869212,0.21239686000626534,,0
P2_S1_B3_seed1007,S1,B3,"plant@(2.000,3.000)",1,r0.80_a180,180,0.8,1.2,3.0,True,True,True,3.2416304739555724,0.22032972500892356,,0
P2_S1_B3_seed1007,S1,B3,"plant@(2.000,3.000)",1,r1.20_a300,300,1.2,2.6,1.9607695154586737,True,True,True,3.2493641108315225,0.21182882698485628,,0
P2_S1_B3_seed1007,S1,B3,"plant@(2.000,3.000)",1,r1.00_a300,300,1.0,2.5,2.1339745962155616,True,True,True,3.2803082874835803,0.2172989700047765,,0
P2_S1_B3_seed1007,S1,B3,"plant@(2.000,3.000)",1,r0.80_a300,300,0.8,2.4000000000000004,2.3071796769724493,True,True,True,3.3238474265494395,0.22077876300318167,,0
P2_S1_B3_seed1007,S1,B3,"plant@(2.000,3.000)",1,r0.80_a150,150,0.8,1.3071796769724489,3.4,True,True,True,3.697423411089156,0.23305796599015594,,0
P2_S1_B3_seed1007,S1,B3,"plant@(2.000,3.000)",1,r1.00_a150,150,1.0,1.1339745962155612,3.5,True,True,True,3.688042177210573,0.2449904440145474,,0
P2_S1_B3_seed1007,S1,B3,"plant@(2.000,3.000)",1,r1.20_a150,150,1.2,0.9607695154586735,3.5999999999999996,True,True,True,3.7664397493190878,0.2611103270028252,,0
P2_S1_B3_seed1007,S1,B3,"plant@(2.000,3.000)",1,r0.80_a330,330,0.8,2.6928203230275507,2.5999999999999996,True,True,True,3.7670170039224296,0.2489793330023531,,0
P2_S1_B3_seed1007,S1,B3,"plant@(2.000,3.000)",1,r1.00_a330,330,1.0,2.8660254037844384,2.4999999999999996,True,True,True,3.8177101866375125,0.24703031597891822,,0
P2_S1_B3_seed1007,S1,B3,"plant@(2.000,3.000)",1,r1.20_a330,330,1.2,3.039230484541326,2.3999999999999995,True,True,True,3.862814351084195,0.2615321649936959,,0
P2_S1_B3_seed1007,S1,B3,"plant@(2.000,3.000)",1,r0.80_a000,0,0.8,2.8,3.0,True,True,True,4.198710423429075,0.260446703992784,,0
P2_S1_B3_seed1007,S1,B3,"plant@(2.000,3.000)",1,r1.00_a120,120,1.0,1.5000000000000002,3.866025403784439,True,True,True,4.349087003878647,0.28641956200590357,,0
P2_S1_B3_seed1007,S1,B3,"plant@(2.000,3.000)",1,r1.00_a000,0,1.0,3.0,3.0,True,True,True,4.262439227569819,0.28737270800047554,,0
P2_S1_B3_seed1007,S1,B3,"plant@(2.000,3.000)",1,r1.20_a120,120,1.2,1.4000000000000004,4.039230484541326,True,True,True,4.307100999716338,0.2733963329810649,,0
P2_S1_B3_seed1007,S1,B3,"plant@(2.000,3.000)",1,r0.80_a030,30,0.8,2.692820323027551,3.4,True,True,True,4.6843439254528665,0.30855641700327396,,0
P2_S1_B3_seed1007,S1,B3,"plant@(2.000,3.000)",1,r1.20_a000,0,1.2,3.2,3.0,True,True,True,4.391661197065614,0.28057551200618036,,0
P2_S1_B3_seed1007,S1,B3,"plant@(2.000,3.000)",1,r1.00_a090,90,1.0,2.0,4.0,True,True,True,4.93275588851247,0.3110129720007535,,0
P2_S1_B3_seed1007,S1,B3,"plant@(2.000,3.000)",1,r1.00_a030,30,1.0,2.866025403784439,3.5,True,True,True,4.733839035284139,0.29483561898814514,,0
P2_S1_B3_seed1007,S1,B3,"plant@(2.000,3.000)",1,r1.00_a060,60,1.0,2.5,3.8660254037844384,True,True,True,5.290531886297779,0.34131661598803475,,0
P2_S1_B3_seed1007,S1,B3,"plant@(2.000,3.000)",1,r1.20_a090,90,1.2,2.0,4.2,True,True,True,4.937109901060667,0.322088924003765,,0
P2_S1_B3_seed1007,S1,B3,"plant@(2.000,3.000)",1,r1.20_a030,30,1.2,3.0392304845413265,3.5999999999999996,True,True,True,4.865006267629385,0.3888638509961311,,0
P2_S1_B3_seed1007,S1,B3,"plant@(12.000,2.000)",1,r1.20_a240,240,1.2,11.399999999999999,0.960769515458674,True,True,True,14.244923145502648,0.2565380580199417,,1
P2_S1_B3_seed1007,S1,B3,"plant@(12.000,2.000)",1,r1.20_a090,90,1.2,12.0,3.2,True,True,True,16.816757812459418,0.2651487090042792,,0
P2_S1_B3_seed1007,S1,B3,"plant@(12.000,2.000)",1,r0.80_a060,60,0.8,12.4,2.6928203230275507,True,True,True,17.31217432905421,0.26625423997757025,,0
P2_S1_B3_seed1007,S1,B3,"plant@(12.000,2.000)",1,r1.00_a060,60,1.0,12.5,2.8660254037844384,True,True,True,17.328718434655023,0.2742389199847821,,0
P2_S1_B3_seed1007,S1,B3,"plant@(12.000,2.000)",1,r1.20_a060,60,1.2,12.6,3.039230484541326,True,True,True,17.03212800687902,0.26406101702013984,,0
P2_S1_B3_seed1007,S1,B3,"plant@(12.000,2.000)",1,r0.80_a030,30,0.8,12.69282032302755,2.4,True,True,True,17.826654552400015,0.2540486039943062,,0
P2_S1_B3_seed1007,S1,B3,"plant@(12.000,2.000)",1,r0.80_a330,330,0.8,12.69282032302755,1.5999999999999996,True,True,True,17.853391422368688,0.2683905809826683,,0
P2_S1_B3_seed1007,S1,B3,"plant@(12.000,2.000)",1,r0.80_a000,0,0.8,12.8,2.0,True,True,True,18.014331826144993,0.279063549998682,,0
P2_S1_B3_seed1007,S1,B3,"plant@(12.000,2.000)",1,r1.00_a030,30,1.0,12.86602540378444,2.5,True,True,True,17.67608792587329,0.2742537040030584,,0
P2_S1_B3_seed1007,S1,B3,"plant@(12.000,2.000)",1,r1.00_a330,330,1.0,12.866025403784437,1.4999999999999996,True,True,True,17.570412042963007,0.2817266469937749,,0
P2_S1_B3_seed1007,S1,B3,"plant@(12.000,2.000)",1,r1.00_a000,0,1.0,13.0,2.0,True,True,True,18.0462908630043,0.2374394979851786,,0
P2_S1_B3_seed1007,S1,B3,"plant@(12.000,2.000)",1,r1.20_a030,30,1.2,13.039230484541326,2.5999999999999996,True,True,True,17.642407911092384,0.29726444199332036,,0
P2_S1_B3_seed1007,S1,B3,"plant@(12.000,2.000)",1,r1.20_a330,330,1.2,13.039230484541326,1.3999999999999995,True,True,True,17.474384034181078,0.2960327379987575,,0
P2_S1_B3_seed1007,S1,B3,"plant@(12.000,2.000)",1,r1.20_a000,0,1.2,13.2,2.0,True,True,True,17.983828032411424,0.2807313799858093,,0
P2_S1_B3_seed1007,S1,B3,"plant@(12.000,2.000)",1,r1.20_a180,180,1.2,10.8,2.0,False,True,False,,0.2315801500226371,path_infeasible_under_safety_checks,0
P2_S1_B3_seed1007,S1,B3,"plant@(12.000,2.000)",1,r1.20_a150,150,1.2,10.960769515458674,2.5999999999999996,False,True,False,,0.23622858698945493,path_infeasible_under_safety_checks,0
P2_S1_B3_seed1007,S1,B3,"plant@(12.000,2.000)",1,r1.20_a210,210,1.2,10.960769515458674,1.4,False,True,False,,0.2730129199917428,path_infeasible_under_safety_checks,0
P2_S1_B3_seed1007,S1,B3,"plant@(12.000,2.000)",1,r1.00_a180,180,1.0,11.0,2.0,False,True,False,,0.24374879701645114,path_infeasible_under_safety_checks,0
P2_S1_B3_seed1007,S1,B3,"plant@(12.000,2.000)",1,r1.00_a150,150,1.0,11.13397459621556,2.5,False,True,False,,0.2345378189929761,path_infeasible_under_safety_checks,0
P2_S1_B3_seed1007,S1,B3,"plant@(12.000,2.000)",1,r1.00_a210,210,1.0,11.13397459621556,1.5,False,True,False,,0.2922767410054803,path_infeasible_under_safety_checks,0
P2_S1_B3_seed1007,S1,B3,"plant@(12.000,2.000)",1,r0.80_a180,180,0.8,11.2,2.0,False,True,False,,0.23751466398243792,path_infeasible_under_safety_checks,0
P2_S1_B3_seed1007,S1,B3,"plant@(12.000,2.000)",1,r0.80_a150,150,0.8,11.30717967697245,2.4,False,True,False,,0.21993064801790752,path_infeasible_under_safety_checks,0
P2_S1_B3_seed1007,S1,B3,"plant@(12.000,2.000)",1,r0.80_a210,210,0.8,11.30717967697245,1.5999999999999999,False,True,False,,0.2882031339977402,path_infeasible_under_safety_checks,0
P2_S1_B3_seed1007,S1,B3,"plant@(12.000,2.000)",1,r1.20_a120,120,1.2,11.4,3.0392304845413265,False,True,False,,0.2502868529991247,path_infeasible_under_safety_checks,0
P2_S1_B3_seed1007,S1,B3,"plant@(12.000,2.000)",1,r1.00_a120,120,1.0,11.5,2.866025403784439,False,True,False,,0.29514315599226393,path_infeasible_under_safety_checks,0
P2_S1_B3_seed1007,S1,B3,"plant@(12.000,2.000)",1,r1.00_a240,240,1.0,11.5,1.1339745962155616,False,True,False,,0.2805656029959209,path_infeasible_under_safety_checks,0
P2_S1_B3_seed1007,S1,B3,"plant@(12.000,2.000)",1,r0.80_a120,120,0.8,11.6,2.692820323027551,False,True,False,,0.3410615769971628,path_infeasible_under_safety_checks,0
P2_S1_B3_seed1007,S1,B3,"plant@(12.000,2.000)",1,r0.80_a240,240,0.8,11.6,1.3071796769724493,False,True,False,,0.35199134700815193,path_infeasible_under_safety_checks,0
P2_S1_B3_seed1007,S1,B3,"plant@(12.000,2.000)",1,r0.80_a090,90,0.8,12.0,2.8,False,True,False,,0.26375790502061136,path_infeasible_under_safety_checks,0
P2_S1_B3_seed1007,S1,B3,"plant@(12.000,2.000)",1,r1.00_a090,90,1.0,12.0,3.0,False,True,False,,0.2700984319963027,path_infeasible_under_safety_checks,0
P2_S1_B3_seed1007,S1,B3,"plant@(12.000,2.000)",1,r0.80_a270,270,0.8,12.0,1.2,False,True,False,,0.2973631559871137,path_infeasible_under_safety_checks,0
P2_S1_B3_seed1007,S1,B3,"plant@(12.000,2.000)",1,r1.00_a270,270,1.0,12.0,1.0,False,True,False,,0.2878140800166875,path_infeasible_under_safety_checks,0
P2_S1_B3_seed1007,S1,B3,"plant@(15.000,5.000)",1,r1.20_a240,240,1.2,14.399999999999999,3.960769515458674,True,True,True,2.269304071166384,0.1683343639888335,,1
P2_S1_B3_seed1007,S1,B3,"plant@(15.000,5.000)",1,r1.20_a210,210,1.2,13.960769515458674,4.4,True,True,True,2.494670722946376,0.19273531599901617,,0
P2_S1_B3_seed1007,S1,B3,"plant@(15.000,5.000)",1,r1.20_a270,270,1.2,15.0,3.8,True,True,True,2.580429852679008,0.20976265499484725,,0
P2_S1_B3_seed1007,S1,B3,"plant@(15.000,5.000)",1,r1.20_a180,180,1.2,13.8,5.0,True,True,True,3.0072057511621773,0.24033255298854783,,0
P2_S1_B3_seed1007,S1,B3,"plant@(15.000,5.000)",1,r1.00_a180,180,1.0,14.0,5.0,True,True,True,3.19793520277039,0.2621165690070484,,0
P2_S1_B3_seed1007,S1,B3,"plant@(15.000,5.000)",1,r1.20_a300,300,1.2,15.6,3.960769515458674,True,True,True,3.247021356956137,0.24505059700459242,,0
P2_S1_B3_seed1007,S1,B3,"plant@(15.000,5.000)",1,r0.80_a150,150,0.8,14.30717967697245,5.4,True,True,True,3.7733195105891557,0.2693262829852756,,0
P2_S1_B3_seed1007,S1,B3,"plant@(15.000,5.000)",1,r1.00_a150,150,1.0,14.13397459621556,5.5,True,True,True,3.6727412687695313,0.2545456679945346,,0
P2_S1_B3_seed1007,S1,B3,"plant@(15.000,5.000)",1,r0.80_a330,330,0.8,15.69282032302755,4.6,True,True,False,,0.30572983401361853,path_infeasible_under_safety_checks,0
P2_S1_B3_seed1007,S1,B3,"plant@(15.000,5.000)",1,r1.20_a150,150,1.2,13.960769515458674,5.6,True,True,True,3.630951473819941,0.2733163610100746,,0
P2_S1_B3_seed1007,S1,B3,"plant@(15.000,5.000)",1,r1.00_a330,330,1.0,15.866025403784437,4.5,True,True,True,3.909767949738167,0.2759875630144961,,0
P2_S1_B3_seed1007,S1,B3,"plant@(15.000,5.000)",1,r1.20_a330,330,1.2,16.039230484541328,4.3999999999999995,True,True,True,3.806447100225732,0.2794142299972009,,0
P2_S1_B3_seed1007,S1,B3,"plant@(15.000,5.000)",1,r0.80_a120,120,0.8,14.6,5.692820323027551,True,True,True,4.2990265437678845,0.3008177579904441,,0
P2_S1_B3_seed1007,S1,B3,"plant@(15.000,5.000)",1,r0.80_a000,0,0.8,15.8,5.0,True,True,True,4.500137159920084,0.32323355600237846,,0
P2_S1_B3_seed1007,S1,B3,"plant@(15.000,5.000)",1,r1.00_a120,120,1.0,14.5,5.866025403784438,True,True,True,4.233921232211339,0.30209320498397574,,0
P2_S1_B3_seed1007,S1,B3,"plant@(15.000,5.000)",1,r1.00_a000,0,1.0,16.0,5.0,True,True,True,4.437217761878707,0.3085143420030363,,0
P2_S1_B3_seed1007,S1,B3,"plant@(15.000,5.000)",1,r1.20_a120,120,1.2,14.4,6.039230484541326,True,True,True,4.219670868136124,0.30190516798757017,,0
P2_S1_B3_seed1007,S1,B3,"plant@(15.000,5.000)",1,r0.80_a090,90,0.8,15.0,5.8,True,True,True,4.775441986615796,0.3526109019876458,,0
P2_S1_B3_seed1007,S1,B3,"plant@(15.000,5.000)",1,r0.80_a030,30,0.8,15.69282032302755,5.4,True,True,True,4.954504198005806,0.35374162200605497,,0
P2_S1_B3_seed1007,S1,B3,"plant@(15.000,5.000)",1,r1.20_a000,0,1.2,16.2,5.0,True,True,True,4.464724454540564,0.311957291996805,,0
P2_S1_B3_seed1007,S1,B3,"plant@(15.000,5.000)",1,r0.80_a060,60,0.8,15.4,5.692820323027551,True,True,True,5.165333033395842,0.3687436279724352,,0
P2_S1_B3_seed1007,S1,B3,"plant@(15.000,5.000)",1,r1.00_a090,90,1.0,15.0,6.0,True,True,True,4.748390872884706,0.31935099099064246,,0
P2_S1_B3_seed1007,S1,B3,"plant@(15.000,5.000)",1,r1.00_a030,30,1.0,15.86602540378444,5.5,True,True,True,4.980187213320141,0.35265787900425494,,0
P2_S1_B3_seed1007,S1,B3,"plant@(15.000,5.000)",1,r1.00_a060,60,1.0,15.5,5.866025403784438,True,True,True,5.243395835462725,0.4102095529960934,,0
P2_S1_B3_seed1007,S1,B3,"plant@(15.000,5.000)",1,r1.20_a090,90,1.2,15.0,6.2,True,True,True,4.819565585701058,0.3269101780024357,,0
P2_S1_B3_seed1007,S1,B3,"plant@(15.000,5.000)",1,r1.20_a030,30,1.2,16.039230484541328,5.6,True,True,True,5.043000495442422,0.35375070199370384,,0
P2_S1_B3_seed1007,S1,B3,"plant@(15.000,5.000)",1,r1.20_a060,60,1.2,15.6,6.039230484541326,True,True,True,5.389674415415415,0.3715747840178665,,0
P2_S1_B3_seed1007,S1,B3,"plant@(15.000,5.000)",1,r1.00_a240,240,1.0,14.5,4.133974596215562,False,True,False,,0.17525306099560112,path_infeasible_under_safety_checks,0
P2_S1_B3_seed1007,S1,B3,"plant@(15.000,5.000)",1,r1.00_a210,210,1.0,14.13397459621556,4.5,False,True,False,,0.2026961210067384,path_infeasible_under_safety_checks,0
P2_S1_B3_seed1007,S1,B3,"plant@(15.000,5.000)",1,r0.80_a240,240,0.8,14.6,4.307179676972449,False,True,False,,0.1994048189953901,path_infeasible_under_safety_checks,0
P2_S1_B3_seed1007,S1,B3,"plant@(15.000,5.000)",1,r1.00_a270,270,1.0,15.0,4.0,False,True,False,,0.2553096860065125,path_infeasible_under_safety_checks,0
P2_S1_B3_seed1007,S1,B3,"plant@(15.000,5.000)",1,r0.80_a210,210,0.8,14.30717967697245,4.6,False,True,False,,0.23138848299277015,path_infeasible_under_safety_checks,0
P2_S1_B3_seed1008,S1,B3,"plant@(2.000,3.000)",1,r1.20_a240,240,1.2,1.3999999999999995,1.960769515458674,True,True,True,2.4021980321074725,0.15995964498142712,,1
P2_S1_B3_seed1008,S1,B3,"plant@(2.000,3.000)",1,r1.20_a210,210,1.2,0.9607695154586737,2.4,True,True,True,2.5982584977119902,0.18340502300998196,,0
P2_S1_B3_seed1008,S1,B3,"plant@(2.000,3.000)",1,r1.00_a240,240,1.0,1.4999999999999996,2.1339745962155616,True,True,True,2.602031634036085,0.17733084000064991,,0
P2_S1_B3_seed1008,S1,B3,"plant@(2.000,3.000)",1,r1.20_a270,270,1.2,1.9999999999999998,1.8,True,True,True,2.6786582306225384,0.17711945000337437,,0
P2_S1_B3_seed1008,S1,B3,"plant@(2.000,3.000)",1,r1.00_a210,210,1.0,1.1339745962155614,2.5,True,True,True,2.74531223429477,0.17907334002666175,,0
P2_S1_B3_seed1008,S1,B3,"plant@(2.000,3.000)",1,r0.80_a240,240,0.8,1.5999999999999996,2.3071796769724493,True,True,True,2.803764317979718,0.17716396099422127,,0
P2_S1_B3_seed1008,S1,B3,"plant@(2.000,3.000)",1,r1.00_a270,270,1.0,1.9999999999999998,2.0,True,True,True,2.816025931651265,0.17803394998190925,,0
P2_S1_B3_seed1008,S1,B3,"plant@(2.000,3.000)",1,r0.80_a210,210,0.8,1.307179676972449,2.5999999999999996,True,True,True,2.9198346466490075,0.18219012202462181,,0
P2_S1_B3_seed1008,S1,B3,"plant@(2.000,3.000)",1,r0.80_a270,270,0.8,1.9999999999999998,2.2,True,True,True,2.96247563771313,0.19128637199173681,,0
P2_S1_B3_seed1008,S1,B3,"plant@(2.000,3.000)",1,r1.20_a180,180,1.2,0.8,3.0,True,True,True,3.1847430226150277,0.2064481440174859,,0
P2_S1_B3_seed1008,S1,B3,"plant@(2.000,3.000)",1,r1.00_a180,180,1.0,1.0,3.0,True,True,True,3.169875174869212,0.21711247600615025,,0
P2_S1_B3_seed1008,S1,B3,"plant@(2.000,3.000)",1,r0.80_a180,180,0.8,1.2,3.0,True,True,True,3.2416304739555724,0.20520554098766297,,0
P2_S1_B3_seed1008,S1,B3,"plant@(2.000,3.000)",1,r1.20_a300,300,1.2,2.6,1.9607695154586737,True,True,True,3.2493641108315225,0.20167627700720914,,0
P2_S1_B3_seed1008,S1,B3,"plant@(2.000,3.000)",1,r1.00_a300,300,1.0,2.5,2.1339745962155616,True,True,True,3.2803082874835803,0.2079536680248566,,0
P2_S1_B3_seed1008,S1,B3,"plant@(2.000,3.000)",1,r0.80_a300,300,0.8,2.4000000000000004,2.3071796769724493,True,True,True,3.3238474265494395,0.21142013900680467,,0
P2_S1_B3_seed1008,S1,B3,"plant@(2.000,3.000)",1,r0.80_a150,150,0.8,1.3071796769724489,3.4,True,True,True,3.697423411089156,0.24209260402130894,,0
P2_S1_B3_seed1008,S1,B3,"plant@(2.000,3.000)",1,r1.00_a150,150,1.0,1.1339745962155612,3.5,True,True,True,3.688042177210573,0.23654860598617233,,0
P2_S1_B3_seed1008,S1,B3,"plant@(2.000,3.000)",1,r1.20_a150,150,1.2,0.9607695154586735,3.5999999999999996,True,True,True,3.7664397493190878,0.24125831000856124,,0
P2_S1_B3_seed1008,S1,B3,"plant@(2.000,3.000)",1,r0.80_a330,330,0.8,2.6928203230275507,2.5999999999999996,True,True,True,3.7670170039224296,0.2375277749961242,,0
P2_S1_B3_seed1008,S1,B3,"plant@(2.000,3.000)",1,r1.00_a330,330,1.0,2.8660254037844384,2.4999999999999996,True,True,True,3.8177101866375125,0.2367674070119392,,0
P2_S1_B3_seed1008,S1,B3,"plant@(2.000,3.000)",1,r1.20_a330,330,1.2,3.039230484541326,2.3999999999999995,True,True,True,3.862814351084195,0.22887051801080815,,0
P2_S1_B3_seed1008,S1,B3,"plant@(2.000,3.000)",1,r0.80_a000,0,0.8,2.8,3.0,True,True,True,4.198710423429075,0.27052574799745344,,0
P2_S1_B3_seed1008,S1,B3,"plant@(2.000,3.000)",1,r1.00_a120,120,1.0,1.5000000000000002,3.866025403784439,True,True,True,4.349087003878647,0.27721005099010654,,0
P2_S1_B3_seed1008,S1,B3,"plant@(2.000,3.000)",1,r1.00_a000,0,1.0,3.0,3.0,True,True,True,4.262439227569819,0.2730483589984942,,0
P2_S1_B3_seed1008,S1,B3,"plant@(2.000,3.000)",1,r1.20_a120,120,1.2,1.4000000000000004,4.039230484541326,True,True,True,4.307100999716338,0.2765284600027371,,0
P2_S1_B3_seed1008,S1,B3,"plant@(2.000,3.000)",1,r0.80_a030,30,0.8,2.692820323027551,3.4,True,True,True,4.6843439254528665,0.29877942299935967,,0
P2_S1_B3_seed1008,S1,B3,"plant@(2.000,3.000)",1,r1.20_a000,0,1.2,3.2,3.0,True,True,True,4.391661197065614,0.2770760789862834,,0
P2_S1_B3_seed1008,S1,B3,"plant@(2.000,3.000)",1,r1.00_a090,90,1.0,2.0,4.0,True,True,True,4.93275588851247,0.30383942800108343,,0
P2_S1_B3_seed1008,S1,B3,"plant@(2.000,3.000)",1,r1.00_a030,30,1.0,2.866025403784439,3.5,True,True,True,4.733839035284139,0.2960511179990135,,0
P2_S1_B3_seed1008,S1,B3,"plant@(2.000,3.000)",1,r1.00_a060,60,1.0,2.5,3.8660254037844384,True,True,True,5.290531886297779,0.33864191800239496,,0
P2_S1_B3_seed1008,S1,B3,"plant@(2.000,3.000)",1,r1.20_a090,90,1.2,2.0,4.2,True,True,True,4.937109901060667,0.32731294599943794,,0
P2_S1_B3_seed1008,S1,B3,"plant@(2.000,3.000)",1,r1.20_a030,30,1.2,3.0392304845413265,3.5999999999999996,True,True,True,4.865006267629385,0.30039213100099005,,0
P2_S1_B3_seed1008,S1,B3,"plant@(12.000,2.000)",1,r1.20_a240,240,1.2,11.399999999999999,0.960769515458674,True,True,True,14.244923145502648,0.2631202909979038,,1
P2_S1_B3_seed1008,S1,B3,"plant@(12.000,2.000)",1,r1.20_a090,90,1.2,12.0,3.2,True,True,True,16.816757812459418,0.26417576099629514,,0
P2_S1_B3_seed1008,S1,B3,"plant@(12.000,2.000)",1,r0.80_a060,60,0.8,12.4,2.6928203230275507,True,True,True,17.31217432905421,0.2650291330064647,,0
P2_S1_B3_seed1008,S1,B3,"plant@(12.000,2.000)",1,r1.00_a060,60,1.0,12.5,2.8660254037844384,True,True,True,17.328718434655023,0.27024583899765275,,0
P2_S1_B3_seed1008,S1,B3,"plant@(12.000,2.000)",1,r1.20_a060,60,1.2,12.6,3.039230484541326,True,True,True,17.03212800687902,0.2696103609923739,,0
P2_S1_B3_seed1008,S1,B3,"plant@(12.000,2.000)",1,r0.80_a030,30,0.8,12.69282032302755,2.4,True,True,True,17.826654552400015,0.2485756049863994,,0
P2_S1_B3_seed1008,S1,B3,"plant@(12.000,2.000)",1,r0.80_a330,330,0.8,12.69282032302755,1.5999999999999996,True,True,True,17.853391422368688,0.27544991800095886,,0
P2_S1_B3_seed1008,S1,B3,"plant@(12.000,2.000)",1,r0.80_a000,0,0.8,12.8,2.0,True,True,True,18.014331826144993,0.28557147600804456,,0
P2_S1_B3_seed1008,S1,B3,"plant@(12.000,2.000)",1,r1.00_a030,30,1.0,12.86602540378444,2.5,True,True,True,17.67608792587329,0.2755993220198434,,0
P2_S1_B3_seed1008,S1,B3,"plant@(12.000,2.000)",1,r1.00_a330,330,1.0,12.866025403784437,1.4999999999999996,True,True,True,17.570412042963007,0.3138355939881876,,0
P2_S1_B3_seed1008,S1,B3,"plant@(12.000,2.000)",1,r1.00_a000,0,1.0,13.0,2.0,True,True,True,18.0462908630043,0.24878013899433427,,0
P2_S1_B3_seed1008,S1,B3,"plant@(12.000,2.000)",1,r1.20_a030,30,1.2,13.039230484541326,2.5999999999999996,True,True,True,17.642407911092384,0.31286021799314767,,0
P2_S1_B3_seed1008,S1,B3,"plant@(12.000,2.000)",1,r1.20_a330,330,1.2,13.039230484541326,1.3999999999999995,True,True,True,17.474384034181078,0.27943458198569715,,0
P2_S1_B3_seed1008,S1,B3,"plant@(12.000,2.000)",1,r1.20_a000,0,1.2,13.2,2.0,True,True,True,17.983828032411424,0.28851476800628006,,0
P2_S1_B3_seed1008,S1,B3,"plant@(12.000,2.000)",1,r1.20_a180,180,1.2,10.8,2.0,False,True,False,,0.2197250589961186,path_infeasible_under_safety_checks,0
P2_S1_B3_seed1008,S1,B3,"plant@(12.000,2.000)",1,r1.20_a150,150,1.2,10.960769515458674,2.5999999999999996,False,True,False,,0.23699396202573553,path_infeasible_under_safety_checks,0
P2_S1_B3_seed1008,S1,B3,"plant@(12.000,2.000)",1,r1.20_a210,210,1.2,10.960769515458674,1.4,False,True,False,,0.2773628950235434,path_infeasible_under_safety_checks,0
P2_S1_B3_seed1008,S1,B3,"plant@(12.000,2.000)",1,r1.00_a180,180,1.0,11.0,2.0,False,True,False,,0.24882402198272757,path_infeasible_under_safety_checks,0
P2_S1_B3_seed1008,S1,B3,"plant@(12.000,2.000)",1,r1.00_a150,150,1.0,11.13397459621556,2.5,False,True,False,,0.22996050099027343,path_infeasible_under_safety_checks,0
P2_S1_B3_seed1008,S1,B3,"plant@(12.000,2.000)",1,r1.00_a210,210,1.0,11.13397459621556,1.5,False,True,False,,0.29907990799983963,path_infeasible_under_safety_checks,0
P2_S1_B3_seed1008,S1,B3,"plant@(12.000,2.000)",1,r0.80_a180,180,0.8,11.2,2.0,False,True,False,,0.23470445998827927,path_infeasible_under_safety_checks,0
P2_S1_B3_seed1008,S1,B3,"plant@(12.000,2.000)",1,r0.80_a150,150,0.8,11.30717967697245,2.4,False,True,False,,0.2392167930083815,path_infeasible_under_safety_checks,0
P2_S1_B3_seed1008,S1,B3,"plant@(12.000,2.000)",1,r0.80_a210,210,0.8,11.30717967697245,1.5999999999999999,False,True,False,,0.31253417101106606,path_infeasible_under_safety_checks,0
P2_S1_B3_seed1008,S1,B3,"plant@(12.000,2.000)",1,r1.20_a120,120,1.2,11.4,3.0392304845413265,False,True,False,,0.2644435730180703,path_infeasible_under_safety_checks,0
P2_S1_B3_seed1008,S1,B3,"plant@(12.000,2.000)",1,r1.00_a120,120,1.0,11.5,2.866025403784439,False,True,False,,0.296565148018999,path_infeasible_under_safety_checks,0
P2_S1_B3_seed1008,S1,B3,"plant@(12.000,2.000)",1,r1.00_a240,240,1.0,11.5,1.1339745962155616,False,True,False,,0.2721438510052394,path_infeasible_under_safety_checks,0
P2_S1_B3_seed1008,S1,B3,"plant@(12.000,2.000)",1,r0.80_a120,120,0.8,11.6,2.692820323027551,False,True,False,,0.28695366097963415,path_infeasible_under_safety_checks,0
P2_S1_B3_seed1008,S1,B3,"plant@(12.000,2.000)",1,r0.80_a240,240,0.8,11.6,1.3071796769724493,False,True,False,,0.2848015259951353,path_infeasible_under_safety_checks,0
P2_S1_B3_seed1008,S1,B3,"plant@(12.000,2.000)",1,r0.80_a090,90,0.8,12.0,2.8,False,True,False,,0.2743265730096027,path_infeasible_under_safety_checks,0
P2_S1_B3_seed1008,S1,B3,"plant@(12.000,2.000)",1,r1.00_a090,90,1.0,12.0,3.0,False,True,False,,0.31119705899618566,path_infeasible_under_safety_checks,0
P2_S1_B3_seed1008,S1,B3,"plant@(12.000,2.000)",1,r0.80_a270,270,0.8,12.0,1.2,False,True,False,,0.31933187300455756,path_infeasible_under_safety_checks,0
P2_S1_B3_seed1008,S1,B3,"plant@(12.000,2.000)",1,r1.00_a270,270,1.0,12.0,1.0,False,True,False,,0.3042372599884402,path_infeasible_under_safety_checks,0
P2_S1_B3_seed1008,S1,B3,"plant@(15.000,5.000)",1,r1.20_a240,240,1.2,14.399999999999999,3.960769515458674,True,True,True,9.666861297287474,0.257561831997009,,0
P2_S1_B3_seed1008,S1,B3,"plant@(15.000,5.000)",1,r1.20_a210,210,1.2,13.960769515458674,4.4,True,True,True,10.458441901559457,0.3022733749821782,,0
P2_S1_B3_seed1008,S1,B3,"plant@(15.000,5.000)",1,r1.20_a270,270,1.2,15.0,3.8,True,True,True,9.588932920653138,0.2672877900185995,,1
P2_S1_B3_seed1008,S1,B3,"plant@(15.000,5.000)",1,r1.20_a180,180,1.2,13.8,5.0,True,True,True,10.772373259103848,0.2924011840077583,,0
P2_S1_B3_seed1008,S1,B3,"plant@(15.000,5.000)",1,r1.00_a180,180,1.0,14.0,5.0,True,True,True,10.96522753341475,0.29441692400723696,,0
P2_S1_B3_seed1008,S1,B3,"plant@(15.000,5.000)",1,r1.20_a300,300,1.2,15.6,3.960769515458674,True,True,True,10.048824469039971,0.2830243810021784,,0
P2_S1_B3_seed1008,S1,B3,"plant@(15.000,5.000)",1,r0.80_a150,150,0.8,14.30717967697245,5.4,True,True,True,11.54787039769255,0.3052963960217312,,0
P2_S1_B3_seed1008,S1,B3,"plant@(15.000,5.000)",1,r1.00_a150,150,1.0,14.13397459621556,5.5,True,True,True,11.420248403649994,0.30940786699648015,,0
P2_S1_B3_seed1008,S1,B3,"plant@(15.000,5.000)",1,r1.20_a150,150,1.2,13.960769515458674,5.6,True,True,True,11.780978600655683,0.3236366400087718,,0
P2_S1_B3_seed1008,S1,B3,"plant@(15.000,5.000)",1,r0.80_a330,330,0.8,15.69282032302755,4.6,True,True,False,,0.2973205460002646,path_infeasible_under_safety_checks,0
P2_S1_B3_seed1008,S1,B3,"plant@(15.000,5.000)",1,r1.00_a330,330,1.0,15.866025403784437,4.5,True,True,True,10.680589805774266,0.3027878060238436,,0
P2_S1_B3_seed1008,S1,B3,"plant@(15.000,5.000)",1,r1.20_a330,330,1.2,16.039230484541328,4.3999999999999995,True,True,True,10.580421041321246,0.28599424098501913,,0
P2_S1_B3_seed1008,S1,B3,"plant@(15.000,5.000)",1,r0.80_a120,120,0.8,14.6,5.692820323027551,True,True,True,12.087614875070148,0.26462660200195387,,0
P2_S1_B3_seed1008,S1,B3,"plant@(15.000,5.000)",1,r0.80_a000,0,0.8,15.8,5.0,True,True,True,11.294752783672056,0.300968314986676,,0
P2_S1_B3_seed1008,S1,B3,"plant@(15.000,5.000)",1,r1.00_a120,120,1.0,14.5,5.866025403784438,True,True,True,12.006385022220165,0.316188005002914,,0
P2_S1_B3_seed1008,S1,B3,"plant@(15.000,5.000)",1,r1.20_a120,120,1.2,14.4,6.039230484541326,True,True,True,11.974786124874631,0.3204688910045661,,0
P2_S1_B3_seed1008,S1,B3,"plant@(15.000,5.000)",1,r1.00_a000,0,1.0,16.0,5.0,True,True,True,11.281281674445985,0.30206223399727605,,0
P2_S1_B3_seed1008,S1,B3,"plant@(15.000,5.000)",1,r0.80_a090,90,0.8,15.0,5.8,True,True,True,12.623652030997116,0.28104249900206923,,0
P2_S1_B3_seed1008,S1,B3,"plant@(15.000,5.000)",1,r0.80_a030,30,0.8,15.69282032302755,5.4,True,True,True,11.80785456106907,0.3214530069963075,,0
P2_S1_B3_seed1008,S1,B3,"plant@(15.000,5.000)",1,r1.20_a000,0,1.2,16.2,5.0,True,True,True,11.272283620934457,0.3080146459979005,,0
P2_S1_B3_seed1008,S1,B3,"plant@(15.000,5.000)",1,r0.80_a060,60,0.8,15.4,5.692820323027551,True,True,True,12.21396043707795,0.2592227900167927,,0
P2_S1_B3_seed1008,S1,B3,"plant@(15.000,5.000)",1,r1.00_a090,90,1.0,15.0,6.0,True,True,True,12.71380332672129,0.27239220499177463,,0
P2_S1_B3_seed1008,S1,B3,"plant@(15.000,5.000)",1,r1.00_a030,30,1.0,15.86602540378444,5.5,True,True,True,11.853501611329953,0.3248353300150484,,0
P2_S1_B3_seed1008,S1,B3,"plant@(15.000,5.000)",1,r1.00_a060,60,1.0,15.5,5.866025403784438,True,True,True,12.346946210827241,0.36523825299809687,,0
P2_S1_B3_seed1008,S1,B3,"plant@(15.000,5.000)",1,r1.20_a090,90,1.2,15.0,6.2,True,True,True,12.689182971979543,0.25586076502804644,,0
P2_S1_B3_seed1008,S1,B3,"plant@(15.000,5.000)",1,r1.20_a030,30,1.2,16.039230484541328,5.6,True,True,True,11.907485807767394,0.33245581900700927,,0
P2_S1_B3_seed1008,S1,B3,"plant@(15.000,5.000)",1,r1.20_a060,60,1.2,15.6,6.039230484541326,True,True,True,12.35888899482462,0.26085470101679675,,0
P2_S1_B3_seed1008,S1,B3,"plant@(15.000,5.000)",1,r1.00_a240,240,1.0,14.5,4.133974596215562,False,True,False,,0.2708802009874489,path_infeasible_under_safety_checks,0
P2_S1_B3_seed1008,S1,B3,"plant@(15.000,5.000)",1,r1.00_a210,210,1.0,14.13397459621556,4.5,False,True,False,,0.2780777330044657,path_infeasible_under_safety_checks,0
P2_S1_B3_seed1008,S1,B3,"plant@(15.000,5.000)",1,r0.80_a240,240,0.8,14.6,4.307179676972449,False,True,False,,0.28353079897351563,path_infeasible_under_safety_checks,0
P2_S1_B3_seed1008,S1,B3,"plant@(15.000,5.000)",1,r1.00_a270,270,1.0,15.0,4.0,False,True,False,,0.2675136470061261,path_infeasible_under_safety_checks,0
P2_S1_B3_seed1008,S1,B3,"plant@(15.000,5.000)",1,r0.80_a210,210,0.8,14.30717967697245,4.6,False,True,False,,0.3066304259991739,path_infeasible_under_safety_checks,0
P2_S1_B3_seed1009,S1,B3,"plant@(2.000,3.000)",1,r1.20_a240,240,1.2,1.3999999999999995,1.960769515458674,True,True,True,2.4021980321074725,0.15508827398298308,,1
P2_S1_B3_seed1009,S1,B3,"plant@(2.000,3.000)",1,r1.20_a210,210,1.2,0.9607695154586737,2.4,True,True,True,2.5982584977119902,0.17594347198610194,,0
P2_S1_B3_seed1009,S1,B3,"plant@(2.000,3.000)",1,r1.00_a240,240,1.0,1.4999999999999996,2.1339745962155616,True,True,True,2.602031634036085,0.17142820099252276,,0
P2_S1_B3_seed1009,S1,B3,"plant@(2.000,3.000)",1,r1.20_a270,270,1.2,1.9999999999999998,1.8,True,True,True,2.6786582306225384,0.16773767600534484,,0
P2_S1_B3_seed1009,S1,B3,"plant@(2.000,3.000)",1,r1.00_a210,210,1.0,1.1339745962155614,2.5,True,True,True,2.74531223429477,0.18759724299889058,,0
P2_S1_B3_seed1009,S1,B3,"plant@(2.000,3.000)",1,r0.80_a240,240,0.8,1.5999999999999996,2.3071796769724493,True,True,True,2.803764317979718,0.17933360100141726,,0
P2_S1_B3_seed1009,S1,B3,"plant@(2.000,3.000)",1,r1.00_a270,270,1.0,1.9999999999999998,2.0,True,True,True,2.816025931651265,0.1705727869994007,,0
P2_S1_B3_seed1009,S1,B3,"plant@(2.000,3.000)",1,r0.80_a210,210,0.8,1.307179676972449,2.5999999999999996,True,True,True,2.9198346466490075,0.18275187100516632,,0
P2_S1_B3_seed1009,S1,B3,"plant@(2.000,3.000)",1,r0.80_a270,270,0.8,1.9999999999999998,2.2,True,True,True,2.96247563771313,0.18720580099034123,,0
P2_S1_B3_seed1009,S1,B3,"plant@(2.000,3.000)",1,r1.20_a180,180,1.2,0.8,3.0,True,True,True,3.1847430226150277,0.20120601999224164,,0
P2_S1_B3_seed1009,S1,B3,"plant@(2.000,3.000)",1,r1.00_a180,180,1.0,1.0,3.0,True,True,True,3.169875174869212,0.20743179600685835,,0
P2_S1_B3_seed1009,S1,B3,"plant@(2.000,3.000)",1,r0.80_a180,180,0.8,1.2,3.0,True,True,True,3.2416304739555724,0.2111100209876895,,0
P2_S1_B3_seed1009,S1,B3,"plant@(2.000,3.000)",1,r1.20_a300,300,1.2,2.6,1.9607695154586737,True,True,True,3.2493641108315225,0.22534805399482138,,0
P2_S1_B3_seed1009,S1,B3,"plant@(2.000,3.000)",1,r1.00_a300,300,1.0,2.5,2.1339745962155616,True,True,True,3.2803082874835803,0.21163030099705793,,0
P2_S1_B3_seed1009,S1,B3,"plant@(2.000,3.000)",1,r0.80_a300,300,0.8,2.4000000000000004,2.3071796769724493,True,True,True,3.3238474265494395,0.22682556699146517,,0
P2_S1_B3_seed1009,S1,B3,"plant@(2.000,3.000)",1,r0.80_a150,150,0.8,1.3071796769724489,3.4,True,True,True,3.697423411089156,0.246459499001503,,0
P2_S1_B3_seed1009,S1,B3,"plant@(2.000,3.000)",1,r1.00_a150,150,1.0,1.1339745962155612,3.5,True,True,True,3.688042177210573,0.24272378100431524,,0
P2_S1_B3_seed1009,S1,B3,"plant@(2.000,3.000)",1,r1.20_a150,150,1.2,0.9607695154586735,3.5999999999999996,True,True,True,3.7664397493190878,0.2472074950055685,,0
P2_S1_B3_seed1009,S1,B3,"plant@(2.000,3.000)",1,r0.80_a330,330,0.8,2.6928203230275507,2.5999999999999996,True,True,True,3.7670170039224296,0.24734183101099916,,0
P2_S1_B3_seed1009,S1,B3,"plant@(2.000,3.000)",1,r1.00_a330,330,1.0,2.8660254037844384,2.4999999999999996,True,True,True,3.8177101866375125,0.23703247000230476,,0
P2_S1_B3_seed1009,S1,B3,"plant@(2.000,3.000)",1,r1.20_a330,330,1.2,3.039230484541326,2.3999999999999995,True,True,True,3.862814351084195,0.24716575400088914,,0
P2_S1_B3_seed1009,S1,B3,"plant@(2.000,3.000)",1,r0.80_a000,0,0.8,2.8,3.0,True,True,True,4.198710423429075,0.28040050200070255,,0
P2_S1_B3_seed1009,S1,B3,"plant@(2.000,3.000)",1,r1.00_a120,120,1.0,1.5000000000000002,3.866025403784439,True,True,True,4.349087003878647,0.29184006500872783,,0
P2_S1_B3_seed1009,S1,B3,"plant@(2.000,3.000)",1,r1.00_a000,0,1.0,3.0,3.0,True,True,True,4.262439227569819,0.2721401790040545,,0
P2_S1_B3_seed1009,S1,B3,"plant@(2.000,3.000)",1,r1.20_a120,120,1.2,1.4000000000000004,4.039230484541326,True,True,True,4.307100999716338,0.28085579301114194,,0
P2_S1_B3_seed1009,S1,B3,"plant@(2.000,3.000)",1,r0.80_a030,30,0.8,2.692820323027551,3.4,True,True,True,4.6843439254528665,0.2899524809909053,,0
P2_S1_B3_seed1009,S1,B3,"plant@(2.000,3.000)",1,r1.20_a000,0,1.2,3.2,3.0,True,True,True,4.391661197065614,0.2877327600144781,,0
P2_S1_B3_seed1009,S1,B3,"plant@(2.000,3.000)",1,r1.00_a090,90,1.0,2.0,4.0,True,True,True,4.93275588851247,0.31905809399904683,,0
P2_S1_B3_seed1009,S1,B3,"plant@(2.000,3.000)",1,r1.00_a030,30,1.0,2.866025403784439,3.5,True,True,True,4.733839035284139,0.3173855119966902,,0
P2_S1_B3_seed1009,S1,B3,"plant@(2.000,3.000)",1,r1.00_a060,60,1.0,2.5,3.8660254037844384,True,True,True,5.290531886297779,0.37333885801490396,,0
P2_S1_B3_seed1009,S1,B3,"plant@(2.000,3.000)",1,r1.20_a090,90,1.2,2.0,4.2,True,True,True,4.937109901060667,0.3179654039849993,,0
P2_S1_B3_seed1009,S1,B3,"plant@(2.000,3.000)",1,r1.20_a030,30,1.2,3.0392304845413265,3.5999999999999996,True,True,True,4.865006267629385,0.3016210510104429,,0
P2_S1_B3_seed1009,S1,B3,"plant@(12.000,2.000)",1,r1.20_a240,240,1.2,11.399999999999999,0.960769515458674,True,True,True,14.244923145502648,0.2575536129879765,,1
P2_S1_B3_seed1009,S1,B3,"plant@(12.000,2.000)",1,r1.20_a090,90,1.2,12.0,3.2,True,True,True,16.816757812459418,0.2524427969765384,,0
P2_S1_B3_seed1009,S1,B3,"plant@(12.000,2.000)",1,r0.80_a060,60,0.8,12.4,2.6928203230275507,True,True,True,17.31217432905421,0.26401664299191907,,0
P2_S1_B3_seed1009,S1,B3,"plant@(12.000,2.000)",1,r1.00_a060,60,1.0,12.5,2.8660254037844384,True,True,True,17.328718434655023,0.2703489210107364,,0
P2_S1_B3_seed1009,S1,B3,"plant@(12.000,2.000)",1,r1.20_a060,60,1.2,12.6,3.039230484541326,True,True,True,17.03212800687902,0.2726627060037572,,0
P2_S1_B3_seed1009,S1,B3,"plant@(12.000,2.000)",1,r0.80_a030,30,0.8,12.69282032302755,2.4,True,True,True,17.826654552400015,0.2502386799897067,,0
P2_S1_B3_seed1009,S1,B3,"plant@(12.000,2.000)",1,r0.80_a330,330,0.8,12.69282032302755,1.5999999999999996,True,True,True,17.853391422368688,0.2749824360071216,,0
P2_S1_B3_seed1009,S1,B3,"plant@(12.000,2.000)",1,r0.80_a000,0,0.8,12.8,2.0,True,True,True,18.014331826144993,0.27739414901589043,,0
P2_S1_B3_seed1009,S1,B3,"plant@(12.000,2.000)",1,r1.00_a030,30,1.0,12.86602540378444,2.5,True,True,True,17.67608792587329,0.2962902059953194,,0
P2_S1_B3_seed1009,S1,B3,"plant@(12.000,2.000)",1,r1.00_a330,330,1.0,12.866025403784437,1.4999999999999996,True,True,True,17.570412042963007,0.2897191669908352,,0
P2_S1_B3_seed1009,S1,B3,"plant@(12.000,2.000)",1,r1.00_a000,0,1.0,13.0,2.0,True,True,True,18.0462908630043,0.24994090301333927,,0
P2_S1_B3_seed1009,S1,B3,"plant@(12.000,2.000)",1,r1.20_a030,30,1.2,13.039230484541326,2.5999999999999996,True,True,True,17.642407911092384,0.2775942370062694,,0
P2_S1_B3_seed1009,S1,B3,"plant@(12.000,2.000)",1,r1.20_a330,330,1.2,13.039230484541326,1.3999999999999995,True,True,True,17.474384034181078,0.28078092000214383,,0
P2_S1_B3_seed1009,S1,B3,"plant@(12.000,2.000)",1,r1.20_a000,0,1.2,13.2,2.0,True,True,True,17.983828032411424,0.28323904299759306,,0
P2_S1_B3_seed1009,S1,B3,"plant@(12.000,2.000)",1,r1.20_a180,180,1.2,10.8,2.0,False,True,False,,0.23132690400234424,path_infeasible_under_safety_checks,0
P2_S1_B3_seed1009,S1,B3,"plant@(12.000,2.000)",1,r1.20_a150,150,1.2,10.960769515458674,2.5999999999999996,False,True,False,,0.2440313349943608,path_infeasible_under_safety_checks,0
P2_S1_B3_seed1009,S1,B3,"plant@(12.000,2.000)",1,r1.20_a210,210,1.2,10.960769515458674,1.4,False,True,False,,0.2756548559991643,path_infeasible_under_safety_checks,0
P2_S1_B3_seed1009,S1,B3,"plant@(12.000,2.000)",1,r1.00_a180,180,1.0,11.0,2.0,False,True,False,,0.25213329400867224,path_infeasible_under_safety_checks,0
P2_S1_B3_seed1009,S1,B3,"plant@(12.000,2.000)",1,r1.00_a150,150,1.0,11.13397459621556,2.5,False,True,False,,0.2396382289880421,path_infeasible_under_safety_checks,0
P2_S1_B3_seed1009,S1,B3,"plant@(12.000,2.000)",1,r1.00_a210,210,1.0,11.13397459621556,1.5,False,True,False,,0.29583829900366254,path_infeasible_under_safety_checks,0
P2_S1_B3_seed1009,S1,B3,"plant@(12.000,2.000)",1,r0.80_a180,180,0.8,11.2,2.0,False,True,False,,0.22919750600703992,path_infeasible_under_safety_checks,0
P2_S1_B3_seed1009,S1,B3,"plant@(12.000,2.000)",1,r0.80_a150,150,0.8,11.30717967697245,2.4,False,True,False,,0.2429150039970409,path_infeasible_under_safety_checks,0
P2_S1_B3_seed1009,S1,B3,"plant@(12.000,2.000)",1,r0.80_a210,210,0.8,11.30717967697245,1.5999999999999999,False,True,False,,0.30433331601670943,path_infeasible_under_safety_checks,0
P2_S1_B3_seed1009,S1,B3,"plant@(12.000,2.000)",1,r1.20_a120,120,1.2,11.4,3.0392304845413265,False,True,False,,0.26597317299456336,path_infeasible_under_safety_checks,0
P2_S1_B3_seed1009,S1,B3,"plant@(12.000,2.000)",1,r1.00_a120,120,1.0,11.5,2.866025403784439,False,True,False,,0.28594021798926406,path_infeasible_under_safety_checks,0
P2_S1_B3_seed1009,S1,B3,"plant@(12.000,2.000)",1,r1.00_a240,240,1.0,11.5,1.1339745962155616,False,True,False,,0.27545194898266345,path_infeasible_under_safety_checks,0
P2_S1_B3_seed1009,S1,B3,"plant@(12.000,2.000)",1,r0.80_a120,120,0.8,11.6,2.692820323027551,False,True,False,,0.2978302099800203,path_infeasible_under_safety_checks,0
P2_S1_B3_seed1009,S1,B3,"plant@(12.000,2.000)",1,r0.80_a240,240,0.8,11.6,1.3071796769724493,False,True,False,,0.30261467600939795,path_infeasible_under_safety_checks,0
P2_S1_B3_seed1009,S1,B3,"plant@(12.000,2.000)",1,r0.80_a090,90,0.8,12.0,2.8,False,True,False,,0.26957654699799605,path_infeasible_under_safety_checks,0
P2_S1_B3_seed1009,S1,B3,"plant@(12.000,2.000)",1,r1.00_a090,90,1.0,12.0,3.0,False,True,False,,0.26701060598134063,path_infeasible_under_safety_checks,0
P2_S1_B3_seed1009,S1,B3,"plant@(12.000,2.000)",1,r0.80_a270,270,0.8,12.0,1.2,False,True,False,,0.30039057199610397,path_infeasible_under_safety_checks,0
P2_S1_B3_seed1009,S1,B3,"plant@(12.000,2.000)",1,r1.00_a270,270,1.0,12.0,1.0,False,True,False,,0.29669921498862095,path_infeasible_under_safety_checks,0
P2_S1_B3_seed1009,S1,B3,"plant@(15.000,5.000)",1,r1.20_a240,240,1.2,14.399999999999999,3.960769515458674,True,True,True,9.772232219446215,0.2648540670052171,,0
P2_S1_B3_seed1009,S1,B3,"plant@(15.000,5.000)",1,r1.20_a210,210,1.2,13.960769515458674,4.4,True,True,True,10.599285863124955,0.28222917299717665,,0
P2_S1_B3_seed1009,S1,B3,"plant@(15.000,5.000)",1,r1.20_a270,270,1.2,15.0,3.8,True,True,True,9.689387842782367,0.2558612040011212,,1
P2_S1_B3_seed1009,S1,B3,"plant@(15.000,5.000)",1,r1.20_a180,180,1.2,13.8,5.0,True,True,True,11.29165250354028,0.3025868750119116,,0
P2_S1_B3_seed1009,S1,B3,"plant@(15.000,5.000)",1,r1.00_a180,180,1.0,14.0,5.0,True,True,True,11.249843076982396,0.2941307839937508,,0
P2_S1_B3_seed1009,S1,B3,"plant@(15.000,5.000)",1,r1.20_a300,300,1.2,15.6,3.960769515458674,True,True,True,10.14136873076156,0.2860635269898921,,0
P2_S1_B3_seed1009,S1,B3,"plant@(15.000,5.000)",1,r0.80_a150,150,0.8,14.30717967697245,5.4,True,True,True,11.687845164306282,0.306481090025045,,0
P2_S1_B3_seed1009,S1,B3,"plant@(15.000,5.000)",1,r1.00_a150,150,1.0,14.13397459621556,5.5,True,True,True,11.59707961040044,0.31165775397676043,,0
P2_S1_B3_seed1009,S1,B3,"plant@(15.000,5.000)",1,r1.20_a150,150,1.2,13.960769515458674,5.6,True,True,True,11.573196408627242,0.3091276429768186,,0
P2_S1_B3_seed1009,S1,B3,"plant@(15.000,5.000)",1,r0.80_a330,330,0.8,15.69282032302755,4.6,True,True,False,,0.2913065890024882,path_infeasible_under_safety_checks,0
P2_S1_B3_seed1009,S1,B3,"plant@(15.000,5.000)",1,r1.00_a330,330,1.0,15.866025403784437,4.5,True,True,True,10.758542790584542,0.29526541198720224,,0
P2_S1_B3_seed1009,S1,B3,"plant@(15.000,5.000)",1,r1.20_a330,330,1.2,16.039230484541328,4.3999999999999995,True,True,True,10.669030007539787,0.2711425839806907,,0
P2_S1_B3_seed1009,S1,B3,"plant@(15.000,5.000)",1,r0.80_a120,120,0.8,14.6,5.692820323027551,True,True,True,12.194148481223241,0.25693874098942615,,0
P2_S1_B3_seed1009,S1,B3,"plant@(15.000,5.000)",1,r0.80_a000,0,0.8,15.8,5.0,True,True,True,11.385996044838237,0.3230068080010824,,0
P2_S1_B3_seed1009,S1,B3,"plant@(15.000,5.000)",1,r1.00_a120,120,1.0,14.5,5.866025403784438,True,True,True,12.13903381533081,0.2613041619770229,,0
P2_S1_B3_seed1009,S1,B3,"plant@(15.000,5.000)",1,r1.00_a000,0,1.0,16.0,5.0,True,True,True,11.330628847185901,0.2995657650171779,,0
P2_S1_B3_seed1009,S1,B3,"plant@(15.000,5.000)",1,r1.20_a120,120,1.2,14.4,6.039230484541326,True,True,True,12.175945218889364,0.259462893998716,,0
P2_S1_B3_seed1009,S1,B3,"plant@(15.000,5.000)",1,r0.80_a090,90,0.8,15.0,5.8,True,True,True,12.776985344684306,0.26345429598586634,,0
P2_S1_B3_seed1009,S1,B3,"plant@(15.000,5.000)",1,r0.80_a030,30,0.8,15.69282032302755,5.4,True,True,True,11.838858134333085,0.3243682119937148,,0
P2_S1_B3_seed1009,S1,B3,"plant@(15.000,5.000)",1,r1.20_a000,0,1.2,16.2,5.0,True,True,True,11.342344018420716,0.300400626991177,,0
P2_S1_B3_seed1009,S1,B3,"plant@(15.000,5.000)",1,r0.80_a060,60,0.8,15.4,5.692820323027551,True,True,True,12.300362579504252,0.26221349599654786,,0
P2_S1_B3_seed1009,S1,B3,"plant@(15.000,5.000)",1,r1.00_a090,90,1.0,15.0,6.0,True,True,True,12.77785939338216,0.27935962201445363,,0
P2_S1_B3_seed1009,S1,B3,"plant@(15.000,5.000)",1,r1.00_a030,30,1.0,15.86602540378444,5.5,True,True,True,11.945180729986564,0.32507882398203947,,0
P2_S1_B3_seed1009,S1,B3,"plant@(15.000,5.000)",1,r1.00_a060,60,1.0,15.5,5.866025403784438,True,True,True,12.344183653625441,0.305582159984624,,0
P2_S1_B3_seed1009,S1,B3,"plant@(15.000,5.000)",1,r1.20_a090,90,1.2,15.0,6.2,True,True,True,12.842238307558961,0.34174512900062837,,0
P2_S1_B3_seed1009,S1,B3,"plant@(15.000,5.000)",1,r1.20_a030,30,1.2,16.039230484541328,5.6,True,True,True,11.97479281588803,0.32185579198994674,,0
P2_S1_B3_seed1009,S1,B3,"plant@(15.000,5.000)",1,r1.20_a060,60,1.2,15.6,6.039230484541326,True,True,True,12.580622581359297,0.2849373530189041,,0
P2_S1_B3_seed1009,S1,B3,"plant@(15.000,5.000)",1,r1.00_a240,240,1.0,14.5,4.133974596215562,False,True,False,,0.27120156699675135,path_infeasible_under_safety_checks,0
P2_S1_B3_seed1009,S1,B3,"plant@(15.000,5.000)",1,r1.00_a210,210,1.0,14.13397459621556,4.5,False,True,False,,0.2838874919980299,path_infeasible_under_safety_checks,0
P2_S1_B3_seed1009,S1,B3,"plant@(15.000,5.000)",1,r1.00_a270,270,1.0,15.0,4.0,False,True,False,,0.26726311701349914,path_infeasible_under_safety_checks,0
P2_S1_B3_seed1009,S1,B3,"plant@(15.000,5.000)",1,r0.80_a240,240,0.8,14.6,4.307179676972449,False,True,False,,0.2874609099817462,path_infeasible_under_safety_checks,0
P2_S1_B3_seed1009,S1,B3,"plant@(15.000,5.000)",1,r0.80_a210,210,0.8,14.30717967697245,4.6,False,True,False,,0.3010831749998033,path_infeasible_under_safety_checks,0
P2_S1_B3_seed1010,S1,B3,"plant@(2.000,3.000)",1,r1.20_a240,240,1.2,1.3999999999999995,1.960769515458674,True,True,True,2.4021980321074725,0.17044497100869194,,1
P2_S1_B3_seed1010,S1,B3,"plant@(2.000,3.000)",1,r1.20_a210,210,1.2,0.9607695154586737,2.4,True,True,True,2.5982584977119902,0.18544425701838918,,0
P2_S1_B3_seed1010,S1,B3,"plant@(2.000,3.000)",1,r1.00_a240,240,1.0,1.4999999999999996,2.1339745962155616,True,True,True,2.602031634036085,0.18071026701363735,,0
P2_S1_B3_seed1010,S1,B3,"plant@(2.000,3.000)",1,r1.20_a270,270,1.2,1.9999999999999998,1.8,True,True,True,2.6786582306225384,0.16766003798693419,,0
P2_S1_B3_seed1010,S1,B3,"plant@(2.000,3.000)",1,r1.00_a210,210,1.0,1.1339745962155614,2.5,True,True,True,2.74531223429477,0.178582666994771,,0
P2_S1_B3_seed1010,S1,B3,"plant@(2.000,3.000)",1,r0.80_a240,240,0.8,1.5999999999999996,2.3071796769724493,True,True,True,2.803764317979718,0.18572829201002605,,0
P2_S1_B3_seed1010,S1,B3,"plant@(2.000,3.000)",1,r1.00_a270,270,1.0,1.9999999999999998,2.0,True,True,True,2.816025931651265,0.1841460249852389,,0
P2_S1_B3_seed1010,S1,B3,"plant@(2.000,3.000)",1,r0.80_a210,210,0.8,1.307179676972449,2.5999999999999996,True,True,True,2.9198346466490075,0.19002133700996637,,0
P2_S1_B3_seed1010,S1,B3,"plant@(2.000,3.000)",1,r0.80_a270,270,0.8,1.9999999999999998,2.2,True,True,True,2.96247563771313,0.19861145698814653,,0
P2_S1_B3_seed1010,S1,B3,"plant@(2.000,3.000)",1,r1.20_a180,180,1.2,0.8,3.0,True,True,True,3.1847430226150277,0.2004479210008867,,0
P2_S1_B3_seed1010,S1,B3,"plant@(2.000,3.000)",1,r1.00_a180,180,1.0,1.0,3.0,True,True,True,3.169875174869212,0.20325610600411892,,0
P2_S1_B3_seed1010,S1,B3,"plant@(2.000,3.000)",1,r0.80_a180,180,0.8,1.2,3.0,True,True,True,3.2416304739555724,0.20834690300398506,,0
P2_S1_B3_seed1010,S1,B3,"plant@(2.000,3.000)",1,r1.20_a300,300,1.2,2.6,1.9607695154586737,True,True,True,3.2493641108315225,0.21029132002149709,,0
P2_S1_B3_seed1010,S1,B3,"plant@(2.000,3.000)",1,r1.00_a300,300,1.0,2.5,2.1339745962155616,True,True,True,3.2803082874835803,0.22144112701062113,,0
P2_S1_B3_seed1010,S1,B3,"plant@(2.000,3.000)",1,r0.80_a300,300,0.8,2.4000000000000004,2.3071796769724493,True,True,True,3.3238474265494395,0.23950473399600014,,0
P2_S1_B3_seed1010,S1,B3,"plant@(2.000,3.000)",1,r0.80_a150,150,0.8,1.3071796769724489,3.4,True,True,True,3.697423411089156,0.25036260500201024,,0
P2_S1_B3_seed1010,S1,B3,"plant@(2.000,3.000)",1,r1.00_a150,150,1.0,1.1339745962155612,3.5,True,True,True,3.688042177210573,0.24160756400669925,,0
P2_S1_B3_seed1010,S1,B3,"plant@(2.000,3.000)",1,r1.20_a150,150,1.2,0.9607695154586735,3.5999999999999996,True,True,True,3.7664397493190878,0.246913073991891,,0
P2_S1_B3_seed1010,S1,B3,"plant@(2.000,3.000)",1,r0.80_a330,330,0.8,2.6928203230275507,2.5999999999999996,True,True,True,3.7670170039224296,0.2525369430077262,,0
P2_S1_B3_seed1010,S1,B3,"plant@(2.000,3.000)",1,r1.00_a330,330,1.0,2.8660254037844384,2.4999999999999996,True,True,True,3.8177101866375125,0.25888923500315286,,0
P2_S1_B3_seed1010,S1,B3,"plant@(2.000,3.000)",1,r1.20_a330,330,1.2,3.039230484541326,2.3999999999999995,True,True,True,3.862814351084195,0.25125875999219716,,0
P2_S1_B3_seed1010,S1,B3,"plant@(2.000,3.000)",1,r0.80_a000,0,0.8,2.8,3.0,True,True,True,4.198710423429075,0.2668526569905225,,0
P2_S1_B3_seed1010,S1,B3,"plant@(2.000,3.000)",1,r1.00_a120,120,1.0,1.5000000000000002,3.866025403784439,True,True,True,4.349087003878647,0.2893419879837893,,0
P2_S1_B3_seed1010,S1,B3,"plant@(2.000,3.000)",1,r1.00_a000,0,1.0,3.0,3.0,True,True,True,4.262439227569819,0.27634189199307,,0
P2_S1_B3_seed1010,S1,B3,"plant@(2.000,3.000)",1,r1.20_a120,120,1.2,1.4000000000000004,4.039230484541326,True,True,True,4.307100999716338,0.2795153979968745,,0
P2_S1_B3_seed1010,S1,B3,"plant@(2.000,3.000)",1,r0.80_a030,30,0.8,2.692820323027551,3.4,True,True,True,4.6843439254528665,0.29680116500821896,,0
P2_S1_B3_seed1010,S1,B3,"plant@(2.000,3.000)",1,r1.20_a000,0,1.2,3.2,3.0,True,True,True,4.391661197065614,0.2866094399942085,,0
P2_S1_B3_seed1010,S1,B3,"plant@(2.000,3.000)",1,r1.00_a090,90,1.0,2.0,4.0,True,True,True,4.93275588851247,0.3116602029767819,,0
P2_S1_B3_seed1010,S1,B3,"plant@(2.000,3.000)",1,r1.00_a030,30,1.0,2.866025403784439,3.5,True,True,True,4.733839035284139,0.3221413930004928,,0
P2_S1_B3_seed1010,S1,B3,"plant@(2.000,3.000)",1,r1.00_a060,60,1.0,2.5,3.8660254037844384,True,True,True,5.290531886297779,0.38983438900322653,,0
P2_S1_B3_seed1010,S1,B3,"plant@(2.000,3.000)",1,r1.20_a090,90,1.2,2.0,4.2,True,True,True,4.937109901060667,0.30689829000039026,,0
P2_S1_B3_seed1010,S1,B3,"plant@(2.000,3.000)",1,r1.20_a030,30,1.2,3.0392304845413265,3.5999999999999996,True,True,True,4.865006267629385,0.31903108599362895,,0
P2_S1_B3_seed1010,S1,B3,"plant@(12.000,2.000)",1,r1.20_a240,240,1.2,11.399999999999999,0.960769515458674,True,True,True,14.244923145502648,0.2755891320121009,,1
P2_S1_B3_seed1010,S1,B3,"plant@(12.000,2.000)",1,r1.20_a090,90,1.2,12.0,3.2,True,True,True,16.816757812459418,0.28218757099239156,,0
P2_S1_B3_seed1010,S1,B3,"plant@(12.000,2.000)",1,r0.80_a060,60,0.8,12.4,2.6928203230275507,True,True,True,17.31217432905421,0.2890368980006315,,0
P2_S1_B3_seed1010,S1,B3,"plant@(12.000,2.000)",1,r1.00_a060,60,1.0,12.5,2.8660254037844384,True,True,True,17.328718434655023,0.29923213098663837,,0
P2_S1_B3_seed1010,S1,B3,"plant@(12.000,2.000)",1,r1.20_a060,60,1.2,12.6,3.039230484541326,True,True,True,17.03212800687902,0.281643323978642,,0
P2_S1_B3_seed1010,S1,B3,"plant@(12.000,2.000)",1,r0.80_a030,30,0.8,12.69282032302755,2.4,True,True,True,17.826654552400015,0.23103955399710685,,0
P2_S1_B3_seed1010,S1,B3,"plant@(12.000,2.000)",1,r0.80_a330,330,0.8,12.69282032302755,1.5999999999999996,True,True,True,17.853391422368688,0.2830576919950545,,0
P2_S1_B3_seed1010,S1,B3,"plant@(12.000,2.000)",1,r0.80_a000,0,0.8,12.8,2.0,True,True,True,18.014331826144993,0.28757912598666735,,0
P2_S1_B3_seed1010,S1,B3,"plant@(12.000,2.000)",1,r1.00_a030,30,1.0,12.86602540378444,2.5,True,True,True,17.67608792587329,0.27387348099728115,,0
P2_S1_B3_seed1010,S1,B3,"plant@(12.000,2.000)",1,r1.00_a330,330,1.0,12.866025403784437,1.4999999999999996,True,True,True,17.570412042963007,0.29238455498125404,,0
P2_S1_B3_seed1010,S1,B3,"plant@(12.000,2.000)",1,r1.00_a000,0,1.0,13.0,2.0,True,True,True,18.0462908630043,0.24599607900017872,,0
P2_S1_B3_seed1010,S1,B3,"plant@(12.000,2.000)",1,r1.20_a030,30,1.2,13.039230484541326,2.5999999999999996,True,True,True,17.642407911092384,0.28707165000378154,,0
P2_S1_B3_seed1010,S1,B3,"plant@(12.000,2.000)",1,r1.20_a330,330,1.2,13.039230484541326,1.3999999999999995,True,True,True,17.474384034181078,0.26831116099492647,,0
P2_S1_B3_seed1010,S1,B3,"plant@(12.000,2.000)",1,r1.20_a000,0,1.2,13.2,2.0,True,True,True,17.983828032411424,0.29089579099672846,,0
P2_S1_B3_seed1010,S1,B3,"plant@(12.000,2.000)",1,r1.20_a180,180,1.2,10.8,2.0,False,True,False,,0.24736236600438133,path_infeasible_under_safety_checks,0
P2_S1_B3_seed1010,S1,B3,"plant@(12.000,2.000)",1,r1.20_a150,150,1.2,10.960769515458674,2.5999999999999996,False,True,False,,0.2568189409794286,path_infeasible_under_safety_checks,0
P2_S1_B3_seed1010,S1,B3,"plant@(12.000,2.000)",1,r1.20_a210,210,1.2,10.960769515458674,1.4,False,True,False,,0.2913305480033159,path_infeasible_under_safety_checks,0
P2_S1_B3_seed1010,S1,B3,"plant@(12.000,2.000)",1,r1.00_a180,180,1.0,11.0,2.0,False,True,False,,0.25586218902026303,path_infeasible_under_safety_checks,0
P2_S1_B3_seed1010,S1,B3,"plant@(12.000,2.000)",1,r1.00_a150,150,1.0,11.13397459621556,2.5,False,True,False,,0.2409804950002581,path_infeasible_under_safety_checks,0
P2_S1_B3_seed1010,S1,B3,"plant@(12.000,2.000)",1,r1.00_a210,210,1.0,11.13397459621556,1.5,False,True,False,,0.30888334999326617,path_infeasible_under_safety_checks,0
P2_S1_B3_seed1010,S1,B3,"plant@(12.000,2.000)",1,r0.80_a180,180,0.8,11.2,2.0,False,True,False,,0.2378577400231734,path_infeasible_under_safety_checks,0
P2_S1_B3_seed1010,S1,B3,"plant@(12.000,2.000)",1,r0.80_a150,150,0.8,11.30717967697245,2.4,False,True,False,,0.25214754199259914,path_infeasible_under_safety_checks,0
P2_S1_B3_seed1010,S1,B3,"plant@(12.000,2.000)",1,r0.80_a210,210,0.8,11.30717967697245,1.5999999999999999,False,True,False,,0.30490251499577425,path_infeasible_under_safety_checks,0
P2_S1_B3_seed1010,S1,B3,"plant@(12.000,2.000)",1,r1.20_a120,120,1.2,11.4,3.0392304845413265,False,True,False,,0.28000086202519014,path_infeasible_under_safety_checks,0
P2_S1_B3_seed1010,S1,B3,"plant@(12.000,2.000)",1,r1.00_a120,120,1.0,11.5,2.866025403784439,False,True,False,,0.3229457550041843,path_infeasible_under_safety_checks,0
P2_S1_B3_seed1010,S1,B3,"plant@(12.000,2.000)",1,r1.00_a240,240,1.0,11.5,1.1339745962155616,False,True,False,,0.279258402006235,path_infeasible_under_safety_checks,0
P2_S1_B3_seed1010,S1,B3,"plant@(12.000,2.000)",1,r0.80_a120,120,0.8,11.6,2.692820323027551,False,True,False,,0.2932293970079627,path_infeasible_under_safety_checks,0
P2_S1_B3_seed1010,S1,B3,"plant@(12.000,2.000)",1,r0.80_a240,240,0.8,11.6,1.3071796769724493,False,True,False,,0.3037860470067244,path_infeasible_under_safety_checks,0
P2_S1_B3_seed1010,S1,B3,"plant@(12.000,2.000)",1,r0.80_a090,90,0.8,12.0,2.8,False,True,False,,0.2692807739949785,path_infeasible_under_safety_checks,0
P2_S1_B3_seed1010,S1,B3,"plant@(12.000,2.000)",1,r1.00_a090,90,1.0,12.0,3.0,False,True,False,,0.2698035610083025,path_infeasible_under_safety_checks,0
P2_S1_B3_seed1010,S1,B3,"plant@(12.000,2.000)",1,r0.80_a270,270,0.8,12.0,1.2,False,True,False,,0.2987403619918041,path_infeasible_under_safety_checks,0
P2_S1_B3_seed1010,S1,B3,"plant@(12.000,2.000)",1,r1.00_a270,270,1.0,12.0,1.0,False,True,False,,0.29514210898196325,path_infeasible_under_safety_checks,0
P2_S1_B3_seed1010,S1,B3,"plant@(15.000,5.000)",1,r1.20_a240,240,1.2,14.399999999999999,3.960769515458674,True,True,True,10.515574756053416,0.2968859990069177,,0
P2_S1_B3_seed1010,S1,B3,"plant@(15.000,5.000)",1,r1.20_a210,210,1.2,13.960769515458674,4.4,True,True,True,11.964324804125267,0.3305335759941954,,0
P2_S1_B3_seed1010,S1,B3,"plant@(15.000,5.000)",1,r1.20_a270,270,1.2,15.0,3.8,True,True,True,10.514561416727952,0.28577572299400344,,1
P2_S1_B3_seed1010,S1,B3,"plant@(15.000,5.000)",1,r1.20_a180,180,1.2,13.8,5.0,True,True,True,11.702367637550664,0.30484810599591583,,0
P2_S1_B3_seed1010,S1,B3,"plant@(15.000,5.000)",1,r1.00_a180,180,1.0,14.0,5.0,True,True,True,11.882079026009494,0.31775433899019845,,0
P2_S1_B3_seed1010,S1,B3,"plant@(15.000,5.000)",1,r1.20_a300,300,1.2,15.6,3.960769515458674,True,True,True,10.895297664311679,0.2851629659999162,,0
P2_S1_B3_seed1010,S1,B3,"plant@(15.000,5.000)",1,r1.00_a150,150,1.0,14.13397459621556,5.5,True,True,True,12.313526395795048,0.2690057499858085,,0
P2_S1_B3_seed1010,S1,B3,"plant@(15.000,5.000)",1,r0.80_a150,150,0.8,14.30717967697245,5.4,True,True,True,12.417392226133206,0.2626268780149985,,0
P2_S1_B3_seed1010,S1,B3,"plant@(15.000,5.000)",1,r1.20_a150,150,1.2,13.960769515458674,5.6,True,True,True,12.936289680275026,0.2693856580008287,,0
P2_S1_B3_seed1010,S1,B3,"plant@(15.000,5.000)",1,r0.80_a330,330,0.8,15.69282032302755,4.6,True,True,False,,0.3330496530106757,path_infeasible_under_safety_checks,0
P2_S1_B3_seed1010,S1,B3,"plant@(15.000,5.000)",1,r1.00_a330,330,1.0,15.866025403784437,4.5,True,True,True,11.614843426786837,0.3033176120079588,,0
P2_S1_B3_seed1010,S1,B3,"plant@(15.000,5.000)",1,r1.20_a330,330,1.2,16.039230484541328,4.3999999999999995,True,True,True,11.449835476602672,0.31007397099165246,,0
P2_S1_B3_seed1010,S1,B3,"plant@(15.000,5.000)",1,r0.80_a120,120,0.8,14.6,5.692820323027551,True,True,True,12.97958817402262,0.26583530800417066,,0
P2_S1_B3_seed1010,S1,B3,"plant@(15.000,5.000)",1,r1.00_a120,120,1.0,14.5,5.866025403784438,True,True,True,12.875616803920465,0.2637876209919341,,0
P2_S1_B3_seed1010,S1,B3,"plant@(15.000,5.000)",1,r1.20_a120,120,1.2,14.4,6.039230484541326,True,True,True,12.961290921375728,0.353626958996756,,0
P2_S1_B3_seed1010,S1,B3,"plant@(15.000,5.000)",1,r0.80_a000,0,0.8,15.8,5.0,True,True,True,12.171718057118568,0.24556844698963687,,0
P2_S1_B3_seed1010,S1,B3,"plant@(15.000,5.000)",1,r0.80_a090,90,0.8,15.0,5.8,True,True,True,13.582356842027723,0.27513862898922525,,0
P2_S1_B3_seed1010,S1,B3,"plant@(15.000,5.000)",1,r1.00_a000,0,1.0,16.0,5.0,True,True,True,12.102057156258276,0.248973905981984,,0
P2_S1_B3_seed1010,S1,B3,"plant@(15.000,5.000)",1,r0.80_a030,30,0.8,15.69282032302755,5.4,True,True,True,12.701169779330856,0.26451255500433035,,0
P2_S1_B3_seed1010,S1,B3,"plant@(15.000,5.000)",1,r0.80_a060,60,0.8,15.4,5.692820323027551,True,True,True,13.159174966570173,0.2709021859918721,,0
P2_S1_B3_seed1010,S1,B3,"plant@(15.000,5.000)",1,r1.00_a090,90,1.0,15.0,6.0,True,True,True,13.502546757889103,0.2778773080208339,,0
P2_S1_B3_seed1010,S1,B3,"plant@(15.000,5.000)",1,r1.20_a000,0,1.2,16.2,5.0,True,True,True,12.10654227591798,0.24348075801390223,,0
P2_S1_B3_seed1010,S1,B3,"plant@(15.000,5.000)",1,r1.00_a030,30,1.0,15.86602540378444,5.5,True,True,True,12.711113805441805,0.26724487100727856,,0
P2_S1_B3_seed1010,S1,B3,"plant@(15.000,5.000)",1,r1.20_a090,90,1.2,15.0,6.2,True,True,True,13.666073655143974,0.277565135009354,,0
P2_S1_B3_seed1010,S1,B3,"plant@(15.000,5.000)",1,r1.00_a060,60,1.0,15.5,5.866025403784438,True,True,True,13.270330844447324,0.2641847929917276,,0
P2_S1_B3_seed1010,S1,B3,"plant@(15.000,5.000)",1,r1.20_a030,30,1.2,16.039230484541328,5.6,True,True,True,12.831200687404719,0.2599362609907985,,0
P2_S1_B3_seed1010,S1,B3,"plant@(15.000,5.000)",1,r1.20_a060,60,1.2,15.6,6.039230484541326,True,True,True,13.265035139824374,0.2732127539929934,,0
P2_S1_B3_seed1010,S1,B3,"plant@(15.000,5.000)",1,r1.00_a240,240,1.0,14.5,4.133974596215562,False,True,False,,0.2800207920081448,path_infeasible_under_safety_checks,0
P2_S1_B3_seed1010,S1,B3,"plant@(15.000,5.000)",1,r1.00_a210,210,1.0,14.13397459621556,4.5,False,True,False,,0.287995623977622,path_infeasible_under_safety_checks,0
P2_S1_B3_seed1010,S1,B3,"plant@(15.000,5.000)",1,r0.80_a240,240,0.8,14.6,4.307179676972449,False,True,False,,0.3452159500156995,path_infeasible_under_safety_checks,0
P2_S1_B3_seed1010,S1,B3,"plant@(15.000,5.000)",1,r0.80_a210,210,0.8,14.30717967697245,4.6,False,True,False,,0.3069262719945982,path_infeasible_under_safety_checks,0
P2_S1_B3_seed1010,S1,B3,"plant@(15.000,5.000)",1,r1.00_a270,270,1.0,15.0,4.0,False,True,False,,0.2852236950129736,path_infeasible_under_safety_checks,0
P2_S1_P_seed1001,S1,P,"plant@(2.000,3.000)",1,r1.20_a240,240,1.2,1.3999999999999995,1.960769515458674,True,True,True,2.4021980321074725,0.17329027800587937,,1
P2_S1_P_seed1001,S1,P,"plant@(2.000,3.000)",1,r1.20_a210,210,1.2,0.9607695154586737,2.4,True,True,True,2.5982584977119902,0.19894731199019589,,0
P2_S1_P_seed1001,S1,P,"plant@(2.000,3.000)",1,r1.00_a240,240,1.0,1.4999999999999996,2.1339745962155616,True,True,True,2.602031634036085,0.17333606601459906,,0
P2_S1_P_seed1001,S1,P,"plant@(2.000,3.000)",1,r1.20_a270,270,1.2,1.9999999999999998,1.8,True,True,True,2.6786582306225384,0.23454073898028582,,0
P2_S1_P_seed1001,S1,P,"plant@(2.000,3.000)",1,r1.00_a210,210,1.0,1.1339745962155614,2.5,True,True,True,2.74531223429477,0.28322194700012915,,0
P2_S1_P_seed1001,S1,P,"plant@(2.000,3.000)",1,r0.80_a240,240,0.8,1.5999999999999996,2.3071796769724493,True,True,True,2.803764317979718,0.2955999860132579,,0
P2_S1_P_seed1001,S1,P,"plant@(2.000,3.000)",1,r1.00_a270,270,1.0,1.9999999999999998,2.0,True,True,True,2.816025931651265,0.22973014999297448,,0
P2_S1_P_seed1001,S1,P,"plant@(2.000,3.000)",1,r0.80_a210,210,0.8,1.307179676972449,2.5999999999999996,True,True,True,2.9198346466490075,0.20567547000246122,,0
P2_S1_P_seed1001,S1,P,"plant@(2.000,3.000)",1,r0.80_a270,270,0.8,1.9999999999999998,2.2,True,True,True,2.96247563771313,0.20291813000221737,,0
P2_S1_P_seed1001,S1,P,"plant@(2.000,3.000)",1,r1.20_a180,180,1.2,0.8,3.0,True,True,True,3.1847430226150277,0.19697590699070133,,0
P2_S1_P_seed1001,S1,P,"plant@(2.000,3.000)",1,r1.00_a180,180,1.0,1.0,3.0,True,True,True,3.169875174869212,0.211527711013332,,0
P2_S1_P_seed1001,S1,P,"plant@(2.000,3.000)",1,r0.80_a180,180,0.8,1.2,3.0,True,True,True,3.2416304739555724,0.21042284500435926,,0
P2_S1_P_seed1001,S1,P,"plant@(2.000,3.000)",1,r1.20_a300,300,1.2,2.6,1.9607695154586737,True,True,True,3.2493641108315225,0.21315545099787414,,0
P2_S1_P_seed1001,S1,P,"plant@(2.000,3.000)",1,r1.00_a300,300,1.0,2.5,2.1339745962155616,True,True,True,3.2803082874835803,0.22667793100117706,,0
P2_S1_P_seed1001,S1,P,"plant@(2.000,3.000)",1,r0.80_a300,300,0.8,2.4000000000000004,2.3071796769724493,True,True,True,3.3238474265494395,0.21552065102150664,,0
P2_S1_P_seed1001,S1,P,"plant@(2.000,3.000)",1,r0.80_a150,150,0.8,1.3071796769724489,3.4,True,True,True,3.697423411089156,0.24291493897908367,,0
P2_S1_P_seed1001,S1,P,"plant@(2.000,3.000)",1,r1.00_a150,150,1.0,1.1339745962155612,3.5,True,True,True,3.688042177210573,0.24350262901862152,,0
P2_S1_P_seed1001,S1,P,"plant@(2.000,3.000)",1,r1.20_a150,150,1.2,0.9607695154586735,3.5999999999999996,True,True,True,3.7664397493190878,0.22888699901523069,,0
P2_S1_P_seed1001,S1,P,"plant@(2.000,3.000)",1,r0.80_a330,330,0.8,2.6928203230275507,2.5999999999999996,True,True,True,3.7670170039224296,0.24686813799780793,,0
P2_S1_P_seed1001,S1,P,"plant@(2.000,3.000)",1,r1.00_a330,330,1.0,2.8660254037844384,2.4999999999999996,True,True,True,3.8177101866375125,0.25062520999927074,,0
P2_S1_P_seed1001,S1,P,"plant@(2.000,3.000)",1,r1.20_a330,330,1.2,3.039230484541326,2.3999999999999995,True,True,True,3.862814351084195,0.23692111700074747,,0
P2_S1_P_seed1001,S1,P,"plant@(2.000,3.000)",1,r0.80_a000,0,0.8,2.8,3.0,True,True,True,4.198710423429075,0.24873730598483235,,0
P2_S1_P_seed1001,S1,P,"plant@(2.000,3.000)",1,r1.00_a120,120,1.0,1.5000000000000002,3.866025403784439,True,True,True,4.349087003878647,0.27626934499130584,,0
P2_S1_P_seed1001,S1,P,"plant@(2.000,3.000)",1,r1.00_a000,0,1.0,3.0,3.0,True,True,True,4.262439227569819,0.26450245999149047,,0
P2_S1_P_seed1001,S1,P,"plant@(2.000,3.000)",1,r1.20_a120,120,1.2,1.4000000000000004,4.039230484541326,True,True,True,4.307100999716338,0.2751585799851455,,0
P2_S1_P_seed1001,S1,P,"plant@(2.000,3.000)",1,r0.80_a030,30,0.8,2.692820323027551,3.4,True,True,True,4.6843439254528665,0.28601343400077894,,0
P2_S1_P_seed1001,S1,P,"plant@(2.000,3.000)",1,r1.20_a000,0,1.2,3.2,3.0,True,True,True,4.391661197065614,0.2743176850199234,,0
P2_S1_P_seed1001,S1,P,"plant@(2.000,3.000)",1,r1.00_a090,90,1.0,2.0,4.0,True,True,True,4.93275588851247,0.30552092401194386,,0
P2_S1_P_seed1001,S1,P,"plant@(2.000,3.000)",1,r1.00_a030,30,1.0,2.866025403784439,3.5,True,True,True,4.733839035284139,0.2987041269952897,,0
P2_S1_P_seed1001,S1,P,"plant@(2.000,3.000)",1,r1.00_a060,60,1.0,2.5,3.8660254037844384,True,True,True,5.290531886297779,0.3392941580095794,,0
P2_S1_P_seed1001,S1,P,"plant@(2.000,3.000)",1,r1.20_a090,90,1.2,2.0,4.2,True,True,True,4.937109901060667,0.3067254669731483,,0
P2_S1_P_seed1001,S1,P,"plant@(2.000,3.000)",1,r1.20_a030,30,1.2,3.0392304845413265,3.5999999999999996,True,True,True,4.865006267629385,0.29620785199222155,,0
P2_S1_P_seed1001,S1,P,"plant@(12.000,2.000)",1,r1.20_a240,240,1.2,11.399999999999999,0.960769515458674,True,True,True,14.244923145502648,0.2642876290192362,,1
P2_S1_P_seed1001,S1,P,"plant@(12.000,2.000)",1,r1.20_a090,90,1.2,12.0,3.2,True,True,True,16.816757812459418,0.2776708739984315,,0
P2_S1_P_seed1001,S1,P,"plant@(12.000,2.000)",1,r0.80_a060,60,0.8,12.4,2.6928203230275507,True,True,True,17.31217432905421,0.3118329239950981,,0
P2_S1_P_seed1001,S1,P,"plant@(12.000,2.000)",1,r1.00_a060,60,1.0,12.5,2.8660254037844384,True,True,True,17.328718434655023,0.31362194000394084,,0
P2_S1_P_seed1001,S1,P,"plant@(12.000,2.000)",1,r1.20_a060,60,1.2,12.6,3.039230484541326,True,True,True,17.03212800687902,0.30511819300591014,,0
P2_S1_P_seed1001,S1,P,"plant@(12.000,2.000)",1,r0.80_a030,30,0.8,12.69282032302755,2.4,True,True,True,17.826654552400015,0.309924292989308,,0
P2_S1_P_seed1001,S1,P,"plant@(12.000,2.000)",1,r0.80_a330,330,0.8,12.69282032302755,1.5999999999999996,True,True,True,17.853391422368688,0.36613235698314384,,0
P2_S1_P_seed1001,S1,P,"plant@(12.000,2.000)",1,r0.80_a000,0,0.8,12.8,2.0,True,True,True,18.014331826144993,0.3371862169879023,,0
P2_S1_P_seed1001,S1,P,"plant@(12.000,2.000)",1,r1.00_a030,30,1.0,12.86602540378444,2.5,True,True,True,17.67608792587329,0.4869818019797094,,0
P2_S1_P_seed1001,S1,P,"plant@(12.000,2.000)",1,r1.00_a330,330,1.0,12.866025403784437,1.4999999999999996,True,True,True,17.570412042963007,0.3960503980051726,,0
P2_S1_P_seed1001,S1,P,"plant@(12.000,2.000)",1,r1.00_a000,0,1.0,13.0,2.0,True,True,True,18.0462908630043,0.37808524700812995,,0
P2_S1_P_seed1001,S1,P,"plant@(12.000,2.000)",1,r1.20_a030,30,1.2,13.039230484541326,2.5999999999999996,True,True,True,17.642407911092384,0.31639432901283726,,0
P2_S1_P_seed1001,S1,P,"plant@(12.000,2.000)",1,r1.20_a330,330,1.2,13.039230484541326,1.3999999999999995,True,True,True,17.474384034181078,0.3354136629786808,,0
P2_S1_P_seed1001,S1,P,"plant@(12.000,2.000)",1,r1.20_a000,0,1.2,13.2,2.0,True,True,True,17.983828032411424,0.355350127996644,,0
P2_S1_P_seed1001,S1,P,"plant@(12.000,2.000)",1,r1.20_a180,180,1.2,10.8,2.0,False,True,False,,0.29277477599680424,path_infeasible_under_safety_checks,0
P2_S1_P_seed1001,S1,P,"plant@(12.000,2.000)",1,r1.20_a150,150,1.2,10.960769515458674,2.5999999999999996,False,True,False,,0.30235718298354186,path_infeasible_under_safety_checks,0
P2_S1_P_seed1001,S1,P,"plant@(12.000,2.000)",1,r1.20_a210,210,1.2,10.960769515458674,1.4,False,True,False,,0.31869040097808465,path_infeasible_under_safety_checks,0
P2_S1_P_seed1001,S1,P,"plant@(12.000,2.000)",1,r1.00_a180,180,1.0,11.0,2.0,False,True,False,,0.2805166039906908,path_infeasible_under_safety_checks,0
P2_S1_P_seed1001,S1,P,"plant@(12.000,2.000)",1,r1.00_a150,150,1.0,11.13397459621556,2.5,False,True,False,,0.2789463300141506,path_infeasible_under_safety_checks,0
P2_S1_P_seed1001,S1,P,"plant@(12.000,2.000)",1,r1.00_a210,210,1.0,11.13397459621556,1.5,False,True,False,,0.3447018600127194,path_infeasible_under_safety_checks,0
P2_S1_P_seed1001,S1,P,"plant@(12.000,2.000)",1,r0.80_a180,180,0.8,11.2,2.0,False,True,False,,0.28812739200657234,path_infeasible_under_safety_checks,0
P2_S1_P_seed1001,S1,P,"plant@(12.000,2.000)",1,r0.80_a150,150,0.8,11.30717967697245,2.4,False,True,False,,0.31038648801040836,path_infeasible_under_safety_checks,0
P2_S1_P_seed1001,S1,P,"plant@(12.000,2.000)",1,r0.80_a210,210,0.8,11.30717967697245,1.5999999999999999,False,True,False,,0.46158338300301693,path_infeasible_under_safety_checks,0
P2_S1_P_seed1001,S1,P,"plant@(12.000,2.000)",1,r1.20_a120,120,1.2,11.4,3.0392304845413265,False,True,False,,0.3486523430037778,path_infeasible_under_safety_checks,0
P2_S1_P_seed1001,S1,P,"plant@(12.000,2.000)",1,r1.00_a120,120,1.0,11.5,2.866025403784439,False,True,False,,0.3118723859952297,path_infeasible_under_safety_checks,0
P2_S1_P_seed1001,S1,P,"plant@(12.000,2.000)",1,r1.00_a240,240,1.0,11.5,1.1339745962155616,False,True,False,,0.27580816100817174,path_infeasible_under_safety_checks,0
P2_S1_P_seed1001,S1,P,"plant@(12.000,2.000)",1,r0.80_a120,120,0.8,11.6,2.692820323027551,False,True,False,,0.29515317402547225,path_infeasible_under_safety_checks,0
P2_S1_P_seed1001,S1,P,"plant@(12.000,2.000)",1,r0.80_a240,240,0.8,11.6,1.3071796769724493,False,True,False,,0.3033532189729158,path_infeasible_under_safety_checks,0
P2_S1_P_seed1001,S1,P,"plant@(12.000,2.000)",1,r0.80_a090,90,0.8,12.0,2.8,False,True,False,,0.3185174230020493,path_infeasible_under_safety_checks,0
P2_S1_P_seed1001,S1,P,"plant@(12.000,2.000)",1,r1.00_a090,90,1.0,12.0,3.0,False,True,False,,0.27593078700010665,path_infeasible_under_safety_checks,0
P2_S1_P_seed1001,S1,P,"plant@(12.000,2.000)",1,r0.80_a270,270,0.8,12.0,1.2,False,True,False,,0.3034673359943554,path_infeasible_under_safety_checks,0
P2_S1_P_seed1001,S1,P,"plant@(12.000,2.000)",1,r1.00_a270,270,1.0,12.0,1.0,False,True,False,,0.2927534999907948,path_infeasible_under_safety_checks,0
P2_S1_P_seed1001,S1,P,"plant@(15.000,5.000)",1,r1.20_a240,240,1.2,14.399999999999999,3.960769515458674,True,True,True,2.223564418334831,0.27619025300373323,,1
P2_S1_P_seed1001,S1,P,"plant@(15.000,5.000)",1,r1.20_a210,210,1.2,13.960769515458674,4.4,True,True,True,2.447985537819203,0.341277817991795,,0
P2_S1_P_seed1001,S1,P,"plant@(15.000,5.000)",1,r1.20_a270,270,1.2,15.0,3.8,True,True,True,2.5494132197404764,0.33544968100613914,,0
P2_S1_P_seed1001,S1,P,"plant@(15.000,5.000)",1,r1.20_a180,180,1.2,13.8,5.0,True,True,True,2.9588755180424173,0.38918433399521746,,0
P2_S1_P_seed1001,S1,P,"plant@(15.000,5.000)",1,r1.00_a180,180,1.0,14.0,5.0,True,True,True,3.1489604396634867,0.4158528060070239,,0
P2_S1_P_seed1001,S1,P,"plant@(15.000,5.000)",1,r1.20_a300,300,1.2,15.6,3.960769515458674,True,True,True,3.214058168620874,0.46806822100188583,,0
P2_S1_P_seed1001,S1,P,"plant@(15.000,5.000)",1,r0.80_a150,150,0.8,14.30717967697245,5.4,True,True,True,3.7249754532554222,0.49277521201292984,,0
P2_S1_P_seed1001,S1,P,"plant@(15.000,5.000)",1,r1.00_a150,150,1.0,14.13397459621556,5.5,True,True,True,3.6238305715043326,0.48037596701760776,,0
P2_S1_P_seed1001,S1,P,"plant@(15.000,5.000)",1,r1.20_a150,150,1.2,13.960769515458674,5.6,True,True,True,3.580381117868669,0.4924865810025949,,0
P2_S1_P_seed1001,S1,P,"plant@(15.000,5.000)",1,r0.80_a330,330,0.8,15.69282032302755,4.6,True,True,False,,0.5658458399993833,path_infeasible_under_safety_checks,0
P2_S1_P_seed1001,S1,P,"plant@(15.000,5.000)",1,r1.00_a330,330,1.0,15.866025403784437,4.5,True,True,True,3.8641005098906445,0.5465760010119993,,0
P2_S1_P_seed1001,S1,P,"plant@(15.000,5.000)",1,r1.20_a330,330,1.2,16.039230484541328,4.3999999999999995,True,True,True,3.7870652699708685,0.5145708829804789,,0
P2_S1_P_seed1001,S1,P,"plant@(15.000,5.000)",1,r0.80_a120,120,0.8,14.6,5.692820323027551,True,True,True,4.072246459011645,0.5255850690009538,,0
P2_S1_P_seed1001,S1,P,"plant@(15.000,5.000)",1,r0.80_a000,0,0.8,15.8,5.0,True,True,True,4.423680919271549,0.5150174720038194,,0
P2_S1_P_seed1001,S1,P,"plant@(15.000,5.000)",1,r1.00_a120,120,1.0,14.5,5.866025403784438,True,True,True,3.9827544607162997,0.39860816998407245,,0
P2_S1_P_seed1001,S1,P,"plant@(15.000,5.000)",1,r1.00_a000,0,1.0,16.0,5.0,True,True,True,4.403073639467926,0.5397072800260503,,0
P2_S1_P_seed1001,S1,P,"plant@(15.000,5.000)",1,r1.20_a120,120,1.2,14.4,6.039230484541326,True,True,True,4.003655963669959,0.5599827739933971,,0
P2_S1_P_seed1001,S1,P,"plant@(15.000,5.000)",1,r0.80_a090,90,0.8,15.0,5.8,True,True,True,4.544811845075023,0.5122551970125642,,0
P2_S1_P_seed1001,S1,P,"plant@(15.000,5.000)",1,r0.80_a030,30,0.8,15.69282032302755,5.4,True,True,True,4.924964842581753,0.6061437689932063,,0
P2_S1_P_seed1001,S1,P,"plant@(15.000,5.000)",1,r1.20_a000,0,1.2,16.2,5.0,True,True,True,4.450876773138893,0.5856079790100921,,0
P2_S1_P_seed1001,S1,P,"plant@(15.000,5.000)",1,r0.80_a060,60,0.8,15.4,5.692820323027551,True,True,True,4.98017202890014,0.640016775985714,,0
P2_S1_P_seed1001,S1,P,"plant@(15.000,5.000)",1,r1.00_a090,90,1.0,15.0,6.0,True,True,True,4.527907038435102,0.6274897120019887,,0
P2_S1_P_seed1001,S1,P,"plant@(15.000,5.000)",1,r1.00_a030,30,1.0,15.86602540378444,5.5,True,True,True,4.980355269197067,0.7334480699792039,,0
P2_S1_P_seed1001,S1,P,"plant@(15.000,5.000)",1,r1.00_a060,60,1.0,15.5,5.866025403784438,True,True,True,5.0446766682277735,0.6280694240122102,,0
P2_S1_P_seed1001,S1,P,"plant@(15.000,5.000)",1,r1.20_a090,90,1.2,15.0,6.2,True,True,True,4.564822087306295,0.6381456549861468,,0
P2_S1_P_seed1001,S1,P,"plant@(15.000,5.000)",1,r1.20_a030,30,1.2,16.039230484541328,5.6,True,True,True,4.9925971400180895,0.7181363649724517,,0
P2_S1_P_seed1001,S1,P,"plant@(15.000,5.000)",1,r1.20_a060,60,1.2,15.6,6.039230484541326,True,True,True,5.157643280640556,0.8163781810144428,,0
P2_S1_P_seed1001,S1,P,"plant@(15.000,5.000)",1,r1.00_a240,240,1.0,14.5,4.133974596215562,False,True,False,,0.3534262549947016,path_infeasible_under_safety_checks,0
P2_S1_P_seed1001,S1,P,"plant@(15.000,5.000)",1,r1.00_a210,210,1.0,14.13397459621556,4.5,False,True,False,,0.3308708730037324,path_infeasible_under_safety_checks,0
P2_S1_P_seed1001,S1,P,"plant@(15.000,5.000)",1,r0.80_a240,240,0.8,14.6,4.307179676972449,False,True,False,,0.4491444700106513,path_infeasible_under_safety_checks,0
P2_S1_P_seed1001,S1,P,"plant@(15.000,5.000)",1,r1.00_a270,270,1.0,15.0,4.0,False,True,False,,0.331184618989937,path_infeasible_under_safety_checks,0
P2_S1_P_seed1001,S1,P,"plant@(15.000,5.000)",1,r0.80_a210,210,0.8,14.30717967697245,4.6,False,True,False,,0.4809718920150772,path_infeasible_under_safety_checks,0
P2_S1_P_seed1002,S1,P,"plant@(2.000,3.000)",1,r1.20_a240,240,1.2,1.3999999999999995,1.960769515458674,True,True,True,2.4021980321074725,0.31090726199909113,,1
P2_S1_P_seed1002,S1,P,"plant@(2.000,3.000)",1,r1.20_a210,210,1.2,0.9607695154586737,2.4,True,True,True,2.5982584977119902,0.3324127509840764,,0
P2_S1_P_seed1002,S1,P,"plant@(2.000,3.000)",1,r1.00_a240,240,1.0,1.4999999999999996,2.1339745962155616,True,True,True,2.602031634036085,0.2539906309975777,,0
P2_S1_P_seed1002,S1,P,"plant@(2.000,3.000)",1,r1.20_a270,270,1.2,1.9999999999999998,1.8,True,True,True,2.6786582306225384,0.23811344598652795,,0
P2_S1_P_seed1002,S1,P,"plant@(2.000,3.000)",1,r1.00_a210,210,1.0,1.1339745962155614,2.5,True,True,True,2.74531223429477,0.32307933701667935,,0
P2_S1_P_seed1002,S1,P,"plant@(2.000,3.000)",1,r0.80_a240,240,0.8,1.5999999999999996,2.3071796769724493,True,True,True,2.803764317979718,0.3638039869838394,,0
P2_S1_P_seed1002,S1,P,"plant@(2.000,3.000)",1,r1.00_a270,270,1.0,1.9999999999999998,2.0,True,True,True,2.816025931651265,0.2680257339961827,,0
P2_S1_P_seed1002,S1,P,"plant@(2.000,3.000)",1,r0.80_a210,210,0.8,1.307179676972449,2.5999999999999996,True,True,True,2.9198346466490075,0.27875050200964324,,0
P2_S1_P_seed1002,S1,P,"plant@(2.000,3.000)",1,r0.80_a270,270,0.8,1.9999999999999998,2.2,True,True,True,2.96247563771313,0.28158112097298726,,0
P2_S1_P_seed1002,S1,P,"plant@(2.000,3.000)",1,r1.20_a180,180,1.2,0.8,3.0,True,True,True,3.1847430226150277,0.33566225500544533,,0
P2_S1_P_seed1002,S1,P,"plant@(2.000,3.000)",1,r1.00_a180,180,1.0,1.0,3.0,True,True,True,3.169875174869212,0.382971702987561,,0
P2_S1_P_seed1002,S1,P,"plant@(2.000,3.000)",1,r0.80_a180,180,0.8,1.2,3.0,True,True,True,3.2416304739555724,0.45807202701689675,,0
P2_S1_P_seed1002,S1,P,"plant@(2.000,3.000)",1,r1.20_a300,300,1.2,2.6,1.9607695154586737,True,True,True,3.2493641108315225,0.4277295520005282,,0
P2_S1_P_seed1002,S1,P,"plant@(2.000,3.000)",1,r1.00_a300,300,1.0,2.5,2.1339745962155616,True,True,True,3.2803082874835803,0.31178252000245266,,0
P2_S1_P_seed1002,S1,P,"plant@(2.000,3.000)",1,r0.80_a300,300,0.8,2.4000000000000004,2.3071796769724493,True,True,True,3.3238474265494395,0.3799162770155817,,0
P2_S1_P_seed1002,S1,P,"plant@(2.000,3.000)",1,r0.80_a150,150,0.8,1.3071796769724489,3.4,True,True,True,3.697423411089156,0.47256763000041246,,0
P2_S1_P_seed1002,S1,P,"plant@(2.000,3.000)",1,r1.00_a150,150,1.0,1.1339745962155612,3.5,True,True,True,3.688042177210573,0.4443762870214414,,0
P2_S1_P_seed1002,S1,P,"plant@(2.000,3.000)",1,r1.20_a150,150,1.2,0.9607695154586735,3.5999999999999996,True,True,True,3.7664397493190878,0.4478243729972746,,0
P2_S1_P_seed1002,S1,P,"plant@(2.000,3.000)",1,r0.80_a330,330,0.8,2.6928203230275507,2.5999999999999996,True,True,True,3.7670170039224296,0.4991649290022906,,0
P2_S1_P_seed1002,S1,P,"plant@(2.000,3.000)",1,r1.00_a330,330,1.0,2.8660254037844384,2.4999999999999996,True,True,True,3.8177101866375125,0.4644713430025149,,0
P2_S1_P_seed1002,S1,P,"plant@(2.000,3.000)",1,r1.20_a330,330,1.2,3.039230484541326,2.3999999999999995,True,True,True,3.862814351084195,0.5118103899876587,,0
P2_S1_P_seed1002,S1,P,"plant@(2.000,3.000)",1,r0.80_a000,0,0.8,2.8,3.0,True,True,True,4.198710423429075,0.5005034189962316,,0
P2_S1_P_seed1002,S1,P,"plant@(2.000,3.000)",1,r1.00_a120,120,1.0,1.5000000000000002,3.866025403784439,True,True,True,4.349087003878647,0.4806753939774353,,0
P2_S1_P_seed1002,S1,P,"plant@(2.000,3.000)",1,r1.00_a000,0,1.0,3.0,3.0,True,True,True,4.262439227569819,0.5938066819799133,,0
P2_S1_P_seed1002,S1,P,"plant@(2.000,3.000)",1,r1.20_a120,120,1.2,1.4000000000000004,4.039230484541326,True,True,True,4.307100999716338,0.46489310200558975,,0
P2_S1_P_seed1002,S1,P,"plant@(2.000,3.000)",1,r0.80_a030,30,0.8,2.692820323027551,3.4,True,True,True,4.6843439254528665,0.602587608009344,,0
P2_S1_P_seed1002,S1,P,"plant@(2.000,3.000)",1,r1.20_a000,0,1.2,3.2,3.0,True,True,True,4.391661197065614,0.5076429619803093,,0
P2_S1_P_seed1002,S1,P,"plant@(2.000,3.000)",1,r1.00_a090,90,1.0,2.0,4.0,True,True,True,4.93275588851247,0.5315521929878742,,0
P2_S1_P_seed1002,S1,P,"plant@(2.000,3.000)",1,r1.00_a030,30,1.0,2.866025403784439,3.5,True,True,True,4.733839035284139,0.5359802870079875,,0
P2_S1_P_seed1002,S1,P,"plant@(2.000,3.000)",1,r1.00_a060,60,1.0,2.5,3.8660254037844384,True,True,True,5.290531886297779,0.7730768859910313,,0
P2_S1_P_seed1002,S1,P,"plant@(2.000,3.000)",1,r1.20_a090,90,1.2,2.0,4.2,True,True,True,4.937109901060667,0.7784295229939744,,0
P2_S1_P_seed1002,S1,P,"plant@(2.000,3.000)",1,r1.20_a030,30,1.2,3.0392304845413265,3.5999999999999996,True,True,True,4.865006267629385,0.656667085015215,,0
P2_S1_P_seed1002,S1,P,"plant@(12.000,2.000)",1,r1.20_a240,240,1.2,11.399999999999999,0.960769515458674,True,True,True,14.280689097641332,0.47778631999972276,,1
P2_S1_P_seed1002,S1,P,"plant@(12.000,2.000)",1,r1.20_a090,90,1.2,12.0,3.2,True,True,True,16.821834819086117,0.5554303039971273,,0
P2_S1_P_seed1002,S1,P,"plant@(12.000,2.000)",1,r0.80_a060,60,0.8,12.4,2.6928203230275507,True,True,True,17.30221285439628,0.5233748559840024,,0
P2_S1_P_seed1002,S1,P,"plant@(12.000,2.000)",1,r1.00_a060,60,1.0,12.5,2.8660254037844384,True,True,True,17.199760275844167,0.5340384760056622,,0
P2_S1_P_seed1002,S1,P,"plant@(12.000,2.000)",1,r1.20_a060,60,1.2,12.6,3.039230484541326,True,True,True,17.1630046518758,0.4760707610112149,,0
P2_S1_P_seed1002,S1,P,"plant@(12.000,2.000)",1,r0.80_a030,30,0.8,12.69282032302755,2.4,True,True,True,17.657648470194616,0.5852074549766257,,0
P2_S1_P_seed1002,S1,P,"plant@(12.000,2.000)",1,r0.80_a330,330,0.8,12.69282032302755,1.5999999999999996,True,True,True,17.781570081414554,0.6530535139900167,,0
P2_S1_P_seed1002,S1,P,"plant@(12.000,2.000)",1,r0.80_a000,0,0.8,12.8,2.0,True,True,True,18.03954255468704,0.6513838929822668,,0
P2_S1_P_seed1002,S1,P,"plant@(12.000,2.000)",1,r1.00_a030,30,1.0,12.86602540378444,2.5,True,True,True,17.653057747985002,0.804516809002962,,0
P2_S1_P_seed1002,S1,P,"plant@(12.000,2.000)",1,r1.00_a330,330,1.0,12.866025403784437,1.4999999999999996,True,True,True,17.673931720934323,0.7836143579916097,,0
P2_S1_P_seed1002,S1,P,"plant@(12.000,2.000)",1,r1.00_a000,0,1.0,13.0,2.0,True,True,True,18.122604534622617,0.5741827619785909,,0
P2_S1_P_seed1002,S1,P,"plant@(12.000,2.000)",1,r1.20_a030,30,1.2,13.039230484541326,2.5999999999999996,True,True,True,17.67772211061198,0.6498843290028162,,0
P2_S1_P_seed1002,S1,P,"plant@(12.000,2.000)",1,r1.20_a330,330,1.2,13.039230484541326,1.3999999999999995,True,True,True,17.56140534772121,0.5482865459925961,,0
P2_S1_P_seed1002,S1,P,"plant@(12.000,2.000)",1,r1.20_a000,0,1.2,13.2,2.0,True,True,True,18.106242167803043,0.43158629699610174,,0
P2_S1_P_seed1002,S1,P,"plant@(12.000,2.000)",1,r1.20_a180,180,1.2,10.8,2.0,False,True,False,,0.5108495349995792,path_infeasible_under_safety_checks,0
P2_S1_P_seed1002,S1,P,"plant@(12.000,2.000)",1,r1.20_a150,150,1.2,10.960769515458674,2.5999999999999996,False,True,False,,0.46426288702059537,path_infeasible_under_safety_checks,0
P2_S1_P_seed1002,S1,P,"plant@(12.000,2.000)",1,r1.20_a210,210,1.2,10.960769515458674,1.4,False,True,False,,0.7976070120057557,path_infeasible_under_safety_checks,0
P2_S1_P_seed1002,S1,P,"plant@(12.000,2.000)",1,r1.00_a180,180,1.0,11.0,2.0,False,True,False,,0.5128756540070754,path_infeasible_under_safety_checks,0
P2_S1_P_seed1002,S1,P,"plant@(12.000,2.000)",1,r1.00_a150,150,1.0,11.13397459621556,2.5,False,True,False,,0.596349547005957,path_infeasible_under_safety_checks,0
P2_S1_P_seed1002,S1,P,"plant@(12.000,2.000)",1,r1.00_a210,210,1.0,11.13397459621556,1.5,False,True,False,,0.6112968569796067,path_infeasible_under_safety_checks,0
P2_S1_P_seed1002,S1,P,"plant@(12.000,2.000)",1,r0.80_a180,180,0.8,11.2,2.0,False,True,False,,0.6590983209898695,path_infeasible_under_safety_checks,0
P2_S1_P_seed1002,S1,P,"plant@(12.000,2.000)",1,r0.80_a150,150,0.8,11.30717967697245,2.4,False,True,False,,0.7467153480101842,path_infeasible_under_safety_checks,0
P2_S1_P_seed1002,S1,P,"plant@(12.000,2.000)",1,r0.80_a210,210,0.8,11.30717967697245,1.5999999999999999,False,True,False,,0.4924838019942399,path_infeasible_under_safety_checks,0
P2_S1_P_seed1002,S1,P,"plant@(12.000,2.000)",1,r1.20_a120,120,1.2,11.4,3.0392304845413265,False,True,False,,0.5087926929991227,path_infeasible_under_safety_checks,0
P2_S1_P_seed1002,S1,P,"plant@(12.000,2.000)",1,r1.00_a120,120,1.0,11.5,2.866025403784439,False,True,False,,0.5927827609993983,path_infeasible_under_safety_checks,0
P2_S1_P_seed1002,S1,P,"plant@(12.000,2.000)",1,r1.00_a240,240,1.0,11.5,1.1339745962155616,False,True,False,,0.5413037910184357,path_infeasible_under_safety_checks,0
P2_S1_P_seed1002,S1,P,"plant@(12.000,2.000)",1,r0.80_a120,120,0.8,11.6,2.692820323027551,False,True,False,,0.7248712809814606,path_infeasible_under_safety_checks,0
P2_S1_P_seed1002,S1,P,"plant@(12.000,2.000)",1,r0.80_a240,240,0.8,11.6,1.3071796769724493,False,True,False,,0.7111296290240716,path_infeasible_under_safety_checks,0
P2_S1_P_seed1002,S1,P,"plant@(12.000,2.000)",1,r0.80_a090,90,0.8,12.0,2.8,False,True,False,,0.5307338260172401,path_infeasible_under_safety_checks,0
P2_S1_P_seed1002,S1,P,"plant@(12.000,2.000)",1,r1.00_a090,90,1.0,12.0,3.0,False,True,False,,0.49442020899732597,path_infeasible_under_safety_checks,0
P2_S1_P_seed1002,S1,P,"plant@(12.000,2.000)",1,r0.80_a270,270,0.8,12.0,1.2,False,True,False,,0.7116131829970982,path_infeasible_under_safety_checks,0
P2_S1_P_seed1002,S1,P,"plant@(12.000,2.000)",1,r1.00_a270,270,1.0,12.0,1.0,False,True,False,,0.6398876720049884,path_infeasible_under_safety_checks,0
P2_S1_P_seed1002,S1,P,"plant@(15.000,5.000)",1,r1.20_a240,240,1.2,14.399999999999999,3.960769515458674,True,True,True,2.223564418334831,0.264852331019938,,1
P2_S1_P_seed1002,S1,P,"plant@(15.000,5.000)",1,r1.20_a210,210,1.2,13.960769515458674,4.4,True,True,True,2.447985537819203,0.22021626299829222,,0
P2_S1_P_seed1002,S1,P,"plant@(15.000,5.000)",1,r1.20_a270,270,1.2,15.0,3.8,True,True,True,2.5494132197404764,0.2299140700197313,,0
P2_S1_P_seed1002,S1,P,"plant@(15.000,5.000)",1,r1.20_a180,180,1.2,13.8,5.0,True,True,True,2.9588755180424173,0.26220651299809106,,0
P2_S1_P_seed1002,S1,P,"plant@(15.000,5.000)",1,r1.00_a180,180,1.0,14.0,5.0,True,True,True,3.1489604396634867,0.2691681559954304,,0
P2_S1_P_seed1002,S1,P,"plant@(15.000,5.000)",1,r1.20_a300,300,1.2,15.6,3.960769515458674,True,True,True,3.214058168620874,0.2657301400031429,,0
P2_S1_P_seed1002,S1,P,"plant@(15.000,5.000)",1,r0.80_a150,150,0.8,14.30717967697245,5.4,True,True,True,3.7249754532554222,0.2954900879994966,,0
P2_S1_P_seed1002,S1,P,"plant@(15.000,5.000)",1,r1.00_a150,150,1.0,14.13397459621556,5.5,True,True,True,3.6238305715043326,0.32786492799641564,,0
P2_S1_P_seed1002,S1,P,"plant@(15.000,5.000)",1,r1.20_a150,150,1.2,13.960769515458674,5.6,True,True,True,3.580381117868669,0.38172726400080137,,0
P2_S1_P_seed1002,S1,P,"plant@(15.000,5.000)",1,r0.80_a330,330,0.8,15.69282032302755,4.6,True,True,False,,0.3374135189806111,path_infeasible_under_safety_checks,0
P2_S1_P_seed1002,S1,P,"plant@(15.000,5.000)",1,r1.00_a330,330,1.0,15.866025403784437,4.5,True,True,True,3.8583234058618583,0.3339719620125834,,0
P2_S1_P_seed1002,S1,P,"plant@(15.000,5.000)",1,r1.20_a330,330,1.2,16.039230484541328,4.3999999999999995,True,True,True,3.7847420995649563,0.3171214660105761,,0
P2_S1_P_seed1002,S1,P,"plant@(15.000,5.000)",1,r0.80_a120,120,0.8,14.6,5.692820323027551,True,True,True,4.241941384202484,0.3405645639868453,,0
P2_S1_P_seed1002,S1,P,"plant@(15.000,5.000)",1,r0.80_a000,0,0.8,15.8,5.0,True,True,True,4.442405042812126,0.3852757169806864,,0
P2_S1_P_seed1002,S1,P,"plant@(15.000,5.000)",1,r1.00_a120,120,1.0,14.5,5.866025403784438,True,True,True,4.18793497347802,0.34320301600382663,,0
P2_S1_P_seed1002,S1,P,"plant@(15.000,5.000)",1,r1.00_a000,0,1.0,16.0,5.0,True,True,True,4.3915935891615066,0.3583470169978682,,0
P2_S1_P_seed1002,S1,P,"plant@(15.000,5.000)",1,r1.20_a120,120,1.2,14.4,6.039230484541326,True,True,True,4.171470779385528,0.35421365199727006,,0
P2_S1_P_seed1002,S1,P,"plant@(15.000,5.000)",1,r0.80_a090,90,0.8,15.0,5.8,True,True,True,4.707497987649213,0.37814696397981606,,0
P2_S1_P_seed1002,S1,P,"plant@(15.000,5.000)",1,r0.80_a030,30,0.8,15.69282032302755,5.4,True,True,True,4.896882152916682,0.3962120159994811,,0
P2_S1_P_seed1002,S1,P,"plant@(15.000,5.000)",1,r1.20_a000,0,1.2,16.2,5.0,True,True,True,4.466974357720379,0.39605581399518996,,0
P2_S1_P_seed1002,S1,P,"plant@(15.000,5.000)",1,r0.80_a060,60,0.8,15.4,5.692820323027551,True,True,True,5.134538349069354,0.41822486702585593,,0
P2_S1_P_seed1002,S1,P,"plant@(15.000,5.000)",1,r1.00_a090,90,1.0,15.0,6.0,True,True,True,4.726646472197355,0.3984619870025199,,0
P2_S1_P_seed1002,S1,P,"plant@(15.000,5.000)",1,r1.00_a030,30,1.0,15.86602540378444,5.5,True,True,True,4.962959933492981,0.4172458199900575,,0
P2_S1_P_seed1002,S1,P,"plant@(15.000,5.000)",1,r1.00_a060,60,1.0,15.5,5.866025403784438,True,True,True,5.194589982339536,0.4353823160054162,,0
P2_S1_P_seed1002,S1,P,"plant@(15.000,5.000)",1,r1.20_a090,90,1.2,15.0,6.2,True,True,True,4.750542266135474,0.48186809101025574,,0
P2_S1_P_seed1002,S1,P,"plant@(15.000,5.000)",1,r1.20_a030,30,1.2,16.039230484541328,5.6,True,True,True,5.0542636744683165,0.41174793799291365,,0
P2_S1_P_seed1002,S1,P,"plant@(15.000,5.000)",1,r1.20_a060,60,1.2,15.6,6.039230484541326,True,True,True,5.331927643158951,0.4065546480123885,,0
P2_S1_P_seed1002,S1,P,"plant@(15.000,5.000)",1,r1.00_a240,240,1.0,14.5,4.133974596215562,False,True,False,,0.1935454850026872,path_infeasible_under_safety_checks,0
P2_S1_P_seed1002,S1,P,"plant@(15.000,5.000)",1,r1.00_a210,210,1.0,14.13397459621556,4.5,False,True,False,,0.23013832498691045,path_infeasible_under_safety_checks,0
P2_S1_P_seed1002,S1,P,"plant@(15.000,5.000)",1,r0.80_a240,240,0.8,14.6,4.307179676972449,False,True,False,,0.23144824299379252,path_infeasible_under_safety_checks,0
P2_S1_P_seed1002,S1,P,"plant@(15.000,5.000)",1,r1.00_a270,270,1.0,15.0,4.0,False,True,False,,0.30289076099870726,path_infeasible_under_safety_checks,0
P2_S1_P_seed1002,S1,P,"plant@(15.000,5.000)",1,r0.80_a210,210,0.8,14.30717967697245,4.6,False,True,False,,0.27678051101975143,path_infeasible_under_safety_checks,0
P2_S1_P_seed1003,S1,P,"plant@(2.000,3.000)",1,r1.20_a240,240,1.2,1.3999999999999995,1.960769515458674,True,True,True,2.4021980321074725,0.1841725790000055,,1
P2_S1_P_seed1003,S1,P,"plant@(2.000,3.000)",1,r1.20_a210,210,1.2,0.9607695154586737,2.4,True,True,True,2.5982584977119902,0.21430637300363742,,0
P2_S1_P_seed1003,S1,P,"plant@(2.000,3.000)",1,r1.00_a240,240,1.0,1.4999999999999996,2.1339745962155616,True,True,True,2.602031634036085,0.18162202299572527,,0
P2_S1_P_seed1003,S1,P,"plant@(2.000,3.000)",1,r1.20_a270,270,1.2,1.9999999999999998,1.8,True,True,True,2.6786582306225384,0.18519626301713288,,0
P2_S1_P_seed1003,S1,P,"plant@(2.000,3.000)",1,r1.00_a210,210,1.0,1.1339745962155614,2.5,True,True,True,2.74531223429477,0.18043033801950514,,0
P2_S1_P_seed1003,S1,P,"plant@(2.000,3.000)",1,r0.80_a240,240,0.8,1.5999999999999996,2.3071796769724493,True,True,True,2.803764317979718,0.19139195600291714,,0
P2_S1_P_seed1003,S1,P,"plant@(2.000,3.000)",1,r1.00_a270,270,1.0,1.9999999999999998,2.0,True,True,True,2.816025931651265,0.19586444200831465,,0
P2_S1_P_seed1003,S1,P,"plant@(2.000,3.000)",1,r0.80_a210,210,0.8,1.307179676972449,2.5999999999999996,True,True,True,2.9198346466490075,0.19278981699608266,,0
P2_S1_P_seed1003,S1,P,"plant@(2.000,3.000)",1,r0.80_a270,270,0.8,1.9999999999999998,2.2,True,True,True,2.96247563771313,0.2054523050028365,,0
P2_S1_P_seed1003,S1,P,"plant@(2.000,3.000)",1,r1.20_a180,180,1.2,0.8,3.0,True,True,True,3.1847430226150277,0.20275115300319158,,0
P2_S1_P_seed1003,S1,P,"plant@(2.000,3.000)",1,r1.00_a180,180,1.0,1.0,3.0,True,True,True,3.169875174869212,0.20234069100115448,,0
P2_S1_P_seed1003,S1,P,"plant@(2.000,3.000)",1,r0.80_a180,180,0.8,1.2,3.0,True,True,True,3.2416304739555724,0.22264031000668183,,0
P2_S1_P_seed1003,S1,P,"plant@(2.000,3.000)",1,r1.20_a300,300,1.2,2.6,1.9607695154586737,True,True,True,3.2493641108315225,0.2156605439959094,,0
P2_S1_P_seed1003,S1,P,"plant@(2.000,3.000)",1,r1.00_a300,300,1.0,2.5,2.1339745962155616,True,True,True,3.2803082874835803,0.21728207601699978,,0
P2_S1_P_seed1003,S1,P,"plant@(2.000,3.000)",1,r0.80_a300,300,0.8,2.4000000000000004,2.3071796769724493,True,True,True,3.3238474265494395,0.21884636700269766,,0
P2_S1_P_seed1003,S1,P,"plant@(2.000,3.000)",1,r0.80_a150,150,0.8,1.3071796769724489,3.4,True,True,True,3.697423411089156,0.246062707999954,,0
P2_S1_P_seed1003,S1,P,"plant@(2.000,3.000)",1,r1.00_a150,150,1.0,1.1339745962155612,3.5,True,True,True,3.688042177210573,0.28026795998448506,,0
P2_S1_P_seed1003,S1,P,"plant@(2.000,3.000)",1,r1.20_a150,150,1.2,0.9607695154586735,3.5999999999999996,True,True,True,3.7664397493190878,0.2993039950088132,,0
P2_S1_P_seed1003,S1,P,"plant@(2.000,3.000)",1,r0.80_a330,330,0.8,2.6928203230275507,2.5999999999999996,True,True,True,3.7670170039224296,0.2575115929939784,,0
P2_S1_P_seed1003,S1,P,"plant@(2.000,3.000)",1,r1.00_a330,330,1.0,2.8660254037844384,2.4999999999999996,True,True,True,3.8177101866375125,0.2651327810017392,,0
P2_S1_P_seed1003,S1,P,"plant@(2.000,3.000)",1,r1.20_a330,330,1.2,3.039230484541326,2.3999999999999995,True,True,True,3.862814351084195,0.2607587889942806,,0
P2_S1_P_seed1003,S1,P,"plant@(2.000,3.000)",1,r0.80_a000,0,0.8,2.8,3.0,True,True,True,4.198710423429075,0.2619732210005168,,0
P2_S1_P_seed1003,S1,P,"plant@(2.000,3.000)",1,r1.00_a120,120,1.0,1.5000000000000002,3.866025403784439,True,True,True,4.349087003878647,0.3065839860064443,,0
P2_S1_P_seed1003,S1,P,"plant@(2.000,3.000)",1,r1.00_a000,0,1.0,3.0,3.0,True,True,True,4.262439227569819,0.3412513460207265,,0
P2_S1_P_seed1003,S1,P,"plant@(2.000,3.000)",1,r1.20_a120,120,1.2,1.4000000000000004,4.039230484541326,True,True,True,4.307100999716338,0.28340008298982866,,0
P2_S1_P_seed1003,S1,P,"plant@(2.000,3.000)",1,r0.80_a030,30,0.8,2.692820323027551,3.4,True,True,True,4.6843439254528665,0.2905793309910223,,0
P2_S1_P_seed1003,S1,P,"plant@(2.000,3.000)",1,r1.20_a000,0,1.2,3.2,3.0,True,True,True,4.391661197065614,0.2900860449881293,,0
P2_S1_P_seed1003,S1,P,"plant@(2.000,3.000)",1,r1.00_a090,90,1.0,2.0,4.0,True,True,True,4.93275588851247,0.32980316400062293,,0
P2_S1_P_seed1003,S1,P,"plant@(2.000,3.000)",1,r1.00_a030,30,1.0,2.866025403784439,3.5,True,True,True,4.733839035284139,0.30388519799453206,,0
P2_S1_P_seed1003,S1,P,"plant@(2.000,3.000)",1,r1.00_a060,60,1.0,2.5,3.8660254037844384,True,True,True,5.290531886297779,0.35022907401435077,,0
P2_S1_P_seed1003,S1,P,"plant@(2.000,3.000)",1,r1.20_a090,90,1.2,2.0,4.2,True,True,True,4.937109901060667,0.34169829700840637,,0
P2_S1_P_seed1003,S1,P,"plant@(2.000,3.000)",1,r1.20_a030,30,1.2,3.0392304845413265,3.5999999999999996,True,True,True,4.865006267629385,0.36069905300973915,,0
P2_S1_P_seed1003,S1,P,"plant@(12.000,2.000)",1,r1.20_a240,240,1.2,11.399999999999999,0.960769515458674,True,True,True,14.280689097641332,0.3028145120188128,,1
P2_S1_P_seed1003,S1,P,"plant@(12.000,2.000)",1,r1.20_a090,90,1.2,12.0,3.2,True,True,True,16.821834819086117,0.33143927599303424,,0
P2_S1_P_seed1003,S1,P,"plant@(12.000,2.000)",1,r0.80_a060,60,0.8,12.4,2.6928203230275507,True,True,True,17.30221285439628,0.2920982289942913,,0
P2_S1_P_seed1003,S1,P,"plant@(12.000,2.000)",1,r1.00_a060,60,1.0,12.5,2.8660254037844384,True,True,True,17.199760275844167,0.28936396399512887,,0
P2_S1_P_seed1003,S1,P,"plant@(12.000,2.000)",1,r1.20_a060,60,1.2,12.6,3.039230484541326,True,True,True,17.1630046518758,0.2758195509959478,,0
P2_S1_P_seed1003,S1,P,"plant@(12.000,2.000)",1,r0.80_a030,30,0.8,12.69282032302755,2.4,True,True,True,17.657648470194616,0.30821685201954097,,0
P2_S1_P_seed1003,S1,P,"plant@(12.000,2.000)",1,r0.80_a330,330,0.8,12.69282032302755,1.5999999999999996,True,True,True,17.781570081414554,0.4018843520025257,,0
P2_S1_P_seed1003,S1,P,"plant@(12.000,2.000)",1,r0.80_a000,0,0.8,12.8,2.0,True,True,True,18.03954255468704,0.3100841259874869,,0
P2_S1_P_seed1003,S1,P,"plant@(12.000,2.000)",1,r1.00_a030,30,1.0,12.86602540378444,2.5,True,True,True,17.653057747985002,0.3028000839985907,,0
P2_S1_P_seed1003,S1,P,"plant@(12.000,2.000)",1,r1.00_a330,330,1.0,12.866025403784437,1.4999999999999996,True,True,True,17.673931720934323,0.2864035399979912,,0
P2_S1_P_seed1003,S1,P,"plant@(12.000,2.000)",1,r1.00_a000,0,1.0,13.0,2.0,True,True,True,18.122604534622617,0.24242158001288772,,0
P2_S1_P_seed1003,S1,P,"plant@(12.000,2.000)",1,r1.20_a030,30,1.2,13.039230484541326,2.5999999999999996,True,True,True,17.67772211061198,0.28211697601363994,,0
P2_S1_P_seed1003,S1,P,"plant@(12.000,2.000)",1,r1.20_a330,330,1.2,13.039230484541326,1.3999999999999995,True,True,True,17.56140534772121,0.2757535190030467,,0
P2_S1_P_seed1003,S1,P,"plant@(12.000,2.000)",1,r1.20_a000,0,1.2,13.2,2.0,True,True,True,18.106242167803043,0.26733473100466654,,0
P2_S1_P_seed1003,S1,P,"plant@(12.000,2.000)",1,r1.20_a180,180,1.2,10.8,2.0,False,True,False,,0.22929195797769353,path_infeasible_under_safety_checks,0
P2_S1_P_seed1003,S1,P,"plant@(12.000,2.000)",1,r1.20_a150,150,1.2,10.960769515458674,2.5999999999999996,False,True,False,,0.2551322910003364,path_infeasible_under_safety_checks,0
P2_S1_P_seed1003,S1,P,"plant@(12.000,2.000)",1,r1.20_a210,210,1.2,10.960769515458674,1.4,False,True,False,,0.2856951910071075,path_infeasible_under_safety_checks,0
P2_S1_P_seed1003,S1,P,"plant@(12.000,2.000)",1,r1.00_a180,180,1.0,11.0,2.0,False,True,False,,0.26282472599996254,path_infeasible_under_safety_checks,0
P2_S1_P_seed1003,S1,P,"plant@(12.000,2.000)",1,r1.00_a150,150,1.0,11.13397459621556,2.5,False,True,False,,0.23452825800632127,path_infeasible_under_safety_checks,0
P2_S1_P_seed1003,S1,P,"plant@(12.000,2.000)",1,r1.00_a210,210,1.0,11.13397459621556,1.5,False,True,False,,0.29593049598042853,path_infeasible_under_safety_checks,0
P2_S1_P_seed1003,S1,P,"plant@(12.000,2.000)",1,r0.80_a180,180,0.8,11.2,2.0,False,True,False,,0.24576113797957078,path_infeasible_under_safety_checks,0
P2_S1_P_seed1003,S1,P,"plant@(12.000,2.000)",1,r0.80_a150,150,0.8,11.30717967697245,2.4,False,True,False,,0.23947263800073415,path_infeasible_under_safety_checks,0
P2_S1_P_seed1003,S1,P,"plant@(12.000,2.000)",1,r0.80_a210,210,0.8,11.30717967697245,1.5999999999999999,False,True,False,,0.3906148739915807,path_infeasible_under_safety_checks,0
P2_S1_P_seed1003,S1,P,"plant@(12.000,2.000)",1,r1.20_a120,120,1.2,11.4,3.0392304845413265,False,True,False,,0.25733038398902863,path_infeasible_under_safety_checks,0
P2_S1_P_seed1003,S1,P,"plant@(12.000,2.000)",1,r1.00_a120,120,1.0,11.5,2.866025403784439,False,True,False,,0.31984239601297304,path_infeasible_under_safety_checks,0
P2_S1_P_seed1003,S1,P,"plant@(12.000,2.000)",1,r1.00_a240,240,1.0,11.5,1.1339745962155616,False,True,False,,0.28638534402125515,path_infeasible_under_safety_checks,0
P2_S1_P_seed1003,S1,P,"plant@(12.000,2.000)",1,r0.80_a120,120,0.8,11.6,2.692820323027551,False,True,False,,0.3004773829889018,path_infeasible_under_safety_checks,0
P2_S1_P_seed1003,S1,P,"plant@(12.000,2.000)",1,r0.80_a240,240,0.8,11.6,1.3071796769724493,False,True,False,,0.32219492201693356,path_infeasible_under_safety_checks,0
P2_S1_P_seed1003,S1,P,"plant@(12.000,2.000)",1,r0.80_a090,90,0.8,12.0,2.8,False,True,False,,0.28421640300075524,path_infeasible_under_safety_checks,0
P2_S1_P_seed1003,S1,P,"plant@(12.000,2.000)",1,r1.00_a090,90,1.0,12.0,3.0,False,True,False,,0.2675022479961626,path_infeasible_under_safety_checks,0
P2_S1_P_seed1003,S1,P,"plant@(12.000,2.000)",1,r0.80_a270,270,0.8,12.0,1.2,False,True,False,,0.3123803600028623,path_infeasible_under_safety_checks,0
P2_S1_P_seed1003,S1,P,"plant@(12.000,2.000)",1,r1.00_a270,270,1.0,12.0,1.0,False,True,False,,0.30752086799475364,path_infeasible_under_safety_checks,0
P2_S1_P_seed1003,S1,P,"plant@(12.000,2.000)",1,r1.20_a240,240,1.2,11.399999999999999,0.960769515458674,True,True,True,14.002267694876897,0.28777612702106126,,1
P2_S1_P_seed1003,S1,P,"plant@(12.000,2.000)",1,r1.20_a090,90,1.2,12.0,3.2,True,True,True,16.446718208713587,0.3050514610076789,,0
P2_S1_P_seed1003,S1,P,"plant@(12.000,2.000)",1,r0.80_a060,60,0.8,12.4,2.6928203230275507,True,True,True,16.940275894573706,0.2802785039821174,,0
P2_S1_P_seed1003,S1,P,"plant@(12.000,2.000)",1,r1.00_a060,60,1.0,12.5,2.8660254037844384,True,True,True,16.881449850831743,0.3028263200249057,,0
P2_S1_P_seed1003,S1,P,"plant@(12.000,2.000)",1,r1.20_a060,60,1.2,12.6,3.039230484541326,True,True,True,16.714072260061034,0.2918248659989331,,0
P2_S1_P_seed1003,S1,P,"plant@(12.000,2.000)",1,r0.80_a030,30,0.8,12.69282032302755,2.4,True,True,True,17.575819569641,0.31671734698466025,,0
P2_S1_P_seed1003,S1,P,"plant@(12.000,2.000)",1,r0.80_a330,330,0.8,12.69282032302755,1.5999999999999996,True,True,True,17.536474045969808,0.32663009999669157,,0
P2_S1_P_seed1003,S1,P,"plant@(12.000,2.000)",1,r0.80_a000,0,0.8,12.8,2.0,True,True,True,17.747382636413647,0.3507776799960993,,0
P2_S1_P_seed1003,S1,P,"plant@(12.000,2.000)",1,r1.00_a030,30,1.0,12.86602540378444,2.5,True,True,True,17.35331778165739,0.33571107301395386,,0
P2_S1_P_seed1003,S1,P,"plant@(12.000,2.000)",1,r1.00_a330,330,1.0,12.866025403784437,1.4999999999999996,True,True,True,17.60129871456141,0.3336710550065618,,0
P2_S1_P_seed1003,S1,P,"plant@(12.000,2.000)",1,r1.00_a000,0,1.0,13.0,2.0,True,True,True,17.793471242513682,0.3406429750029929,,0
P2_S1_P_seed1003,S1,P,"plant@(12.000,2.000)",1,r1.20_a030,30,1.2,13.039230484541326,2.5999999999999996,True,True,True,17.349152506225835,0.3175527190032881,,0
P2_S1_P_seed1003,S1,P,"plant@(12.000,2.000)",1,r1.20_a330,330,1.2,13.039230484541326,1.3999999999999995,True,True,True,17.373672552662185,0.3090628159989137,,0
P2_S1_P_seed1003,S1,P,"plant@(12.000,2.000)",1,r1.20_a000,0,1.2,13.2,2.0,True,True,True,17.72168705426862,0.3179176840058062,,0
P2_S1_P_seed1003,S1,P,"plant@(12.000,2.000)",1,r1.20_a180,180,1.2,10.8,2.0,False,True,False,,0.2990749120071996,path_infeasible_under_safety_checks,0
P2_S1_P_seed1003,S1,P,"plant@(12.000,2.000)",1,r1.20_a150,150,1.2,10.960769515458674,2.5999999999999996,False,True,False,,0.26702635700348765,path_infeasible_under_safety_checks,0
P2_S1_P_seed1003,S1,P,"plant@(12.000,2.000)",1,r1.20_a210,210,1.2,10.960769515458674,1.4,False,True,False,,0.31897366701741703,path_infeasible_under_safety_checks,0
P2_S1_P_seed1003,S1,P,"plant@(12.000,2.000)",1,r1.00_a180,180,1.0,11.0,2.0,False,True,False,,0.28855117299826816,path_infeasible_under_safety_checks,0
P2_S1_P_seed1003,S1,P,"plant@(12.000,2.000)",1,r1.00_a150,150,1.0,11.13397459621556,2.5,False,True,False,,0.27783440198982134,path_infeasible_under_safety_checks,0
P2_S1_P_seed1003,S1,P,"plant@(12.000,2.000)",1,r1.00_a210,210,1.0,11.13397459621556,1.5,False,True,False,,0.3198959860019386,path_infeasible_under_safety_checks,0
P2_S1_P_seed1003,S1,P,"plant@(12.000,2.000)",1,r0.80_a180,180,0.8,11.2,2.0,False,True,False,,0.3065786670194939,path_infeasible_under_safety_checks,0
P2_S1_P_seed1003,S1,P,"plant@(12.000,2.000)",1,r0.80_a150,150,0.8,11.30717967697245,2.4,False,True,False,,0.2774784950015601,path_infeasible_under_safety_checks,0
P2_S1_P_seed1003,S1,P,"plant@(12.000,2.000)",1,r0.80_a210,210,0.8,11.30717967697245,1.5999999999999999,False,True,False,,0.31676884298212826,path_infeasible_under_safety_checks,0
P2_S1_P_seed1003,S1,P,"plant@(12.000,2.000)",1,r1.20_a120,120,1.2,11.4,3.0392304845413265,False,True,False,,0.2775261320057325,path_infeasible_under_safety_checks,0
P2_S1_P_seed1003,S1,P,"plant@(12.000,2.000)",1,r1.00_a120,120,1.0,11.5,2.866025403784439,False,True,False,,0.3119821540021803,path_infeasible_under_safety_checks,0
P2_S1_P_seed1003,S1,P,"plant@(12.000,2.000)",1,r1.00_a240,240,1.0,11.5,1.1339745962155616,False,True,False,,0.3001805739768315,path_infeasible_under_safety_checks,0
P2_S1_P_seed1003,S1,P,"plant@(12.000,2.000)",1,r0.80_a120,120,0.8,11.6,2.692820323027551,False,True,False,,0.3054836460214574,path_infeasible_under_safety_checks,0
P2_S1_P_seed1003,S1,P,"plant@(12.000,2.000)",1,r0.80_a240,240,0.8,11.6,1.3071796769724493,False,True,False,,0.3024554770090617,path_infeasible_under_safety_checks,0
P2_S1_P_seed1003,S1,P,"plant@(12.000,2.000)",1,r0.80_a090,90,0.8,12.0,2.8,False,True,False,,0.29794790799496695,path_infeasible_under_safety_checks,0
P2_S1_P_seed1003,S1,P,"plant@(12.000,2.000)",1,r1.00_a090,90,1.0,12.0,3.0,False,True,False,,0.28779132998897694,path_infeasible_under_safety_checks,0
P2_S1_P_seed1003,S1,P,"plant@(12.000,2.000)",1,r0.80_a270,270,0.8,12.0,1.2,False,True,False,,0.3073977460153401,path_infeasible_under_safety_checks,0
P2_S1_P_seed1003,S1,P,"plant@(12.000,2.000)",1,r1.00_a270,270,1.0,12.0,1.0,False,True,False,,0.3059144180151634,path_infeasible_under_safety_checks,0
P2_S1_P_seed1003,S1,P,"plant@(12.000,2.000)",1,r1.20_a240,240,1.2,11.399999999999999,0.960769515458674,True,True,True,13.926478709737832,0.36220638098893687,,1
P2_S1_P_seed1003,S1,P,"plant@(12.000,2.000)",1,r1.20_a090,90,1.2,12.0,3.2,True,True,True,16.36105925895485,0.34886453399667516,,0
P2_S1_P_seed1003,S1,P,"plant@(12.000,2.000)",1,r0.80_a060,60,0.8,12.4,2.6928203230275507,True,True,True,16.87800091634552,0.46377572100027464,,0
P2_S1_P_seed1003,S1,P,"plant@(12.000,2.000)",1,r1.00_a060,60,1.0,12.5,2.8660254037844384,True,True,True,16.69611712392872,0.5113416059757583,,0
P2_S1_P_seed1003,S1,P,"plant@(12.000,2.000)",1,r1.20_a060,60,1.2,12.6,3.039230484541326,True,True,True,16.704049989351738,0.3871101959957741,,0
P2_S1_P_seed1003,S1,P,"plant@(12.000,2.000)",1,r0.80_a030,30,0.8,12.69282032302755,2.4,True,True,True,17.40788274651408,0.35117804698529653,,0
P2_S1_P_seed1003,S1,P,"plant@(12.000,2.000)",1,r0.80_a330,330,0.8,12.69282032302755,1.5999999999999996,True,True,True,17.50875726987695,0.362968760979129,,0
P2_S1_P_seed1003,S1,P,"plant@(12.000,2.000)",1,r0.80_a000,0,0.8,12.8,2.0,True,True,True,17.55512241283953,0.44894691099761985,,0
P2_S1_P_seed1003,S1,P,"plant@(12.000,2.000)",1,r1.00_a030,30,1.0,12.86602540378444,2.5,True,True,True,17.192529769014065,0.37151290400652215,,0
P2_S1_P_seed1003,S1,P,"plant@(12.000,2.000)",1,r1.00_a330,330,1.0,12.866025403784437,1.4999999999999996,True,True,True,17.34024209392674,0.33983872801763937,,0
P2_S1_P_seed1003,S1,P,"plant@(12.000,2.000)",1,r1.00_a000,0,1.0,13.0,2.0,True,True,True,17.609179164389285,0.3708243540022522,,0
P2_S1_P_seed1003,S1,P,"plant@(12.000,2.000)",1,r1.20_a030,30,1.2,13.039230484541326,2.5999999999999996,True,True,True,17.080827385994,0.3958338160009589,,0
P2_S1_P_seed1003,S1,P,"plant@(12.000,2.000)",1,r1.20_a330,330,1.2,13.039230484541326,1.3999999999999995,True,True,True,17.215042789907052,0.43079547898378223,,0
P2_S1_P_seed1003,S1,P,"plant@(12.000,2.000)",1,r1.20_a000,0,1.2,13.2,2.0,True,True,True,17.663185494979373,0.38747340597910807,,0
P2_S1_P_seed1003,S1,P,"plant@(12.000,2.000)",1,r1.20_a180,180,1.2,10.8,2.0,False,True,False,,0.3067368380143307,path_infeasible_under_safety_checks,0
P2_S1_P_seed1003,S1,P,"plant@(12.000,2.000)",1,r1.20_a150,150,1.2,10.960769515458674,2.5999999999999996,False,True,False,,0.3824974269955419,path_infeasible_under_safety_checks,0
P2_S1_P_seed1003,S1,P,"plant@(12.000,2.000)",1,r1.20_a210,210,1.2,10.960769515458674,1.4,False,True,False,,0.4424986490048468,path_infeasible_under_safety_checks,0
P2_S1_P_seed1003,S1,P,"plant@(12.000,2.000)",1,r1.00_a180,180,1.0,11.0,2.0,False,True,False,,0.39829380498849787,path_infeasible_under_safety_checks,0
P2_S1_P_seed1003,S1,P,"plant@(12.000,2.000)",1,r1.00_a150,150,1.0,11.13397459621556,2.5,False,True,False,,0.3089849439857062,path_infeasible_under_safety_checks,0
P2_S1_P_seed1003,S1,P,"plant@(12.000,2.000)",1,r1.00_a210,210,1.0,11.13397459621556,1.5,False,True,False,,0.3581661389907822,path_infeasible_under_safety_checks,0
P2_S1_P_seed1003,S1,P,"plant@(12.000,2.000)",1,r0.80_a180,180,0.8,11.2,2.0,False,True,False,,0.3575861669960432,path_infeasible_under_safety_checks,0
P2_S1_P_seed1003,S1,P,"plant@(12.000,2.000)",1,r0.80_a150,150,0.8,11.30717967697245,2.4,False,True,False,,0.3344365489901975,path_infeasible_under_safety_checks,0
P2_S1_P_seed1003,S1,P,"plant@(12.000,2.000)",1,r0.80_a210,210,0.8,11.30717967697245,1.5999999999999999,False,True,False,,0.3957079699903261,path_infeasible_under_safety_checks,0
P2_S1_P_seed1003,S1,P,"plant@(12.000,2.000)",1,r1.20_a120,120,1.2,11.4,3.0392304845413265,False,True,False,,0.3824809639772866,path_infeasible_under_safety_checks,0
P2_S1_P_seed1003,S1,P,"plant@(12.000,2.000)",1,r1.00_a120,120,1.0,11.5,2.866025403784439,False,True,False,,0.4093278759974055,path_infeasible_under_safety_checks,0
P2_S1_P_seed1003,S1,P,"plant@(12.000,2.000)",1,r1.00_a240,240,1.0,11.5,1.1339745962155616,False,True,False,,0.38792348201968707,path_infeasible_under_safety_checks,0
P2_S1_P_seed1003,S1,P,"plant@(12.000,2.000)",1,r0.80_a120,120,0.8,11.6,2.692820323027551,False,True,False,,0.3887244309880771,path_infeasible_under_safety_checks,0
P2_S1_P_seed1003,S1,P,"plant@(12.000,2.000)",1,r0.80_a240,240,0.8,11.6,1.3071796769724493,False,True,False,,0.4229726829798892,path_infeasible_under_safety_checks,0
P2_S1_P_seed1003,S1,P,"plant@(12.000,2.000)",1,r0.80_a090,90,0.8,12.0,2.8,False,True,False,,0.41244644302059896,path_infeasible_under_safety_checks,0
P2_S1_P_seed1003,S1,P,"plant@(12.000,2.000)",1,r1.00_a090,90,1.0,12.0,3.0,False,True,False,,0.4878106740070507,path_infeasible_under_safety_checks,0
P2_S1_P_seed1003,S1,P,"plant@(12.000,2.000)",1,r0.80_a270,270,0.8,12.0,1.2,False,True,False,,0.48660997100523673,path_infeasible_under_safety_checks,0
P2_S1_P_seed1003,S1,P,"plant@(12.000,2.000)",1,r1.00_a270,270,1.0,12.0,1.0,False,True,False,,0.3680030879913829,path_infeasible_under_safety_checks,0
P2_S1_P_seed1003,S1,P,"plant@(15.000,5.000)",1,r1.20_a240,240,1.2,14.399999999999999,3.960769515458674,True,True,True,2.6099378098815107,0.34601759401266463,,1
P2_S1_P_seed1003,S1,P,"plant@(15.000,5.000)",1,r1.20_a210,210,1.2,13.960769515458674,4.4,True,True,True,2.876904863338183,0.3717496500175912,,0
P2_S1_P_seed1003,S1,P,"plant@(15.000,5.000)",1,r1.20_a270,270,1.2,15.0,3.8,True,True,True,2.857099562453426,0.4363775250094477,,0
P2_S1_P_seed1003,S1,P,"plant@(15.000,5.000)",1,r1.20_a180,180,1.2,13.8,5.0,True,True,True,3.6341763269628338,0.5578315629973076,,0
P2_S1_P_seed1003,S1,P,"plant@(15.000,5.000)",1,r1.20_a300,300,1.2,15.6,3.960769515458674,True,True,True,3.5953871166817017,0.6110617470112629,,0
P2_S1_P_seed1003,S1,P,"plant@(15.000,5.000)",1,r1.00_a180,180,1.0,14.0,5.0,True,True,True,4.065602532734611,0.6142866949958261,,0
P2_S1_P_seed1003,S1,P,"plant@(15.000,5.000)",1,r0.80_a150,150,0.8,14.30717967697245,5.4,True,True,True,4.874006932214145,0.5705789019993972,,0
P2_S1_P_seed1003,S1,P,"plant@(15.000,5.000)",1,r0.80_a330,330,0.8,15.69282032302755,4.6,True,True,False,,0.6011026010091882,path_infeasible_under_safety_checks,0
P2_S1_P_seed1003,S1,P,"plant@(15.000,5.000)",1,r1.00_a150,150,1.0,14.13397459621556,5.5,True,True,True,5.032984255318897,0.8500437079928815,,0
P2_S1_P_seed1003,S1,P,"plant@(15.000,5.000)",1,r1.00_a330,330,1.0,15.866025403784437,4.5,True,True,True,4.938066742579046,0.8019064750114921,,0
P2_S1_P_seed1003,S1,P,"plant@(15.000,5.000)",1,r1.20_a150,150,1.2,13.960769515458674,5.6,True,True,True,5.485819238287666,0.9710464790114202,,0
P2_S1_P_seed1003,S1,P,"plant@(15.000,5.000)",1,r1.20_a330,330,1.2,16.039230484541328,4.3999999999999995,True,True,True,5.228930499754692,0.9209652760182507,,0
P2_S1_P_seed1003,S1,P,"plant@(15.000,5.000)",1,r0.80_a120,120,0.8,14.6,5.692820323027551,True,True,True,6.710641311578725,0.6065627450007014,,0
P2_S1_P_seed1003,S1,P,"plant@(15.000,5.000)",1,r0.80_a000,0,0.8,15.8,5.0,True,True,True,6.479774892343652,0.6213464000029489,,0
P2_S1_P_seed1003,S1,P,"plant@(15.000,5.000)",1,r1.00_a120,120,1.0,14.5,5.866025403784438,True,True,True,7.186137997173062,0.6304539020056836,,0
P2_S1_P_seed1003,S1,P,"plant@(15.000,5.000)",1,r1.00_a000,0,1.0,16.0,5.0,True,True,False,,0.15740837799967267,path_infeasible_under_safety_checks,0
P2_S1_P_seed1003,S1,P,"plant@(15.000,5.000)",1,r0.80_a090,90,0.8,15.0,5.8,True,True,False,,0.17122183798346668,path_infeasible_under_safety_checks,0
P2_S1_P_seed1003,S1,P,"plant@(15.000,5.000)",1,r0.80_a030,30,0.8,15.69282032302755,5.4,True,True,False,,0.153543369990075,path_infeasible_under_safety_checks,0
P2_S1_P_seed1003,S1,P,"plant@(15.000,5.000)",1,r1.20_a120,120,1.2,14.4,6.039230484541326,True,True,False,,0.1893810760229826,path_infeasible_under_safety_checks,0
P2_S1_P_seed1003,S1,P,"plant@(15.000,5.000)",1,r1.20_a000,0,1.2,16.2,5.0,True,True,False,,0.17197276101796888,path_infeasible_under_safety_checks,0
P2_S1_P_seed1003,S1,P,"plant@(15.000,5.000)",1,r0.80_a060,60,0.8,15.4,5.692820323027551,True,True,False,,0.2101973709941376,path_infeasible_under_safety_checks,0
P2_S1_P_seed1003,S1,P,"plant@(15.000,5.000)",1,r1.00_a090,90,1.0,15.0,6.0,True,True,False,,0.18247481199796312,path_infeasible_under_safety_checks,0
P2_S1_P_seed1003,S1,P,"plant@(15.000,5.000)",1,r1.00_a030,30,1.0,15.86602540378444,5.5,True,True,False,,0.19297610901412554,path_infeasible_under_safety_checks,0
P2_S1_P_seed1003,S1,P,"plant@(15.000,5.000)",1,r1.00_a060,60,1.0,15.5,5.866025403784438,True,True,False,,0.15413225299562328,path_infeasible_under_safety_checks,0
P2_S1_P_seed1003,S1,P,"plant@(15.000,5.000)",1,r1.20_a090,90,1.2,15.0,6.2,True,True,False,,0.2021469310275279,path_infeasible_under_safety_checks,0
P2_S1_P_seed1003,S1,P,"plant@(15.000,5.000)",1,r1.20_a030,30,1.2,16.039230484541328,5.6,True,True,False,,0.14914283700636588,path_infeasible_under_safety_checks,0
P2_S1_P_seed1003,S1,P,"plant@(15.000,5.000)",1,r1.20_a060,60,1.2,15.6,6.039230484541326,True,True,False,,0.15590346499811858,path_infeasible_under_safety_checks,0
P2_S1_P_seed1003,S1,P,"plant@(15.000,5.000)",1,r1.00_a240,240,1.0,14.5,4.133974596215562,False,True,False,,0.16154138001729734,path_infeasible_under_safety_checks,0
P2_S1_P_seed1003,S1,P,"plant@(15.000,5.000)",1,r1.00_a210,210,1.0,14.13397459621556,4.5,False,True,False,,0.22284091397887096,path_infeasible_under_safety_checks,0
P2_S1_P_seed1003,S1,P,"plant@(15.000,5.000)",1,r1.00_a270,270,1.0,15.0,4.0,False,True,False,,0.20104023700696416,path_infeasible_under_safety_checks,0
P2_S1_P_seed1003,S1,P,"plant@(15.000,5.000)",1,r0.80_a240,240,0.8,14.6,4.307179676972449,False,True,False,,0.7436432729882654,path_infeasible_under_safety_checks,0
P2_S1_P_seed1003,S1,P,"plant@(15.000,5.000)",1,r0.80_a210,210,0.8,14.30717967697245,4.6,False,True,False,,0.6165890330157708,path_infeasible_under_safety_checks,0
P2_S1_P_seed1004,S1,P,"plant@(2.000,3.000)",1,r1.20_a240,240,1.2,1.3999999999999995,1.960769515458674,True,True,True,2.4021980321074725,0.2158715009863954,,1
P2_S1_P_seed1004,S1,P,"plant@(2.000,3.000)",1,r1.20_a210,210,1.2,0.9607695154586737,2.4,True,True,True,2.5982584977119902,0.21432365800137632,,0
P2_S1_P_seed1004,S1,P,"plant@(2.000,3.000)",1,r1.00_a240,240,1.0,1.4999999999999996,2.1339745962155616,True,True,True,2.602031634036085,0.1947426800034009,,0
P2_S1_P_seed1004,S1,P,"plant@(2.000,3.000)",1,r1.20_a270,270,1.2,1.9999999999999998,1.8,True,True,True,2.6786582306225384,0.24532691697822884,,0
P2_S1_P_seed1004,S1,P,"plant@(2.000,3.000)",1,r1.00_a210,210,1.0,1.1339745962155614,2.5,True,True,True,2.74531223429477,0.19903562698164023,,0
P2_S1_P_seed1004,S1,P,"plant@(2.000,3.000)",1,r0.80_a240,240,0.8,1.5999999999999996,2.3071796769724493,True,True,True,2.803764317979718,0.21029081498272717,,0
P2_S1_P_seed1004,S1,P,"plant@(2.000,3.000)",1,r1.00_a270,270,1.0,1.9999999999999998,2.0,True,True,True,2.816025931651265,0.2065383039880544,,0
P2_S1_P_seed1004,S1,P,"plant@(2.000,3.000)",1,r0.80_a210,210,0.8,1.307179676972449,2.5999999999999996,True,True,True,2.9198346466490075,0.23433712299447507,,0
P2_S1_P_seed1004,S1,P,"plant@(2.000,3.000)",1,r0.80_a270,270,0.8,1.9999999999999998,2.2,True,True,True,2.96247563771313,0.23409762699157,,0
P2_S1_P_seed1004,S1,P,"plant@(2.000,3.000)",1,r1.20_a180,180,1.2,0.8,3.0,True,True,True,3.1847430226150277,0.24816239599022083,,0
P2_S1_P_seed1004,S1,P,"plant@(2.000,3.000)",1,r1.00_a180,180,1.0,1.0,3.0,True,True,True,3.169875174869212,0.24766768401605077,,0
P2_S1_P_seed1004,S1,P,"plant@(2.000,3.000)",1,r0.80_a180,180,0.8,1.2,3.0,True,True,True,3.2416304739555724,0.2332241050025914,,0
P2_S1_P_seed1004,S1,P,"plant@(2.000,3.000)",1,r1.20_a300,300,1.2,2.6,1.9607695154586737,True,True,True,3.2493641108315225,0.2611262739810627,,0
P2_S1_P_seed1004,S1,P,"plant@(2.000,3.000)",1,r1.00_a300,300,1.0,2.5,2.1339745962155616,True,True,True,3.2803082874835803,0.27452614399953745,,0
P2_S1_P_seed1004,S1,P,"plant@(2.000,3.000)",1,r0.80_a300,300,0.8,2.4000000000000004,2.3071796769724493,True,True,True,3.3238474265494395,0.2406640129920561,,0
P2_S1_P_seed1004,S1,P,"plant@(2.000,3.000)",1,r0.80_a150,150,0.8,1.3071796769724489,3.4,True,True,True,3.697423411089156,0.3390617159893736,,0
P2_S1_P_seed1004,S1,P,"plant@(2.000,3.000)",1,r1.00_a150,150,1.0,1.1339745962155612,3.5,True,True,True,3.688042177210573,0.30030719900969416,,0
P2_S1_P_seed1004,S1,P,"plant@(2.000,3.000)",1,r1.20_a150,150,1.2,0.9607695154586735,3.5999999999999996,True,True,True,3.7664397493190878,0.2682623590226285,,0
P2_S1_P_seed1004,S1,P,"plant@(2.000,3.000)",1,r0.80_a330,330,0.8,2.6928203230275507,2.5999999999999996,True,True,True,3.7670170039224296,0.2741192629910074,,0
P2_S1_P_seed1004,S1,P,"plant@(2.000,3.000)",1,r1.00_a330,330,1.0,2.8660254037844384,2.4999999999999996,True,True,True,3.8177101866375125,0.28540137701202184,,0
P2_S1_P_seed1004,S1,P,"plant@(2.000,3.000)",1,r1.20_a330,330,1.2,3.039230484541326,2.3999999999999995,True,True,True,3.862814351084195,0.32140235998667777,,0
P2_S1_P_seed1004,S1,P,"plant@(2.000,3.000)",1,r0.80_a000,0,0.8,2.8,3.0,True,True,True,4.198710423429075,0.3322159250092227,,0
P2_S1_P_seed1004,S1,P,"plant@(2.000,3.000)",1,r1.00_a120,120,1.0,1.5000000000000002,3.866025403784439,True,True,True,4.349087003878647,0.35749547797604464,,0
P2_S1_P_seed1004,S1,P,"plant@(2.000,3.000)",1,r1.00_a000,0,1.0,3.0,3.0,True,True,True,4.262439227569819,0.31594809601665474,,0
P2_S1_P_seed1004,S1,P,"plant@(2.000,3.000)",1,r1.20_a120,120,1.2,1.4000000000000004,4.039230484541326,True,True,True,4.307100999716338,0.3275265660195146,,0
P2_S1_P_seed1004,S1,P,"plant@(2.000,3.000)",1,r0.80_a030,30,0.8,2.692820323027551,3.4,True,True,True,4.6843439254528665,0.39304191901464947,,0
P2_S1_P_seed1004,S1,P,"plant@(2.000,3.000)",1,r1.20_a000,0,1.2,3.2,3.0,True,True,True,4.391661197065614,0.3957591560028959,,0
P2_S1_P_seed1004,S1,P,"plant@(2.000,3.000)",1,r1.00_a090,90,1.0,2.0,4.0,True,True,True,4.93275588851247,0.37975222201202996,,0
P2_S1_P_seed1004,S1,P,"plant@(2.000,3.000)",1,r1.00_a030,30,1.0,2.866025403784439,3.5,True,True,True,4.733839035284139,0.36035801901016384,,0
P2_S1_P_seed1004,S1,P,"plant@(2.000,3.000)",1,r1.00_a060,60,1.0,2.5,3.8660254037844384,True,True,True,5.290531886297779,0.40265678500873037,,0
P2_S1_P_seed1004,S1,P,"plant@(2.000,3.000)",1,r1.20_a090,90,1.2,2.0,4.2,True,True,True,4.937109901060667,0.3655298590019811,,0
P2_S1_P_seed1004,S1,P,"plant@(2.000,3.000)",1,r1.20_a030,30,1.2,3.0392304845413265,3.5999999999999996,True,True,True,4.865006267629385,0.38342588997329585,,0
P2_S1_P_seed1004,S1,P,"plant@(12.000,2.000)",1,r1.20_a240,240,1.2,11.399999999999999,0.960769515458674,True,True,True,14.244923145502648,0.4482755679928232,,1
P2_S1_P_seed1004,S1,P,"plant@(12.000,2.000)",1,r1.20_a090,90,1.2,12.0,3.2,True,True,True,16.816757812459418,0.43290932700620033,,0
P2_S1_P_seed1004,S1,P,"plant@(12.000,2.000)",1,r0.80_a060,60,0.8,12.4,2.6928203230275507,True,True,True,17.31217432905421,0.5398769690073095,,0
P2_S1_P_seed1004,S1,P,"plant@(12.000,2.000)",1,r1.00_a060,60,1.0,12.5,2.8660254037844384,True,True,True,17.328718434655023,0.5801535909995437,,0
P2_S1_P_seed1004,S1,P,"plant@(12.000,2.000)",1,r1.20_a060,60,1.2,12.6,3.039230484541326,True,True,True,17.03212800687902,0.4718396699754521,,0
P2_S1_P_seed1004,S1,P,"plant@(12.000,2.000)",1,r0.80_a030,30,0.8,12.69282032302755,2.4,True,True,True,17.826654552400015,0.4475912259949837,,0
P2_S1_P_seed1004,S1,P,"plant@(12.000,2.000)",1,r0.80_a330,330,0.8,12.69282032302755,1.5999999999999996,True,True,True,17.853391422368688,0.4632733410107903,,0
P2_S1_P_seed1004,S1,P,"plant@(12.000,2.000)",1,r0.80_a000,0,0.8,12.8,2.0,True,True,True,18.014331826144993,0.538680925994413,,0
P2_S1_P_seed1004,S1,P,"plant@(12.000,2.000)",1,r1.00_a030,30,1.0,12.86602540378444,2.5,True,True,True,17.67608792587329,0.4439973839907907,,0
P2_S1_P_seed1004,S1,P,"plant@(12.000,2.000)",1,r1.00_a330,330,1.0,12.866025403784437,1.4999999999999996,True,True,True,17.570412042963007,0.5519272300007287,,0
P2_S1_P_seed1004,S1,P,"plant@(12.000,2.000)",1,r1.00_a000,0,1.0,13.0,2.0,True,True,True,18.0462908630043,0.591701005003415,,0
P2_S1_P_seed1004,S1,P,"plant@(12.000,2.000)",1,r1.20_a030,30,1.2,13.039230484541326,2.5999999999999996,True,True,True,17.642407911092384,0.5253560679848306,,0
P2_S1_P_seed1004,S1,P,"plant@(12.000,2.000)",1,r1.20_a330,330,1.2,13.039230484541326,1.3999999999999995,True,True,True,17.474384034181078,0.548349816002883,,0
P2_S1_P_seed1004,S1,P,"plant@(12.000,2.000)",1,r1.20_a000,0,1.2,13.2,2.0,True,True,True,17.983828032411424,0.6648844810260925,,0
P2_S1_P_seed1004,S1,P,"plant@(12.000,2.000)",1,r1.20_a180,180,1.2,10.8,2.0,False,True,False,,0.5271394500159658,path_infeasible_under_safety_checks,0
P2_S1_P_seed1004,S1,P,"plant@(12.000,2.000)",1,r1.20_a150,150,1.2,10.960769515458674,2.5999999999999996,False,True,False,,0.5594307139981538,path_infeasible_under_safety_checks,0
P2_S1_P_seed1004,S1,P,"plant@(12.000,2.000)",1,r1.20_a210,210,1.2,10.960769515458674,1.4,False,True,False,,0.6929430209856946,path_infeasible_under_safety_checks,0
P2_S1_P_seed1004,S1,P,"plant@(12.000,2.000)",1,r1.00_a180,180,1.0,11.0,2.0,False,True,False,,0.485352485004114,path_infeasible_under_safety_checks,0
P2_S1_P_seed1004,S1,P,"plant@(12.000,2.000)",1,r1.00_a150,150,1.0,11.13397459621556,2.5,False,True,False,,0.49166940798750147,path_infeasible_under_safety_checks,0
P2_S1_P_seed1004,S1,P,"plant@(12.000,2.000)",1,r1.00_a210,210,1.0,11.13397459621556,1.5,False,True,False,,0.7166137379826978,path_infeasible_under_safety_checks,0
P2_S1_P_seed1004,S1,P,"plant@(12.000,2.000)",1,r0.80_a180,180,0.8,11.2,2.0,False,True,False,,0.4021192920044996,path_infeasible_under_safety_checks,0
P2_S1_P_seed1004,S1,P,"plant@(12.000,2.000)",1,r0.80_a150,150,0.8,11.30717967697245,2.4,False,True,False,,0.48980497202137485,path_infeasible_under_safety_checks,0
P2_S1_P_seed1004,S1,P,"plant@(12.000,2.000)",1,r0.80_a210,210,0.8,11.30717967697245,1.5999999999999999,False,True,False,,0.6301320969942026,path_infeasible_under_safety_checks,0
P2_S1_P_seed1004,S1,P,"plant@(12.000,2.000)",1,r1.20_a120,120,1.2,11.4,3.0392304845413265,False,True,False,,0.5459650640259497,path_infeasible_under_safety_checks,0
P2_S1_P_seed1004,S1,P,"plant@(12.000,2.000)",1,r1.00_a120,120,1.0,11.5,2.866025403784439,False,True,False,,0.622351356985746,path_infeasible_under_safety_checks,0
P2_S1_P_seed1004,S1,P,"plant@(12.000,2.000)",1,r1.00_a240,240,1.0,11.5,1.1339745962155616,False,True,False,,0.6182817730004899,path_infeasible_under_safety_checks,0
P2_S1_P_seed1004,S1,P,"plant@(12.000,2.000)",1,r0.80_a120,120,0.8,11.6,2.692820323027551,False,True,False,,1.016421428998001,path_infeasible_under_safety_checks,0
P2_S1_P_seed1004,S1,P,"plant@(12.000,2.000)",1,r0.80_a240,240,0.8,11.6,1.3071796769724493,False,True,False,,1.034533800004283,path_infeasible_under_safety_checks,0
P2_S1_P_seed1004,S1,P,"plant@(12.000,2.000)",1,r0.80_a090,90,0.8,12.0,2.8,False,True,False,,0.5622446050110739,path_infeasible_under_safety_checks,0
P2_S1_P_seed1004,S1,P,"plant@(12.000,2.000)",1,r1.00_a090,90,1.0,12.0,3.0,False,True,False,,0.6893776649958454,path_infeasible_under_safety_checks,0
P2_S1_P_seed1004,S1,P,"plant@(12.000,2.000)",1,r0.80_a270,270,0.8,12.0,1.2,False,True,False,,1.0428222629998345,path_infeasible_under_safety_checks,0
P2_S1_P_seed1004,S1,P,"plant@(12.000,2.000)",1,r1.00_a270,270,1.0,12.0,1.0,False,True,False,,0.8353828349791002,path_infeasible_under_safety_checks,0
P2_S1_P_seed1004,S1,P,"plant@(12.000,2.000)",1,r1.20_a060,60,1.2,12.6,3.039230484541326,True,True,True,0.3259716070602434,0.04463138597202487,,1
P2_S1_P_seed1004,S1,P,"plant@(12.000,2.000)",1,r1.20_a030,30,1.2,13.039230484541326,2.5999999999999996,True,True,True,0.3476112860827225,0.049557716003619134,,0
P2_S1_P_seed1004,S1,P,"plant@(12.000,2.000)",1,r1.00_a060,60,1.0,12.5,2.8660254037844384,True,True,True,0.3539747802612595,0.05032671699882485,,0
P2_S1_P_seed1004,S1,P,"plant@(12.000,2.000)",1,r1.00_a030,30,1.0,12.86602540378444,2.5,True,True,True,0.3756282861882011,0.04846100098802708,,0
P2_S1_P_seed1004,S1,P,"plant@(12.000,2.000)",1,r0.80_a060,60,0.8,12.4,2.6928203230275507,True,True,True,0.4893694195399453,0.06329283499508165,,0
P2_S1_P_seed1004,S1,P,"plant@(12.000,2.000)",1,r0.80_a030,30,0.8,12.69282032302755,2.4,True,True,True,0.5074873500140185,0.06339661902165972,,0
P2_S1_P_seed1004,S1,P,"plant@(12.000,2.000)",1,r0.80_a000,0,0.8,12.8,2.0,True,True,True,0.8907108572445335,0.08661852200748399,,0
P2_S1_P_seed1004,S1,P,"plant@(12.000,2.000)",1,r1.00_a000,0,1.0,13.0,2.0,True,True,True,0.9017380750747409,0.08809624100103974,,0
P2_S1_P_seed1004,S1,P,"plant@(12.000,2.000)",1,r1.20_a090,90,1.2,12.0,3.2,True,True,True,0.9649246735700865,0.08960185799514875,,0
P2_S1_P_seed1004,S1,P,"plant@(12.000,2.000)",1,r1.20_a000,0,1.2,13.2,2.0,True,True,True,0.9571140493005933,0.08997590097715147,,0
P2_S1_P_seed1004,S1,P,"plant@(12.000,2.000)",1,r0.80_a330,330,0.8,12.69282032302755,1.5999999999999996,True,True,True,1.319026501289409,0.11486294001224451,,0
P2_S1_P_seed1004,S1,P,"plant@(12.000,2.000)",1,r1.00_a330,330,1.0,12.866025403784437,1.4999999999999996,True,True,True,1.3756282894605767,0.11680331701063551,,0
P2_S1_P_seed1004,S1,P,"plant@(12.000,2.000)",1,r1.20_a330,330,1.2,13.039230484541326,1.3999999999999995,True,True,True,1.5053894473346339,0.12455083400709555,,0
P2_S1_P_seed1004,S1,P,"plant@(12.000,2.000)",1,r1.20_a240,240,1.2,11.399999999999999,0.960769515458674,True,True,True,10.070133136304815,0.2795529660070315,,0
P2_S1_P_seed1004,S1,P,"plant@(12.000,2.000)",1,r0.80_a090,90,0.8,12.0,2.8,False,True,False,,0.08521924298838712,path_infeasible_under_safety_checks,0
P2_S1_P_seed1004,S1,P,"plant@(12.000,2.000)",1,r1.00_a090,90,1.0,12.0,3.0,False,True,False,,0.08129954498144798,path_infeasible_under_safety_checks,0
P2_S1_P_seed1004,S1,P,"plant@(12.000,2.000)",1,r0.80_a120,120,0.8,11.6,2.692820323027551,False,True,False,,0.10658765400876291,path_infeasible_under_safety_checks,0
P2_S1_P_seed1004,S1,P,"plant@(12.000,2.000)",1,r1.00_a120,120,1.0,11.5,2.866025403784439,False,True,False,,0.1152766099839937,path_infeasible_under_safety_checks,0
P2_S1_P_seed1004,S1,P,"plant@(12.000,2.000)",1,r1.20_a120,120,1.2,11.4,3.0392304845413265,False,True,False,,0.17238226399058476,path_infeasible_under_safety_checks,0
P2_S1_P_seed1004,S1,P,"plant@(12.000,2.000)",1,r0.80_a150,150,0.8,11.30717967697245,2.4,False,True,False,,0.15346439299173653,path_infeasible_under_safety_checks,0
P2_S1_P_seed1004,S1,P,"plant@(12.000,2.000)",1,r0.80_a300,300,0.8,12.4,1.307179676972449,False,True,False,,0.13467480498366058,path_infeasible_under_safety_checks,0
P2_S1_P_seed1004,S1,P,"plant@(12.000,2.000)",1,r1.00_a150,150,1.0,11.13397459621556,2.5,False,True,False,,0.1713366780022625,path_infeasible_under_safety_checks,0
P2_S1_P_seed1004,S1,P,"plant@(12.000,2.000)",1,r1.00_a300,300,1.0,12.5,1.1339745962155614,False,True,False,,0.14462509800796397,path_infeasible_under_safety_checks,0
P2_S1_P_seed1004,S1,P,"plant@(12.000,2.000)",1,r0.80_a180,180,0.8,11.2,2.0,False,True,False,,0.14999751100549474,path_infeasible_under_safety_checks,0
P2_S1_P_seed1004,S1,P,"plant@(12.000,2.000)",1,r0.80_a270,270,0.8,12.0,1.2,False,True,False,,0.1853828860039357,path_infeasible_under_safety_checks,0
P2_S1_P_seed1004,S1,P,"plant@(12.000,2.000)",1,r1.20_a150,150,1.2,10.960769515458674,2.5999999999999996,False,True,False,,0.15774232099647634,path_infeasible_under_safety_checks,0
P2_S1_P_seed1004,S1,P,"plant@(12.000,2.000)",1,r1.20_a300,300,1.2,12.6,0.9607695154586737,False,True,False,,0.1487411370035261,path_infeasible_under_safety_checks,0
P2_S1_P_seed1004,S1,P,"plant@(12.000,2.000)",1,r0.80_a210,210,0.8,11.30717967697245,1.5999999999999999,False,True,False,,0.17283441699692048,path_infeasible_under_safety_checks,0
P2_S1_P_seed1004,S1,P,"plant@(12.000,2.000)",1,r0.80_a240,240,0.8,11.6,1.3071796769724493,False,True,False,,0.17652505802107044,path_infeasible_under_safety_checks,0
P2_S1_P_seed1004,S1,P,"plant@(12.000,2.000)",1,r1.00_a180,180,1.0,11.0,2.0,False,True,False,,0.1507593640126288,path_infeasible_under_safety_checks,0
P2_S1_P_seed1004,S1,P,"plant@(12.000,2.000)",1,r1.00_a270,270,1.0,12.0,1.0,False,True,False,,0.18939526000758633,path_infeasible_under_safety_checks,0
P2_S1_P_seed1004,S1,P,"plant@(12.000,2.000)",1,r1.00_a210,210,1.0,11.13397459621556,1.5,False,True,False,,0.321563783014426,path_infeasible_under_safety_checks,0
P2_S1_P_seed1004,S1,P,"plant@(12.000,2.000)",1,r1.20_a060,60,1.2,12.6,3.039230484541326,True,True,True,0.20518159613829232,0.045008703018538654,,1
P2_S1_P_seed1004,S1,P,"plant@(12.000,2.000)",1,r1.00_a060,60,1.0,12.5,2.8660254037844384,True,True,True,0.2746854571984113,0.049912076006876305,,0
P2_S1_P_seed1004,S1,P,"plant@(12.000,2.000)",1,r0.80_a060,60,0.8,12.4,2.6928203230275507,True,True,True,0.41949399723363645,0.048225346981780604,,0
P2_S1_P_seed1004,S1,P,"plant@(12.000,2.000)",1,r1.00_a030,30,1.0,12.86602540378444,2.5,True,True,True,0.4546679253064179,0.06054817498079501,,0
P2_S1_P_seed1004,S1,P,"plant@(12.000,2.000)",1,r1.20_a030,30,1.2,13.039230484541326,2.5999999999999996,True,True,True,0.4471327640978019,0.05702021700562909,,0
P2_S1_P_seed1004,S1,P,"plant@(12.000,2.000)",1,r0.80_a030,30,0.8,12.69282032302755,2.4,True,True,True,0.5419606239205949,0.06400735699571669,,0
P2_S1_P_seed1004,S1,P,"plant@(12.000,2.000)",1,r1.20_a090,90,1.2,12.0,3.2,True,True,True,0.8541787409308471,0.08048700602375902,,0
P2_S1_P_seed1004,S1,P,"plant@(12.000,2.000)",1,r0.80_a000,0,0.8,12.8,2.0,True,True,True,0.942379951961539,0.0897043019940611,,0
P2_S1_P_seed1004,S1,P,"plant@(12.000,2.000)",1,r1.00_a000,0,1.0,13.0,2.0,True,True,True,0.9724949104496808,0.09822522097965702,,0
P2_S1_P_seed1004,S1,P,"plant@(12.000,2.000)",1,r1.20_a000,0,1.2,13.2,2.0,True,True,True,1.0442367903247571,0.11092494102194905,,0
P2_S1_P_seed1004,S1,P,"plant@(12.000,2.000)",1,r0.80_a330,330,0.8,12.69282032302755,1.5999999999999996,True,True,True,1.3864059445459311,0.13628996899933554,,0
P2_S1_P_seed1004,S1,P,"plant@(12.000,2.000)",1,r1.00_a330,330,1.0,12.866025403784437,1.4999999999999996,True,True,True,1.4608965959759872,0.13017752300947905,,0
P2_S1_P_seed1004,S1,P,"plant@(12.000,2.000)",1,r1.20_a330,330,1.2,13.039230484541326,1.3999999999999995,True,True,True,1.571324865507368,0.12877711601322517,,0
P2_S1_P_seed1004,S1,P,"plant@(12.000,2.000)",1,r1.20_a240,240,1.2,11.399999999999999,0.960769515458674,True,True,True,10.237323269010366,0.27728522598044947,,0
P2_S1_P_seed1004,S1,P,"plant@(12.000,2.000)",1,r1.00_a090,90,1.0,12.0,3.0,False,True,False,,0.07787981300498359,path_infeasible_under_safety_checks,0
P2_S1_P_seed1004,S1,P,"plant@(12.000,2.000)",1,r0.80_a090,90,0.8,12.0,2.8,False,True,False,,0.08083584200358018,path_infeasible_under_safety_checks,0
P2_S1_P_seed1004,S1,P,"plant@(12.000,2.000)",1,r0.80_a120,120,0.8,11.6,2.692820323027551,False,True,False,,0.09282800200162455,path_infeasible_under_safety_checks,0
P2_S1_P_seed1004,S1,P,"plant@(12.000,2.000)",1,r1.00_a120,120,1.0,11.5,2.866025403784439,False,True,False,,0.08135077901533805,path_infeasible_under_safety_checks,0
P2_S1_P_seed1004,S1,P,"plant@(12.000,2.000)",1,r1.20_a120,120,1.2,11.4,3.0392304845413265,False,True,False,,0.15846481401240453,path_infeasible_under_safety_checks,0
P2_S1_P_seed1004,S1,P,"plant@(12.000,2.000)",1,r0.80_a150,150,0.8,11.30717967697245,2.4,False,True,False,,0.17339930598973297,path_infeasible_under_safety_checks,0
P2_S1_P_seed1004,S1,P,"plant@(12.000,2.000)",1,r0.80_a300,300,0.8,12.4,1.307179676972449,False,True,False,,0.1514168849971611,path_infeasible_under_safety_checks,0
P2_S1_P_seed1004,S1,P,"plant@(12.000,2.000)",1,r1.00_a150,150,1.0,11.13397459621556,2.5,False,True,False,,0.1553905949986074,path_infeasible_under_safety_checks,0
P2_S1_P_seed1004,S1,P,"plant@(12.000,2.000)",1,r1.00_a300,300,1.0,12.5,1.1339745962155614,False,True,False,,0.15215762401930988,path_infeasible_under_safety_checks,0
P2_S1_P_seed1004,S1,P,"plant@(12.000,2.000)",1,r0.80_a180,180,0.8,11.2,2.0,False,True,False,,0.16372356298961677,path_infeasible_under_safety_checks,0
P2_S1_P_seed1004,S1,P,"plant@(12.000,2.000)",1,r1.20_a150,150,1.2,10.960769515458674,2.5999999999999996,False,True,False,,0.14892372401664034,path_infeasible_under_safety_checks,0
P2_S1_P_seed1004,S1,P,"plant@(12.000,2.000)",1,r0.80_a270,270,0.8,12.0,1.2,False,True,False,,0.17900470297900029,path_infeasible_under_safety_checks,0
P2_S1_P_seed1004,S1,P,"plant@(12.000,2.000)",1,r0.80_a210,210,0.8,11.30717967697245,1.5999999999999999,False,True,False,,0.17034811800112948,path_infeasible_under_safety_checks,0
P2_S1_P_seed1004,S1,P,"plant@(12.000,2.000)",1,r1.20_a300,300,1.2,12.6,0.9607695154586737,False,True,False,,0.16033273198991083,path_infeasible_under_safety_checks,0
P2_S1_P_seed1004,S1,P,"plant@(12.000,2.000)",1,r0.80_a240,240,0.8,11.6,1.3071796769724493,False,True,False,,0.1772069539874792,path_infeasible_under_safety_checks,0
P2_S1_P_seed1004,S1,P,"plant@(12.000,2.000)",1,r1.00_a180,180,1.0,11.0,2.0,False,True,False,,0.154953765013488,path_infeasible_under_safety_checks,0
P2_S1_P_seed1004,S1,P,"plant@(12.000,2.000)",1,r1.00_a270,270,1.0,12.0,1.0,False,True,False,,0.1757511849864386,path_infeasible_under_safety_checks,0
P2_S1_P_seed1004,S1,P,"plant@(12.000,2.000)",1,r1.00_a210,210,1.0,11.13397459621556,1.5,False,True,False,,0.32794976999866776,path_infeasible_under_safety_checks,0
P2_S1_P_seed1004,S1,P,"plant@(15.000,5.000)",1,r1.20_a210,210,1.2,13.960769515458674,4.4,True,True,True,1.9812549888582844,0.15814705900265835,,1
P2_S1_P_seed1004,S1,P,"plant@(15.000,5.000)",1,r1.20_a240,240,1.2,14.399999999999999,3.960769515458674,True,True,True,2.0830175357563814,0.17120351098128594,,0
P2_S1_P_seed1004,S1,P,"plant@(15.000,5.000)",1,r1.20_a180,180,1.2,13.8,5.0,True,True,True,2.3864426410554747,0.17973090001032688,,0
P2_S1_P_seed1004,S1,P,"plant@(15.000,5.000)",1,r1.00_a180,180,1.0,14.0,5.0,True,True,True,2.5759242466051995,0.2199246590025723,,0
P2_S1_P_seed1004,S1,P,"plant@(15.000,5.000)",1,r1.20_a270,270,1.2,15.0,3.8,True,True,True,2.647035028677293,0.20369736599968746,,0
P2_S1_P_seed1004,S1,P,"plant@(15.000,5.000)",1,r1.00_a150,150,1.0,14.13397459621556,5.5,True,True,True,3.0296117848602817,0.2518611109990161,,0
P2_S1_P_seed1004,S1,P,"plant@(15.000,5.000)",1,r1.20_a150,150,1.2,13.960769515458674,5.6,True,True,True,2.989954493660703,0.21855008299462497,,0
P2_S1_P_seed1004,S1,P,"plant@(15.000,5.000)",1,r0.80_a150,150,0.8,14.30717967697245,5.4,True,True,True,3.1540816413135113,0.24846736900508404,,0
P2_S1_P_seed1004,S1,P,"plant@(15.000,5.000)",1,r1.20_a300,300,1.2,15.6,3.960769515458674,True,True,True,3.303832433902182,0.2578846820106264,,0
P2_S1_P_seed1004,S1,P,"plant@(15.000,5.000)",1,r0.80_a120,120,0.8,14.6,5.692820323027551,True,True,True,3.655095598095227,0.30342215398559347,,0
P2_S1_P_seed1004,S1,P,"plant@(15.000,5.000)",1,r1.00_a120,120,1.0,14.5,5.866025403784438,True,True,True,3.590476940894704,0.2555811300117057,,0
P2_S1_P_seed1004,S1,P,"plant@(15.000,5.000)",1,r0.80_a330,330,0.8,15.69282032302755,4.6,True,True,False,,0.3092283539881464,path_infeasible_under_safety_checks,0
P2_S1_P_seed1004,S1,P,"plant@(15.000,5.000)",1,r1.20_a120,120,1.2,14.4,6.039230484541326,True,True,True,3.593627461532841,0.26455732600879855,,0
P2_S1_P_seed1004,S1,P,"plant@(15.000,5.000)",1,r1.00_a330,330,1.0,15.866025403784437,4.5,True,True,True,4.0411017393503395,0.29421258400543593,,0
P2_S1_P_seed1004,S1,P,"plant@(15.000,5.000)",1,r0.80_a090,90,0.8,15.0,5.8,True,True,True,4.1331485933972525,0.2978041089954786,,0
P2_S1_P_seed1004,S1,P,"plant@(15.000,5.000)",1,r1.20_a330,330,1.2,16.039230484541328,4.3999999999999995,True,True,True,3.933837331636665,0.28846365702338517,,0
P2_S1_P_seed1004,S1,P,"plant@(15.000,5.000)",1,r0.80_a000,0,0.8,15.8,5.0,True,True,True,4.632207522620574,0.32862933198339306,,0
P2_S1_P_seed1004,S1,P,"plant@(15.000,5.000)",1,r1.00_a090,90,1.0,15.0,6.0,True,True,True,4.157597624363824,0.2770677380030975,,0
P2_S1_P_seed1004,S1,P,"plant@(15.000,5.000)",1,r0.80_a060,60,0.8,15.4,5.692820323027551,True,True,True,4.5492059403789575,0.3383233979984652,,0
P2_S1_P_seed1004,S1,P,"plant@(15.000,5.000)",1,r0.80_a030,30,0.8,15.69282032302755,5.4,True,True,True,4.992321201472827,0.3751689529744908,,0
P2_S1_P_seed1004,S1,P,"plant@(15.000,5.000)",1,r1.00_a000,0,1.0,16.0,5.0,True,True,True,4.592494939037337,0.34137156198266894,,0
P2_S1_P_seed1004,S1,P,"plant@(15.000,5.000)",1,r1.20_a090,90,1.2,15.0,6.2,True,True,True,4.178101248022805,0.3015211830206681,,0
P2_S1_P_seed1004,S1,P,"plant@(15.000,5.000)",1,r1.00_a060,60,1.0,15.5,5.866025403784438,True,True,True,4.61627192495423,0.3390602260187734,,0
P2_S1_P_seed1004,S1,P,"plant@(15.000,5.000)",1,r1.20_a000,0,1.2,16.2,5.0,True,True,True,4.615363552667093,0.3500049139838666,,0
P2_S1_P_seed1004,S1,P,"plant@(15.000,5.000)",1,r1.00_a030,30,1.0,15.86602540378444,5.5,True,True,True,5.162414971486819,0.38617153398809023,,0
P2_S1_P_seed1004,S1,P,"plant@(15.000,5.000)",1,r1.20_a060,60,1.2,15.6,6.039230484541326,True,True,True,4.789579856827615,0.3377225989825092,,0
P2_S1_P_seed1004,S1,P,"plant@(15.000,5.000)",1,r1.20_a030,30,1.2,16.039230484541328,5.6,True,True,True,5.264534324840855,0.3703103000007104,,0
P2_S1_P_seed1004,S1,P,"plant@(15.000,5.000)",1,r1.00_a210,210,1.0,14.13397459621556,4.5,False,True,False,,0.16488512497744523,path_infeasible_under_safety_checks,0
P2_S1_P_seed1004,S1,P,"plant@(15.000,5.000)",1,r1.00_a240,240,1.0,14.5,4.133974596215562,False,True,False,,0.17469529301160946,path_infeasible_under_safety_checks,0
P2_S1_P_seed1004,S1,P,"plant@(15.000,5.000)",1,r0.80_a210,210,0.8,14.30717967697245,4.6,False,True,False,,0.1964630670263432,path_infeasible_under_safety_checks,0
P2_S1_P_seed1004,S1,P,"plant@(15.000,5.000)",1,r0.80_a240,240,0.8,14.6,4.307179676972449,False,True,False,,0.18673464501625858,path_infeasible_under_safety_checks,0
P2_S1_P_seed1004,S1,P,"plant@(15.000,5.000)",1,r0.80_a180,180,0.8,14.2,5.0,False,True,False,,0.220499439019477,path_infeasible_under_safety_checks,0
P2_S1_P_seed1005,S1,P,"plant@(2.000,3.000)",1,r1.20_a240,240,1.2,1.3999999999999995,1.960769515458674,True,True,True,2.4021980321074725,0.15917049199924804,,1
P2_S1_P_seed1005,S1,P,"plant@(2.000,3.000)",1,r1.20_a210,210,1.2,0.9607695154586737,2.4,True,True,True,2.5982584977119902,0.1837040839891415,,0
P2_S1_P_seed1005,S1,P,"plant@(2.000,3.000)",1,r1.00_a240,240,1.0,1.4999999999999996,2.1339745962155616,True,True,True,2.602031634036085,0.18084915398503654,,0
P2_S1_P_seed1005,S1,P,"plant@(2.000,3.000)",1,r1.20_a270,270,1.2,1.9999999999999998,1.8,True,True,True,2.6786582306225384,0.179132650984684,,0
P2_S1_P_seed1005,S1,P,"plant@(2.000,3.000)",1,r1.00_a210,210,1.0,1.1339745962155614,2.5,True,True,True,2.74531223429477,0.18559180101146922,,0
P2_S1_P_seed1005,S1,P,"plant@(2.000,3.000)",1,r0.80_a240,240,0.8,1.5999999999999996,2.3071796769724493,True,True,True,2.803764317979718,0.18828971299808472,,0
P2_S1_P_seed1005,S1,P,"plant@(2.000,3.000)",1,r1.00_a270,270,1.0,1.9999999999999998,2.0,True,True,True,2.816025931651265,0.18354960600845516,,0
P2_S1_P_seed1005,S1,P,"plant@(2.000,3.000)",1,r0.80_a210,210,0.8,1.307179676972449,2.5999999999999996,True,True,True,2.9198346466490075,0.1914605209894944,,0
P2_S1_P_seed1005,S1,P,"plant@(2.000,3.000)",1,r0.80_a270,270,0.8,1.9999999999999998,2.2,True,True,True,2.96247563771313,0.19933719301479869,,0
P2_S1_P_seed1005,S1,P,"plant@(2.000,3.000)",1,r1.20_a180,180,1.2,0.8,3.0,True,True,True,3.1847430226150277,0.2129063910106197,,0
P2_S1_P_seed1005,S1,P,"plant@(2.000,3.000)",1,r1.00_a180,180,1.0,1.0,3.0,True,True,True,3.169875174869212,0.2123584060173016,,0
P2_S1_P_seed1005,S1,P,"plant@(2.000,3.000)",1,r0.80_a180,180,0.8,1.2,3.0,True,True,True,3.2416304739555724,0.21189866599161178,,0
P2_S1_P_seed1005,S1,P,"plant@(2.000,3.000)",1,r1.20_a300,300,1.2,2.6,1.9607695154586737,True,True,True,3.2493641108315225,0.20754345998284407,,0
P2_S1_P_seed1005,S1,P,"plant@(2.000,3.000)",1,r1.00_a300,300,1.0,2.5,2.1339745962155616,True,True,True,3.2803082874835803,0.2124740339932032,,0
P2_S1_P_seed1005,S1,P,"plant@(2.000,3.000)",1,r0.80_a300,300,0.8,2.4000000000000004,2.3071796769724493,True,True,True,3.3238474265494395,0.21836737199919298,,0
P2_S1_P_seed1005,S1,P,"plant@(2.000,3.000)",1,r0.80_a150,150,0.8,1.3071796769724489,3.4,True,True,True,3.697423411089156,0.28360003599664196,,0
P2_S1_P_seed1005,S1,P,"plant@(2.000,3.000)",1,r1.00_a150,150,1.0,1.1339745962155612,3.5,True,True,True,3.688042177210573,0.23947960801888257,,0
P2_S1_P_seed1005,S1,P,"plant@(2.000,3.000)",1,r1.20_a150,150,1.2,0.9607695154586735,3.5999999999999996,True,True,True,3.7664397493190878,0.24776796699734405,,0
P2_S1_P_seed1005,S1,P,"plant@(2.000,3.000)",1,r0.80_a330,330,0.8,2.6928203230275507,2.5999999999999996,True,True,True,3.7670170039224296,0.24412277701776475,,0
P2_S1_P_seed1005,S1,P,"plant@(2.000,3.000)",1,r1.00_a330,330,1.0,2.8660254037844384,2.4999999999999996,True,True,True,3.8177101866375125,0.249481406994164,,0
P2_S1_P_seed1005,S1,P,"plant@(2.000,3.000)",1,r1.20_a330,330,1.2,3.039230484541326,2.3999999999999995,True,True,True,3.862814351084195,0.2536195619904902,,0
P2_S1_P_seed1005,S1,P,"plant@(2.000,3.000)",1,r0.80_a000,0,0.8,2.8,3.0,True,True,True,4.198710423429075,0.25868145099957474,,0
P2_S1_P_seed1005,S1,P,"plant@(2.000,3.000)",1,r1.00_a120,120,1.0,1.5000000000000002,3.866025403784439,True,True,True,4.349087003878647,0.2867255430028308,,0
P2_S1_P_seed1005,S1,P,"plant@(2.000,3.000)",1,r1.00_a000,0,1.0,3.0,3.0,True,True,True,4.262439227569819,0.2793256060103886,,0
P2_S1_P_seed1005,S1,P,"plant@(2.000,3.000)",1,r1.20_a120,120,1.2,1.4000000000000004,4.039230484541326,True,True,True,4.307100999716338,0.2744550880161114,,0
P2_S1_P_seed1005,S1,P,"plant@(2.000,3.000)",1,r0.80_a030,30,0.8,2.692820323027551,3.4,True,True,True,4.6843439254528665,0.3034624279825948,,0
P2_S1_P_seed1005,S1,P,"plant@(2.000,3.000)",1,r1.20_a000,0,1.2,3.2,3.0,True,True,True,4.391661197065614,0.28088095400016755,,0
P2_S1_P_seed1005,S1,P,"plant@(2.000,3.000)",1,r1.00_a090,90,1.0,2.0,4.0,True,True,True,4.93275588851247,0.31586781100486405,,0
P2_S1_P_seed1005,S1,P,"plant@(2.000,3.000)",1,r1.00_a030,30,1.0,2.866025403784439,3.5,True,True,True,4.733839035284139,0.3069681429769844,,0
P2_S1_P_seed1005,S1,P,"plant@(2.000,3.000)",1,r1.00_a060,60,1.0,2.5,3.8660254037844384,True,True,True,5.290531886297779,0.4054962720256299,,0
P2_S1_P_seed1005,S1,P,"plant@(2.000,3.000)",1,r1.20_a090,90,1.2,2.0,4.2,True,True,True,4.937109901060667,0.3583823549852241,,0
P2_S1_P_seed1005,S1,P,"plant@(2.000,3.000)",1,r1.20_a030,30,1.2,3.0392304845413265,3.5999999999999996,True,True,True,4.865006267629385,0.3152213529974688,,0
P2_S1_P_seed1005,S1,P,"plant@(12.000,2.000)",1,r1.20_a240,240,1.2,11.399999999999999,0.960769515458674,True,True,True,14.154201600570868,0.2577716420055367,,1
P2_S1_P_seed1005,S1,P,"plant@(12.000,2.000)",1,r1.20_a090,90,1.2,12.0,3.2,True,True,True,16.81622091656031,0.25068997498601675,,0
P2_S1_P_seed1005,S1,P,"plant@(12.000,2.000)",1,r0.80_a060,60,0.8,12.4,2.6928203230275507,True,True,True,17.25202343762496,0.2684974629955832,,0
P2_S1_P_seed1005,S1,P,"plant@(12.000,2.000)",1,r1.00_a060,60,1.0,12.5,2.8660254037844384,True,True,True,17.149743307244066,0.2553141390089877,,0
P2_S1_P_seed1005,S1,P,"plant@(12.000,2.000)",1,r1.20_a060,60,1.2,12.6,3.039230484541326,True,True,True,17.063817081100073,0.26737735999631695,,0
P2_S1_P_seed1005,S1,P,"plant@(12.000,2.000)",1,r0.80_a030,30,0.8,12.69282032302755,2.4,True,True,True,17.607453974977496,0.26785212199320085,,0
P2_S1_P_seed1005,S1,P,"plant@(12.000,2.000)",1,r0.80_a330,330,0.8,12.69282032302755,1.5999999999999996,True,True,True,17.800764223940813,0.2727273759956006,,0
P2_S1_P_seed1005,S1,P,"plant@(12.000,2.000)",1,r0.80_a000,0,0.8,12.8,2.0,True,True,True,17.989346144584815,0.2768843539815862,,0
P2_S1_P_seed1005,S1,P,"plant@(12.000,2.000)",1,r1.00_a030,30,1.0,12.86602540378444,2.5,True,True,True,17.602864170561226,0.2813344379828777,,0
P2_S1_P_seed1005,S1,P,"plant@(12.000,2.000)",1,r1.00_a330,330,1.0,12.866025403784437,1.4999999999999996,True,True,True,17.611241577654653,0.288662438018946,,0
P2_S1_P_seed1005,S1,P,"plant@(12.000,2.000)",1,r1.00_a000,0,1.0,13.0,2.0,True,True,True,18.072916982995665,0.24614134899456985,,0
P2_S1_P_seed1005,S1,P,"plant@(12.000,2.000)",1,r1.20_a030,30,1.2,13.039230484541326,2.5999999999999996,True,True,True,17.627797425592096,0.2790193000109866,,0
P2_S1_P_seed1005,S1,P,"plant@(12.000,2.000)",1,r1.20_a330,330,1.2,13.039230484541326,1.3999999999999995,True,True,True,17.51263623463026,0.26298701998894103,,0
P2_S1_P_seed1005,S1,P,"plant@(12.000,2.000)",1,r1.20_a000,0,1.2,13.2,2.0,True,True,True,18.11135551631777,0.239587346004555,,0
P2_S1_P_seed1005,S1,P,"plant@(12.000,2.000)",1,r1.20_a180,180,1.2,10.8,2.0,False,True,False,,0.22829770398675464,path_infeasible_under_safety_checks,0
P2_S1_P_seed1005,S1,P,"plant@(12.000,2.000)",1,r1.20_a150,150,1.2,10.960769515458674,2.5999999999999996,False,True,False,,0.2276748580043204,path_infeasible_under_safety_checks,0
P2_S1_P_seed1005,S1,P,"plant@(12.000,2.000)",1,r1.20_a210,210,1.2,10.960769515458674,1.4,False,True,False,,0.2681968029937707,path_infeasible_under_safety_checks,0
P2_S1_P_seed1005,S1,P,"plant@(12.000,2.000)",1,r1.00_a180,180,1.0,11.0,2.0,False,True,False,,0.24398403702070937,path_infeasible_under_safety_checks,0
P2_S1_P_seed1005,S1,P,"plant@(12.000,2.000)",1,r1.00_a150,150,1.0,11.13397459621556,2.5,False,True,False,,0.23332426600973122,path_infeasible_under_safety_checks,0
P2_S1_P_seed1005,S1,P,"plant@(12.000,2.000)",1,r1.00_a210,210,1.0,11.13397459621556,1.5,False,True,False,,0.2938441400183365,path_infeasible_under_safety_checks,0
P2_S1_P_seed1005,S1,P,"plant@(12.000,2.000)",1,r0.80_a180,180,0.8,11.2,2.0,False,True,False,,0.22070613800315186,path_infeasible_under_safety_checks,0
P2_S1_P_seed1005,S1,P,"plant@(12.000,2.000)",1,r0.80_a150,150,0.8,11.30717967697245,2.4,False,True,False,,0.23214503299095668,path_infeasible_under_safety_checks,0
P2_S1_P_seed1005,S1,P,"plant@(12.000,2.000)",1,r0.80_a210,210,0.8,11.30717967697245,1.5999999999999999,False,True,False,,0.2960216460051015,path_infeasible_under_safety_checks,0
P2_S1_P_seed1005,S1,P,"plant@(12.000,2.000)",1,r1.20_a120,120,1.2,11.4,3.0392304845413265,False,True,False,,0.2551295720040798,path_infeasible_under_safety_checks,0
P2_S1_P_seed1005,S1,P,"plant@(12.000,2.000)",1,r1.00_a120,120,1.0,11.5,2.866025403784439,False,True,False,,0.3197944599960465,path_infeasible_under_safety_checks,0
P2_S1_P_seed1005,S1,P,"plant@(12.000,2.000)",1,r1.00_a240,240,1.0,11.5,1.1339745962155616,False,True,False,,0.290087698987918,path_infeasible_under_safety_checks,0
P2_S1_P_seed1005,S1,P,"plant@(12.000,2.000)",1,r0.80_a120,120,0.8,11.6,2.692820323027551,False,True,False,,0.2997702849970665,path_infeasible_under_safety_checks,0
P2_S1_P_seed1005,S1,P,"plant@(12.000,2.000)",1,r0.80_a240,240,0.8,11.6,1.3071796769724493,False,True,False,,0.2992720110050868,path_infeasible_under_safety_checks,0
P2_S1_P_seed1005,S1,P,"plant@(12.000,2.000)",1,r0.80_a090,90,0.8,12.0,2.8,False,True,False,,0.2767195609922055,path_infeasible_under_safety_checks,0
P2_S1_P_seed1005,S1,P,"plant@(12.000,2.000)",1,r1.00_a090,90,1.0,12.0,3.0,False,True,False,,0.27453148597851396,path_infeasible_under_safety_checks,0
P2_S1_P_seed1005,S1,P,"plant@(12.000,2.000)",1,r0.80_a270,270,0.8,12.0,1.2,False,True,False,,0.3020571150118485,path_infeasible_under_safety_checks,0
P2_S1_P_seed1005,S1,P,"plant@(12.000,2.000)",1,r1.00_a270,270,1.0,12.0,1.0,False,True,False,,0.2853473050054163,path_infeasible_under_safety_checks,0
P2_S1_P_seed1005,S1,P,"plant@(15.000,5.000)",1,r1.20_a240,240,1.2,14.399999999999999,3.960769515458674,True,True,True,2.130341537766343,0.1658056320156902,,1
P2_S1_P_seed1005,S1,P,"plant@(15.000,5.000)",1,r1.20_a210,210,1.2,13.960769515458674,4.4,True,True,True,2.3226584057806,0.18144917199970223,,0
P2_S1_P_seed1005,S1,P,"plant@(15.000,5.000)",1,r1.20_a270,270,1.2,15.0,3.8,True,True,True,2.5025741578797405,0.19776663000811823,,0
P2_S1_P_seed1005,S1,P,"plant@(15.000,5.000)",1,r1.20_a180,180,1.2,13.8,5.0,True,True,True,2.8239938280178962,0.21162262198049575,,0
P2_S1_P_seed1005,S1,P,"plant@(15.000,5.000)",1,r1.00_a180,180,1.0,14.0,5.0,True,True,True,3.0145021816314572,0.24398848999408074,,0
P2_S1_P_seed1005,S1,P,"plant@(15.000,5.000)",1,r1.20_a300,300,1.2,15.6,3.960769515458674,True,True,True,3.1839561125916793,0.23234476801007986,,0
P2_S1_P_seed1005,S1,P,"plant@(15.000,5.000)",1,r0.80_a150,150,0.8,14.30717967697245,5.4,True,True,True,3.5924036283105187,0.34544499800540507,,0
P2_S1_P_seed1005,S1,P,"plant@(15.000,5.000)",1,r1.00_a150,150,1.0,14.13397459621556,5.5,True,True,True,3.48976382548356,0.2550323479808867,,0
P2_S1_P_seed1005,S1,P,"plant@(15.000,5.000)",1,r1.20_a150,150,1.2,13.960769515458674,5.6,True,True,True,3.448109739109408,0.2620320019777864,,0
P2_S1_P_seed1005,S1,P,"plant@(15.000,5.000)",1,r0.80_a330,330,0.8,15.69282032302755,4.6,True,True,False,,0.29137417799211107,path_infeasible_under_safety_checks,0
P2_S1_P_seed1005,S1,P,"plant@(15.000,5.000)",1,r1.00_a330,330,1.0,15.866025403784437,4.5,True,True,True,3.8370252715487974,0.2838195009971969,,0
P2_S1_P_seed1005,S1,P,"plant@(15.000,5.000)",1,r1.20_a330,330,1.2,16.039230484541328,4.3999999999999995,True,True,True,3.7443524518003666,0.27548862298135646,,0
P2_S1_P_seed1005,S1,P,"plant@(15.000,5.000)",1,r0.80_a120,120,0.8,14.6,5.692820323027551,True,True,True,4.101341249948288,0.29677235201234,,0
P2_S1_P_seed1005,S1,P,"plant@(15.000,5.000)",1,r1.00_a120,120,1.0,14.5,5.866025403784438,True,True,True,4.0528418283185665,0.29914004501188174,,0
P2_S1_P_seed1005,S1,P,"plant@(15.000,5.000)",1,r0.80_a000,0,0.8,15.8,5.0,True,True,True,4.3927269615927935,0.318820290005533,,0
P2_S1_P_seed1005,S1,P,"plant@(15.000,5.000)",1,r1.20_a120,120,1.2,14.4,6.039230484541326,True,True,True,4.03766548046087,0.2939428389945533,,0
P2_S1_P_seed1005,S1,P,"plant@(15.000,5.000)",1,r1.00_a000,0,1.0,16.0,5.0,True,True,True,4.38318935775094,0.31763608200708404,,0
P2_S1_P_seed1005,S1,P,"plant@(15.000,5.000)",1,r0.80_a090,90,0.8,15.0,5.8,True,True,True,4.592942730341066,0.3188104520086199,,0
P2_S1_P_seed1005,S1,P,"plant@(15.000,5.000)",1,r0.80_a030,30,0.8,15.69282032302755,5.4,True,True,True,4.921832753658675,0.3520836870011408,,0
P2_S1_P_seed1005,S1,P,"plant@(15.000,5.000)",1,r0.80_a060,60,0.8,15.4,5.692820323027551,True,True,True,5.0089401933453575,0.3780575470009353,,0
P2_S1_P_seed1005,S1,P,"plant@(15.000,5.000)",1,r1.20_a000,0,1.2,16.2,5.0,True,True,True,4.387785899463029,0.31554263198631816,,0
P2_S1_P_seed1005,S1,P,"plant@(15.000,5.000)",1,r1.00_a090,90,1.0,15.0,6.0,True,True,True,4.549241892586731,0.31660810101311654,,0
P2_S1_P_seed1005,S1,P,"plant@(15.000,5.000)",1,r1.00_a030,30,1.0,15.86602540378444,5.5,True,True,True,4.965835872179471,0.338347650016658,,0
P2_S1_P_seed1005,S1,P,"plant@(15.000,5.000)",1,r1.00_a060,60,1.0,15.5,5.866025403784438,True,True,True,5.051428088552819,0.3482383440132253,,0
P2_S1_P_seed1005,S1,P,"plant@(15.000,5.000)",1,r1.20_a090,90,1.2,15.0,6.2,True,True,True,4.623383752678352,0.31065435498021543,,0
P2_S1_P_seed1005,S1,P,"plant@(15.000,5.000)",1,r1.20_a030,30,1.2,16.039230484541328,5.6,True,True,True,4.974313784835848,0.3346653000044171,,0
P2_S1_P_seed1005,S1,P,"plant@(15.000,5.000)",1,r1.20_a060,60,1.2,15.6,6.039230484541326,True,True,True,5.193286972952502,0.34867278797901236,,0
P2_S1_P_seed1005,S1,P,"plant@(15.000,5.000)",1,r1.00_a240,240,1.0,14.5,4.133974596215562,False,True,False,,0.16304929900798015,path_infeasible_under_safety_checks,0
P2_S1_P_seed1005,S1,P,"plant@(15.000,5.000)",1,r1.00_a210,210,1.0,14.13397459621556,4.5,False,True,False,,0.18382345102145337,path_infeasible_under_safety_checks,0
P2_S1_P_seed1005,S1,P,"plant@(15.000,5.000)",1,r0.80_a240,240,0.8,14.6,4.307179676972449,False,True,False,,0.16950897200149484,path_infeasible_under_safety_checks,0
P2_S1_P_seed1005,S1,P,"plant@(15.000,5.000)",1,r1.00_a270,270,1.0,15.0,4.0,False,True,False,,0.19446781699662097,path_infeasible_under_safety_checks,0
P2_S1_P_seed1005,S1,P,"plant@(15.000,5.000)",1,r0.80_a210,210,0.8,14.30717967697245,4.6,False,True,False,,0.19896966399392113,path_infeasible_under_safety_checks,0
P2_S1_P_seed1006,S1,P,"plant@(2.000,3.000)",1,r1.20_a240,240,1.2,1.3999999999999995,1.960769515458674,True,True,True,2.4021980321074725,0.15711876199929975,,1
P2_S1_P_seed1006,S1,P,"plant@(2.000,3.000)",1,r1.20_a210,210,1.2,0.9607695154586737,2.4,True,True,True,2.5982584977119902,0.18390922699472867,,0
P2_S1_P_seed1006,S1,P,"plant@(2.000,3.000)",1,r1.00_a240,240,1.0,1.4999999999999996,2.1339745962155616,True,True,True,2.602031634036085,0.15946767799323425,,0
P2_S1_P_seed1006,S1,P,"plant@(2.000,3.000)",1,r1.20_a270,270,1.2,1.9999999999999998,1.8,True,True,True,2.6786582306225384,0.16811681998660788,,0
P2_S1_P_seed1006,S1,P,"plant@(2.000,3.000)",1,r1.00_a210,210,1.0,1.1339745962155614,2.5,True,True,True,2.74531223429477,0.1789552010013722,,0
P2_S1_P_seed1006,S1,P,"plant@(2.000,3.000)",1,r0.80_a240,240,0.8,1.5999999999999996,2.3071796769724493,True,True,True,2.803764317979718,0.17193145700730383,,0
P2_S1_P_seed1006,S1,P,"plant@(2.000,3.000)",1,r1.00_a270,270,1.0,1.9999999999999998,2.0,True,True,True,2.816025931651265,0.17735059099504724,,0
P2_S1_P_seed1006,S1,P,"plant@(2.000,3.000)",1,r0.80_a210,210,0.8,1.307179676972449,2.5999999999999996,True,True,True,2.9198346466490075,0.17849443800514564,,0
P2_S1_P_seed1006,S1,P,"plant@(2.000,3.000)",1,r0.80_a270,270,0.8,1.9999999999999998,2.2,True,True,True,2.96247563771313,0.17259077497874387,,0
P2_S1_P_seed1006,S1,P,"plant@(2.000,3.000)",1,r1.20_a180,180,1.2,0.8,3.0,True,True,True,3.1847430226150277,0.19214862800436094,,0
P2_S1_P_seed1006,S1,P,"plant@(2.000,3.000)",1,r1.00_a180,180,1.0,1.0,3.0,True,True,True,3.169875174869212,0.18073370700585656,,0
P2_S1_P_seed1006,S1,P,"plant@(2.000,3.000)",1,r0.80_a180,180,0.8,1.2,3.0,True,True,True,3.2416304739555724,0.1974823380005546,,0
P2_S1_P_seed1006,S1,P,"plant@(2.000,3.000)",1,r1.20_a300,300,1.2,2.6,1.9607695154586737,True,True,True,3.2493641108315225,0.20649035199312493,,0
P2_S1_P_seed1006,S1,P,"plant@(2.000,3.000)",1,r1.00_a300,300,1.0,2.5,2.1339745962155616,True,True,True,3.2803082874835803,0.19749548702384345,,0
P2_S1_P_seed1006,S1,P,"plant@(2.000,3.000)",1,r0.80_a300,300,0.8,2.4000000000000004,2.3071796769724493,True,True,True,3.3238474265494395,0.2070666610088665,,0
P2_S1_P_seed1006,S1,P,"plant@(2.000,3.000)",1,r0.80_a150,150,0.8,1.3071796769724489,3.4,True,True,True,3.697423411089156,0.21991123500629328,,0
P2_S1_P_seed1006,S1,P,"plant@(2.000,3.000)",1,r1.00_a150,150,1.0,1.1339745962155612,3.5,True,True,True,3.688042177210573,0.22343301499495283,,0
P2_S1_P_seed1006,S1,P,"plant@(2.000,3.000)",1,r1.20_a150,150,1.2,0.9607695154586735,3.5999999999999996,True,True,True,3.7664397493190878,0.23272835000534542,,0
P2_S1_P_seed1006,S1,P,"plant@(2.000,3.000)",1,r0.80_a330,330,0.8,2.6928203230275507,2.5999999999999996,True,True,True,3.7670170039224296,0.23069721000501886,,0
P2_S1_P_seed1006,S1,P,"plant@(2.000,3.000)",1,r1.00_a330,330,1.0,2.8660254037844384,2.4999999999999996,True,True,True,3.8177101866375125,0.24067458100034855,,0
P2_S1_P_seed1006,S1,P,"plant@(2.000,3.000)",1,r1.20_a330,330,1.2,3.039230484541326,2.3999999999999995,True,True,True,3.862814351084195,0.24426598398713395,,0
P2_S1_P_seed1006,S1,P,"plant@(2.000,3.000)",1,r0.80_a000,0,0.8,2.8,3.0,True,True,True,4.198710423429075,0.2374900229915511,,0
P2_S1_P_seed1006,S1,P,"plant@(2.000,3.000)",1,r1.00_a120,120,1.0,1.5000000000000002,3.866025403784439,True,True,True,4.349087003878647,0.2636920190125238,,0
P2_S1_P_seed1006,S1,P,"plant@(2.000,3.000)",1,r1.00_a000,0,1.0,3.0,3.0,True,True,True,4.262439227569819,0.25747867199243046,,0
P2_S1_P_seed1006,S1,P,"plant@(2.000,3.000)",1,r1.20_a120,120,1.2,1.4000000000000004,4.039230484541326,True,True,True,4.307100999716338,0.2624193739902694,,0
P2_S1_P_seed1006,S1,P,"plant@(2.000,3.000)",1,r0.80_a030,30,0.8,2.692820323027551,3.4,True,True,True,4.6843439254528665,0.2830271470011212,,0
P2_S1_P_seed1006,S1,P,"plant@(2.000,3.000)",1,r1.20_a000,0,1.2,3.2,3.0,True,True,True,4.391661197065614,0.2629164899990428,,0
P2_S1_P_seed1006,S1,P,"plant@(2.000,3.000)",1,r1.00_a090,90,1.0,2.0,4.0,True,True,True,4.93275588851247,0.29516680201049894,,0
P2_S1_P_seed1006,S1,P,"plant@(2.000,3.000)",1,r1.00_a030,30,1.0,2.866025403784439,3.5,True,True,True,4.733839035284139,0.28976988498470746,,0
P2_S1_P_seed1006,S1,P,"plant@(2.000,3.000)",1,r1.00_a060,60,1.0,2.5,3.8660254037844384,True,True,True,5.290531886297779,0.3249559400137514,,0
P2_S1_P_seed1006,S1,P,"plant@(2.000,3.000)",1,r1.20_a090,90,1.2,2.0,4.2,True,True,True,4.937109901060667,0.294319139997242,,0
P2_S1_P_seed1006,S1,P,"plant@(2.000,3.000)",1,r1.20_a030,30,1.2,3.0392304845413265,3.5999999999999996,True,True,True,4.865006267629385,0.3063845419965219,,0
P2_S1_P_seed1006,S1,P,"plant@(12.000,2.000)",1,r1.20_a240,240,1.2,11.399999999999999,0.960769515458674,True,True,True,14.244923145502648,0.2647585409868043,,1
P2_S1_P_seed1006,S1,P,"plant@(12.000,2.000)",1,r1.20_a090,90,1.2,12.0,3.2,True,True,True,16.816757812459418,0.24884665998979472,,0
P2_S1_P_seed1006,S1,P,"plant@(12.000,2.000)",1,r0.80_a060,60,0.8,12.4,2.6928203230275507,True,True,True,17.31217432905421,0.2625771939929109,,0
P2_S1_P_seed1006,S1,P,"plant@(12.000,2.000)",1,r1.00_a060,60,1.0,12.5,2.8660254037844384,True,True,True,17.328718434655023,0.26300267499755137,,0
P2_S1_P_seed1006,S1,P,"plant@(12.000,2.000)",1,r1.20_a060,60,1.2,12.6,3.039230484541326,True,True,True,17.03212800687902,0.2585202860063873,,0
P2_S1_P_seed1006,S1,P,"plant@(12.000,2.000)",1,r0.80_a030,30,0.8,12.69282032302755,2.4,True,True,True,17.826654552400015,0.23643540998455137,,0
P2_S1_P_seed1006,S1,P,"plant@(12.000,2.000)",1,r0.80_a330,330,0.8,12.69282032302755,1.5999999999999996,True,True,True,17.853391422368688,0.26458248498965986,,0
P2_S1_P_seed1006,S1,P,"plant@(12.000,2.000)",1,r0.80_a000,0,0.8,12.8,2.0,True,True,True,18.014331826144993,0.26306240100529976,,0
P2_S1_P_seed1006,S1,P,"plant@(12.000,2.000)",1,r1.00_a030,30,1.0,12.86602540378444,2.5,True,True,True,17.67608792587329,0.26675263498327695,,0
P2_S1_P_seed1006,S1,P,"plant@(12.000,2.000)",1,r1.00_a330,330,1.0,12.866025403784437,1.4999999999999996,True,True,True,17.570412042963007,0.2654370120144449,,0
P2_S1_P_seed1006,S1,P,"plant@(12.000,2.000)",1,r1.00_a000,0,1.0,13.0,2.0,True,True,True,18.0462908630043,0.24138432397739962,,0
P2_S1_P_seed1006,S1,P,"plant@(12.000,2.000)",1,r1.20_a030,30,1.2,13.039230484541326,2.5999999999999996,True,True,True,17.642407911092384,0.28138811100507155,,0
P2_S1_P_seed1006,S1,P,"plant@(12.000,2.000)",1,r1.20_a330,330,1.2,13.039230484541326,1.3999999999999995,True,True,True,17.474384034181078,0.2642920869984664,,0
P2_S1_P_seed1006,S1,P,"plant@(12.000,2.000)",1,r1.20_a000,0,1.2,13.2,2.0,True,True,True,17.983828032411424,0.28507344200625084,,0
P2_S1_P_seed1006,S1,P,"plant@(12.000,2.000)",1,r1.20_a180,180,1.2,10.8,2.0,False,True,False,,0.22868207498686388,path_infeasible_under_safety_checks,0
P2_S1_P_seed1006,S1,P,"plant@(12.000,2.000)",1,r1.20_a150,150,1.2,10.960769515458674,2.5999999999999996,False,True,False,,0.22869495901977643,path_infeasible_under_safety_checks,0
P2_S1_P_seed1006,S1,P,"plant@(12.000,2.000)",1,r1.20_a210,210,1.2,10.960769515458674,1.4,False,True,False,,0.2625641869963147,path_infeasible_under_safety_checks,0
P2_S1_P_seed1006,S1,P,"plant@(12.000,2.000)",1,r1.00_a180,180,1.0,11.0,2.0,False,True,False,,0.23893744600354694,path_infeasible_under_safety_checks,0
P2_S1_P_seed1006,S1,P,"plant@(12.000,2.000)",1,r1.00_a150,150,1.0,11.13397459621556,2.5,False,True,False,,0.22814098600065336,path_infeasible_under_safety_checks,0
P2_S1_P_seed1006,S1,P,"plant@(12.000,2.000)",1,r1.00_a210,210,1.0,11.13397459621556,1.5,False,True,False,,0.28796091000549495,path_infeasible_under_safety_checks,0
P2_S1_P_seed1006,S1,P,"plant@(12.000,2.000)",1,r0.80_a180,180,0.8,11.2,2.0,False,True,False,,0.21884081498137675,path_infeasible_under_safety_checks,0
P2_S1_P_seed1006,S1,P,"plant@(12.000,2.000)",1,r0.80_a150,150,0.8,11.30717967697245,2.4,False,True,False,,0.21992556701297872,path_infeasible_under_safety_checks,0
P2_S1_P_seed1006,S1,P,"plant@(12.000,2.000)",1,r0.80_a210,210,0.8,11.30717967697245,1.5999999999999999,False,True,False,,0.28652121100458317,path_infeasible_under_safety_checks,0
P2_S1_P_seed1006,S1,P,"plant@(12.000,2.000)",1,r1.20_a120,120,1.2,11.4,3.0392304845413265,False,True,False,,0.2936533020110801,path_infeasible_under_safety_checks,0
P2_S1_P_seed1006,S1,P,"plant@(12.000,2.000)",1,r1.00_a120,120,1.0,11.5,2.866025403784439,False,True,False,,0.2784444480203092,path_infeasible_under_safety_checks,0
P2_S1_P_seed1006,S1,P,"plant@(12.000,2.000)",1,r1.00_a240,240,1.0,11.5,1.1339745962155616,False,True,False,,0.27031089802039787,path_infeasible_under_safety_checks,0
P2_S1_P_seed1006,S1,P,"plant@(12.000,2.000)",1,r0.80_a120,120,0.8,11.6,2.692820323027551,False,True,False,,0.31724038801621646,path_infeasible_under_safety_checks,0
P2_S1_P_seed1006,S1,P,"plant@(12.000,2.000)",1,r0.80_a240,240,0.8,11.6,1.3071796769724493,False,True,False,,0.3041578739939723,path_infeasible_under_safety_checks,0
P2_S1_P_seed1006,S1,P,"plant@(12.000,2.000)",1,r0.80_a090,90,0.8,12.0,2.8,False,True,False,,0.26839044300140813,path_infeasible_under_safety_checks,0
P2_S1_P_seed1006,S1,P,"plant@(12.000,2.000)",1,r1.00_a090,90,1.0,12.0,3.0,False,True,False,,0.2595249739824794,path_infeasible_under_safety_checks,0
P2_S1_P_seed1006,S1,P,"plant@(12.000,2.000)",1,r0.80_a270,270,0.8,12.0,1.2,False,True,False,,0.29782478901324794,path_infeasible_under_safety_checks,0
P2_S1_P_seed1006,S1,P,"plant@(12.000,2.000)",1,r1.00_a270,270,1.0,12.0,1.0,False,True,False,,0.2739802259893622,path_infeasible_under_safety_checks,0
P2_S1_P_seed1006,S1,P,"plant@(12.000,2.000)",1,r1.20_a240,240,1.2,11.399999999999999,0.960769515458674,True,True,True,14.25442511735248,0.27701028098817915,,1
P2_S1_P_seed1006,S1,P,"plant@(12.000,2.000)",1,r1.20_a090,90,1.2,12.0,3.2,True,True,True,16.65580363769877,0.2619965039775707,,0
P2_S1_P_seed1006,S1,P,"plant@(12.000,2.000)",1,r0.80_a060,60,0.8,12.4,2.6928203230275507,True,True,True,17.145988868875175,0.2992243860207964,,0
P2_S1_P_seed1006,S1,P,"plant@(12.000,2.000)",1,r1.00_a060,60,1.0,12.5,2.8660254037844384,True,True,True,17.14330445005109,0.31869586001266725,,0
P2_S1_P_seed1006,S1,P,"plant@(12.000,2.000)",1,r1.20_a060,60,1.2,12.6,3.039230484541326,True,True,True,16.82480373000184,0.2781528539780993,,0
P2_S1_P_seed1006,S1,P,"plant@(12.000,2.000)",1,r0.80_a030,30,0.8,12.69282032302755,2.4,True,True,True,17.554001120862555,0.2782110350090079,,0
P2_S1_P_seed1006,S1,P,"plant@(12.000,2.000)",1,r0.80_a330,330,0.8,12.69282032302755,1.5999999999999996,True,True,True,17.74644328954936,0.30236889599473216,,0
P2_S1_P_seed1006,S1,P,"plant@(12.000,2.000)",1,r0.80_a000,0,0.8,12.8,2.0,True,True,True,17.82564408315002,0.2848683250194881,,0
P2_S1_P_seed1006,S1,P,"plant@(12.000,2.000)",1,r1.00_a030,30,1.0,12.86602540378444,2.5,True,True,True,17.39319045066427,0.28447162799420767,,0
P2_S1_P_seed1006,S1,P,"plant@(12.000,2.000)",1,r1.00_a330,330,1.0,12.866025403784437,1.4999999999999996,True,True,True,17.706377021407285,0.2882405369891785,,0
P2_S1_P_seed1006,S1,P,"plant@(12.000,2.000)",1,r1.00_a000,0,1.0,13.0,2.0,True,True,True,17.9398248022652,0.29346414099563845,,0
P2_S1_P_seed1006,S1,P,"plant@(12.000,2.000)",1,r1.20_a030,30,1.2,13.039230484541326,2.5999999999999996,True,True,True,17.480256592462247,0.2888114259985741,,0
P2_S1_P_seed1006,S1,P,"plant@(12.000,2.000)",1,r1.20_a330,330,1.2,13.039230484541326,1.3999999999999995,True,True,True,17.420586881442294,0.28167313101585023,,0
P2_S1_P_seed1006,S1,P,"plant@(12.000,2.000)",1,r1.20_a000,0,1.2,13.2,2.0,True,True,True,17.948840401519465,0.29795145700336434,,0
P2_S1_P_seed1006,S1,P,"plant@(12.000,2.000)",1,r1.20_a180,180,1.2,10.8,2.0,False,True,False,,0.24634594900999218,path_infeasible_under_safety_checks,0
P2_S1_P_seed1006,S1,P,"plant@(12.000,2.000)",1,r1.20_a150,150,1.2,10.960769515458674,2.5999999999999996,False,True,False,,0.24803097700350918,path_infeasible_under_safety_checks,0
P2_S1_P_seed1006,S1,P,"plant@(12.000,2.000)",1,r1.00_a180,180,1.0,11.0,2.0,False,True,False,,0.242807028000243,path_infeasible_under_safety_checks,0
P2_S1_P_seed1006,S1,P,"plant@(12.000,2.000)",1,r1.20_a210,210,1.2,10.960769515458674,1.4,False,True,False,,0.30768344600801356,path_infeasible_under_safety_checks,0
P2_S1_P_seed1006,S1,P,"plant@(12.000,2.000)",1,r1.00_a150,150,1.0,11.13397459621556,2.5,False,True,False,,0.24719118300708942,path_infeasible_under_safety_checks,0
P2_S1_P_seed1006,S1,P,"plant@(12.000,2.000)",1,r1.00_a210,210,1.0,11.13397459621556,1.5,False,True,False,,0.2962687090039253,path_infeasible_under_safety_checks,0
P2_S1_P_seed1006,S1,P,"plant@(12.000,2.000)",1,r0.80_a180,180,0.8,11.2,2.0,False,True,False,,0.23347424299572594,path_infeasible_under_safety_checks,0
P2_S1_P_seed1006,S1,P,"plant@(12.000,2.000)",1,r0.80_a150,150,0.8,11.30717967697245,2.4,False,True,False,,0.2409416850132402,path_infeasible_under_safety_checks,0
P2_S1_P_seed1006,S1,P,"plant@(12.000,2.000)",1,r0.80_a210,210,0.8,11.30717967697245,1.5999999999999999,False,True,False,,0.3015645530249458,path_infeasible_under_safety_checks,0
P2_S1_P_seed1006,S1,P,"plant@(12.000,2.000)",1,r1.20_a120,120,1.2,11.4,3.0392304845413265,False,True,False,,0.25324398098746315,path_infeasible_under_safety_checks,0
P2_S1_P_seed1006,S1,P,"plant@(12.000,2.000)",1,r1.00_a120,120,1.0,11.5,2.866025403784439,False,True,False,,0.30225420600618236,path_infeasible_under_safety_checks,0
P2_S1_P_seed1006,S1,P,"plant@(12.000,2.000)",1,r1.00_a240,240,1.0,11.5,1.1339745962155616,False,True,False,,0.28590151900425553,path_infeasible_under_safety_checks,0
P2_S1_P_seed1006,S1,P,"plant@(12.000,2.000)",1,r0.80_a120,120,0.8,11.6,2.692820323027551,False,True,False,,0.2960495199949946,path_infeasible_under_safety_checks,0
P2_S1_P_seed1006,S1,P,"plant@(12.000,2.000)",1,r0.80_a240,240,0.8,11.6,1.3071796769724493,False,True,False,,0.3006495339795947,path_infeasible_under_safety_checks,0
P2_S1_P_seed1006,S1,P,"plant@(12.000,2.000)",1,r0.80_a090,90,0.8,12.0,2.8,False,True,False,,0.27611564501421526,path_infeasible_under_safety_checks,0
P2_S1_P_seed1006,S1,P,"plant@(12.000,2.000)",1,r1.00_a090,90,1.0,12.0,3.0,False,True,False,,0.2764989749994129,path_infeasible_under_safety_checks,0
P2_S1_P_seed1006,S1,P,"plant@(12.000,2.000)",1,r0.80_a270,270,0.8,12.0,1.2,False,True,False,,0.30259760800981894,path_infeasible_under_safety_checks,0
P2_S1_P_seed1006,S1,P,"plant@(12.000,2.000)",1,r1.00_a270,270,1.0,12.0,1.0,False,True,False,,0.3163577379891649,path_infeasible_under_safety_checks,0
P2_S1_P_seed1006,S1,P,"plant@(12.000,2.000)",1,r1.20_a240,240,1.2,11.399999999999999,0.960769515458674,True,True,True,14.25442511735248,0.2811071270261891,,1
P2_S1_P_seed1006,S1,P,"plant@(12.000,2.000)",1,r1.20_a090,90,1.2,12.0,3.2,True,True,True,16.65580363769877,0.28695799500565045,,0
P2_S1_P_seed1006,S1,P,"plant@(12.000,2.000)",1,r0.80_a060,60,0.8,12.4,2.6928203230275507,True,True,True,17.145988868875175,0.2892241420049686,,0
P2_S1_P_seed1006,S1,P,"plant@(12.000,2.000)",1,r1.00_a060,60,1.0,12.5,2.8660254037844384,True,True,True,17.14330445005109,0.28682466701138765,,0
P2_S1_P_seed1006,S1,P,"plant@(12.000,2.000)",1,r1.20_a060,60,1.2,12.6,3.039230484541326,True,True,True,16.82480373000184,0.2773625750269275,,0
P2_S1_P_seed1006,S1,P,"plant@(12.000,2.000)",1,r0.80_a030,30,0.8,12.69282032302755,2.4,True,True,True,17.554001120862555,0.29132463998394087,,0
P2_S1_P_seed1006,S1,P,"plant@(12.000,2.000)",1,r0.80_a330,330,0.8,12.69282032302755,1.5999999999999996,True,True,True,17.74644328954936,0.2958203660091385,,0
P2_S1_P_seed1006,S1,P,"plant@(12.000,2.000)",1,r0.80_a000,0,0.8,12.8,2.0,True,True,True,17.82564408315002,0.3030736729851924,,0
P2_S1_P_seed1006,S1,P,"plant@(12.000,2.000)",1,r1.00_a030,30,1.0,12.86602540378444,2.5,True,True,True,17.39319045066427,0.3098059759940952,,0
P2_S1_P_seed1006,S1,P,"plant@(12.000,2.000)",1,r1.00_a330,330,1.0,12.866025403784437,1.4999999999999996,True,True,True,17.706377021407285,0.2946924699936062,,0
P2_S1_P_seed1006,S1,P,"plant@(12.000,2.000)",1,r1.00_a000,0,1.0,13.0,2.0,True,True,True,17.9398248022652,0.2986654079868458,,0
P2_S1_P_seed1006,S1,P,"plant@(12.000,2.000)",1,r1.20_a030,30,1.2,13.039230484541326,2.5999999999999996,True,True,True,17.480256592462247,0.291698759974679,,0
P2_S1_P_seed1006,S1,P,"plant@(12.000,2.000)",1,r1.20_a330,330,1.2,13.039230484541326,1.3999999999999995,True,True,True,17.420586881442294,0.2850961570220534,,0
P2_S1_P_seed1006,S1,P,"plant@(12.000,2.000)",1,r1.20_a000,0,1.2,13.2,2.0,True,True,True,17.948840401519465,0.2960895380238071,,0
P2_S1_P_seed1006,S1,P,"plant@(12.000,2.000)",1,r1.20_a180,180,1.2,10.8,2.0,False,True,False,,0.24584481402416714,path_infeasible_under_safety_checks,0
P2_S1_P_seed1006,S1,P,"plant@(12.000,2.000)",1,r1.20_a150,150,1.2,10.960769515458674,2.5999999999999996,False,True,False,,0.24759433401050046,path_infeasible_under_safety_checks,0
P2_S1_P_seed1006,S1,P,"plant@(12.000,2.000)",1,r1.00_a180,180,1.0,11.0,2.0,False,True,False,,0.24274511699331924,path_infeasible_under_safety_checks,0
P2_S1_P_seed1006,S1,P,"plant@(12.000,2.000)",1,r1.20_a210,210,1.2,10.960769515458674,1.4,False,True,False,,0.2936870139965322,path_infeasible_under_safety_checks,0
P2_S1_P_seed1006,S1,P,"plant@(12.000,2.000)",1,r1.00_a150,150,1.0,11.13397459621556,2.5,False,True,False,,0.2443698110000696,path_infeasible_under_safety_checks,0
P2_S1_P_seed1006,S1,P,"plant@(12.000,2.000)",1,r1.00_a210,210,1.0,11.13397459621556,1.5,False,True,False,,0.2958809590199962,path_infeasible_under_safety_checks,0
P2_S1_P_seed1006,S1,P,"plant@(12.000,2.000)",1,r0.80_a180,180,0.8,11.2,2.0,False,True,False,,0.2462118649855256,path_infeasible_under_safety_checks,0
P2_S1_P_seed1006,S1,P,"plant@(12.000,2.000)",1,r0.80_a150,150,0.8,11.30717967697245,2.4,False,True,False,,0.24800893201609142,path_infeasible_under_safety_checks,0
P2_S1_P_seed1006,S1,P,"plant@(12.000,2.000)",1,r0.80_a210,210,0.8,11.30717967697245,1.5999999999999999,False,True,False,,0.31899791801697575,path_infeasible_under_safety_checks,0
P2_S1_P_seed1006,S1,P,"plant@(12.000,2.000)",1,r1.20_a120,120,1.2,11.4,3.0392304845413265,False,True,False,,0.3134524220076855,path_infeasible_under_safety_checks,0
P2_S1_P_seed1006,S1,P,"plant@(12.000,2.000)",1,r1.00_a120,120,1.0,11.5,2.866025403784439,False,True,False,,0.3017980870208703,path_infeasible_under_safety_checks,0
P2_S1_P_seed1006,S1,P,"plant@(12.000,2.000)",1,r1.00_a240,240,1.0,11.5,1.1339745962155616,False,True,False,,0.281418892001966,path_infeasible_under_safety_checks,0
P2_S1_P_seed1006,S1,P,"plant@(12.000,2.000)",1,r0.80_a120,120,0.8,11.6,2.692820323027551,False,True,False,,0.298553858010564,path_infeasible_under_safety_checks,0
P2_S1_P_seed1006,S1,P,"plant@(12.000,2.000)",1,r0.80_a240,240,0.8,11.6,1.3071796769724493,False,True,False,,0.30489488699822687,path_infeasible_under_safety_checks,0
P2_S1_P_seed1006,S1,P,"plant@(12.000,2.000)",1,r0.80_a090,90,0.8,12.0,2.8,False,True,False,,0.275729931978276,path_infeasible_under_safety_checks,0
P2_S1_P_seed1006,S1,P,"plant@(12.000,2.000)",1,r1.00_a090,90,1.0,12.0,3.0,False,True,False,,0.27968545598560013,path_infeasible_under_safety_checks,0
P2_S1_P_seed1006,S1,P,"plant@(12.000,2.000)",1,r0.80_a270,270,0.8,12.0,1.2,False,True,False,,0.30941446000360884,path_infeasible_under_safety_checks,0
P2_S1_P_seed1006,S1,P,"plant@(12.000,2.000)",1,r1.00_a270,270,1.0,12.0,1.0,False,True,False,,0.29314354702364653,path_infeasible_under_safety_checks,0
P2_S1_P_seed1006,S1,P,"plant@(15.000,5.000)",1,r1.20_a240,240,1.2,14.399999999999999,3.960769515458674,True,True,True,2.223564418334831,0.19275474199093878,,1
P2_S1_P_seed1006,S1,P,"plant@(15.000,5.000)",1,r1.20_a210,210,1.2,13.960769515458674,4.4,True,True,True,2.447985537819203,0.20786833501188084,,0
P2_S1_P_seed1006,S1,P,"plant@(15.000,5.000)",1,r1.20_a270,270,1.2,15.0,3.8,True,True,True,2.5494132197404764,0.22618667801725678,,0
P2_S1_P_seed1006,S1,P,"plant@(15.000,5.000)",1,r1.20_a180,180,1.2,13.8,5.0,True,True,True,2.9588755180424173,0.23677646499709226,,0
P2_S1_P_seed1006,S1,P,"plant@(15.000,5.000)",1,r1.00_a180,180,1.0,14.0,5.0,True,True,True,3.1489604396634867,0.25364674598677084,,0
P2_S1_P_seed1006,S1,P,"plant@(15.000,5.000)",1,r1.20_a300,300,1.2,15.6,3.960769515458674,True,True,True,3.214058168620874,0.24878153498866595,,0
P2_S1_P_seed1006,S1,P,"plant@(15.000,5.000)",1,r0.80_a150,150,0.8,14.30717967697245,5.4,True,True,True,3.7249754532554222,0.30945182498544455,,0
P2_S1_P_seed1006,S1,P,"plant@(15.000,5.000)",1,r1.00_a150,150,1.0,14.13397459621556,5.5,True,True,True,3.6238305715043326,0.29297199298162013,,0
P2_S1_P_seed1006,S1,P,"plant@(15.000,5.000)",1,r1.20_a150,150,1.2,13.960769515458674,5.6,True,True,True,3.580381117868669,0.2862090389826335,,0
P2_S1_P_seed1006,S1,P,"plant@(15.000,5.000)",1,r0.80_a330,330,0.8,15.69282032302755,4.6,True,True,False,,0.32360427200910635,path_infeasible_under_safety_checks,0
P2_S1_P_seed1006,S1,P,"plant@(15.000,5.000)",1,r1.00_a330,330,1.0,15.866025403784437,4.5,True,True,True,3.8583234058618583,0.2873979909927584,,0
P2_S1_P_seed1006,S1,P,"plant@(15.000,5.000)",1,r1.20_a330,330,1.2,16.039230484541328,4.3999999999999995,True,True,True,3.7847420995649563,0.29113662301097065,,0
P2_S1_P_seed1006,S1,P,"plant@(15.000,5.000)",1,r0.80_a120,120,0.8,14.6,5.692820323027551,True,True,True,4.241941384202484,0.3304656039981637,,0
P2_S1_P_seed1006,S1,P,"plant@(15.000,5.000)",1,r0.80_a000,0,0.8,15.8,5.0,True,True,True,4.442405042812126,0.34173332797945477,,0
P2_S1_P_seed1006,S1,P,"plant@(15.000,5.000)",1,r1.00_a120,120,1.0,14.5,5.866025403784438,True,True,True,4.18793497347802,0.31963993899989873,,0
P2_S1_P_seed1006,S1,P,"plant@(15.000,5.000)",1,r1.00_a000,0,1.0,16.0,5.0,True,True,True,4.3915935891615066,0.33210691800923087,,0
P2_S1_P_seed1006,S1,P,"plant@(15.000,5.000)",1,r1.20_a120,120,1.2,14.4,6.039230484541326,True,True,True,4.171470779385528,0.30936595899402164,,0
P2_S1_P_seed1006,S1,P,"plant@(15.000,5.000)",1,r0.80_a090,90,0.8,15.0,5.8,True,True,True,4.707497987649213,0.34984757300117053,,0
P2_S1_P_seed1006,S1,P,"plant@(15.000,5.000)",1,r0.80_a030,30,0.8,15.69282032302755,5.4,True,True,True,4.896882152916682,0.3696396699815523,,0
P2_S1_P_seed1006,S1,P,"plant@(15.000,5.000)",1,r1.20_a000,0,1.2,16.2,5.0,True,True,True,4.466974357720379,0.3393602090072818,,0
P2_S1_P_seed1006,S1,P,"plant@(15.000,5.000)",1,r0.80_a060,60,0.8,15.4,5.692820323027551,True,True,True,5.134538349069354,0.37699261400848627,,0
P2_S1_P_seed1006,S1,P,"plant@(15.000,5.000)",1,r1.00_a090,90,1.0,15.0,6.0,True,True,True,4.726646472197355,0.3437029169872403,,0
P2_S1_P_seed1006,S1,P,"plant@(15.000,5.000)",1,r1.00_a030,30,1.0,15.86602540378444,5.5,True,True,True,4.962959933492981,0.3841455530200619,,0
P2_S1_P_seed1006,S1,P,"plant@(15.000,5.000)",1,r1.00_a060,60,1.0,15.5,5.866025403784438,True,True,True,5.194589982339536,0.39029778097756207,,0
P2_S1_P_seed1006,S1,P,"plant@(15.000,5.000)",1,r1.20_a090,90,1.2,15.0,6.2,True,True,True,4.750542266135474,0.34552525999606587,,0
P2_S1_P_seed1006,S1,P,"plant@(15.000,5.000)",1,r1.20_a030,30,1.2,16.039230484541328,5.6,True,True,True,5.0542636744683165,0.38230894700973295,,0
P2_S1_P_seed1006,S1,P,"plant@(15.000,5.000)",1,r1.20_a060,60,1.2,15.6,6.039230484541326,True,True,True,5.331927643158951,0.3691822460095864,,0
P2_S1_P_seed1006,S1,P,"plant@(15.000,5.000)",1,r1.00_a240,240,1.0,14.5,4.133974596215562,False,True,False,,0.19508285500342026,path_infeasible_under_safety_checks,0
P2_S1_P_seed1006,S1,P,"plant@(15.000,5.000)",1,r1.00_a210,210,1.0,14.13397459621556,4.5,False,True,False,,0.2069963639951311,path_infeasible_under_safety_checks,0
P2_S1_P_seed1006,S1,P,"plant@(15.000,5.000)",1,r0.80_a240,240,0.8,14.6,4.307179676972449,False,True,False,,0.20066113097709604,path_infeasible_under_safety_checks,0
P2_S1_P_seed1006,S1,P,"plant@(15.000,5.000)",1,r1.00_a270,270,1.0,15.0,4.0,False,True,False,,0.21163138799602166,path_infeasible_under_safety_checks,0
P2_S1_P_seed1006,S1,P,"plant@(15.000,5.000)",1,r0.80_a210,210,0.8,14.30717967697245,4.6,False,True,False,,0.23385976001736708,path_infeasible_under_safety_checks,0
P2_S1_P_seed1007,S1,P,"plant@(2.000,3.000)",1,r1.20_a240,240,1.2,1.3999999999999995,1.960769515458674,True,True,True,2.4021980321074725,0.15810434200102463,,1
P2_S1_P_seed1007,S1,P,"plant@(2.000,3.000)",1,r1.20_a210,210,1.2,0.9607695154586737,2.4,True,True,True,2.5982584977119902,0.17951812501996756,,0
P2_S1_P_seed1007,S1,P,"plant@(2.000,3.000)",1,r1.00_a240,240,1.0,1.4999999999999996,2.1339745962155616,True,True,True,2.602031634036085,0.16083964199060574,,0
P2_S1_P_seed1007,S1,P,"plant@(2.000,3.000)",1,r1.20_a270,270,1.2,1.9999999999999998,1.8,True,True,True,2.6786582306225384,0.17254013000638224,,0
P2_S1_P_seed1007,S1,P,"plant@(2.000,3.000)",1,r1.00_a210,210,1.0,1.1339745962155614,2.5,True,True,True,2.74531223429477,0.1770268920226954,,0
P2_S1_P_seed1007,S1,P,"plant@(2.000,3.000)",1,r0.80_a240,240,0.8,1.5999999999999996,2.3071796769724493,True,True,True,2.803764317979718,0.1871673580026254,,0
P2_S1_P_seed1007,S1,P,"plant@(2.000,3.000)",1,r1.00_a270,270,1.0,1.9999999999999998,2.0,True,True,True,2.816025931651265,0.1815952259930782,,0
P2_S1_P_seed1007,S1,P,"plant@(2.000,3.000)",1,r0.80_a210,210,0.8,1.307179676972449,2.5999999999999996,True,True,True,2.9198346466490075,0.18502931398688816,,0
P2_S1_P_seed1007,S1,P,"plant@(2.000,3.000)",1,r0.80_a270,270,0.8,1.9999999999999998,2.2,True,True,True,2.96247563771313,0.18443151301471516,,0
P2_S1_P_seed1007,S1,P,"plant@(2.000,3.000)",1,r1.20_a180,180,1.2,0.8,3.0,True,True,True,3.1847430226150277,0.22507941501680762,,0
P2_S1_P_seed1007,S1,P,"plant@(2.000,3.000)",1,r1.00_a180,180,1.0,1.0,3.0,True,True,True,3.169875174869212,0.20559421301004477,,0
P2_S1_P_seed1007,S1,P,"plant@(2.000,3.000)",1,r0.80_a180,180,0.8,1.2,3.0,True,True,True,3.2416304739555724,0.19753237700206228,,0
P2_S1_P_seed1007,S1,P,"plant@(2.000,3.000)",1,r1.20_a300,300,1.2,2.6,1.9607695154586737,True,True,True,3.2493641108315225,0.20309709501452744,,0
P2_S1_P_seed1007,S1,P,"plant@(2.000,3.000)",1,r1.00_a300,300,1.0,2.5,2.1339745962155616,True,True,True,3.2803082874835803,0.20813005598029122,,0
P2_S1_P_seed1007,S1,P,"plant@(2.000,3.000)",1,r0.80_a300,300,0.8,2.4000000000000004,2.3071796769724493,True,True,True,3.3238474265494395,0.21883189800428227,,0
P2_S1_P_seed1007,S1,P,"plant@(2.000,3.000)",1,r0.80_a150,150,0.8,1.3071796769724489,3.4,True,True,True,3.697423411089156,0.24150021199602634,,0
P2_S1_P_seed1007,S1,P,"plant@(2.000,3.000)",1,r1.00_a150,150,1.0,1.1339745962155612,3.5,True,True,True,3.688042177210573,0.22771849800483324,,0
P2_S1_P_seed1007,S1,P,"plant@(2.000,3.000)",1,r1.20_a150,150,1.2,0.9607695154586735,3.5999999999999996,True,True,True,3.7664397493190878,0.23329533298965544,,0
P2_S1_P_seed1007,S1,P,"plant@(2.000,3.000)",1,r0.80_a330,330,0.8,2.6928203230275507,2.5999999999999996,True,True,True,3.7670170039224296,0.239361464016838,,0
P2_S1_P_seed1007,S1,P,"plant@(2.000,3.000)",1,r1.00_a330,330,1.0,2.8660254037844384,2.4999999999999996,True,True,True,3.8177101866375125,0.23933151198434643,,0
P2_S1_P_seed1007,S1,P,"plant@(2.000,3.000)",1,r1.20_a330,330,1.2,3.039230484541326,2.3999999999999995,True,True,True,3.862814351084195,0.2413609630020801,,0
P2_S1_P_seed1007,S1,P,"plant@(2.000,3.000)",1,r0.80_a000,0,0.8,2.8,3.0,True,True,True,4.198710423429075,0.2555707389838062,,0
P2_S1_P_seed1007,S1,P,"plant@(2.000,3.000)",1,r1.00_a120,120,1.0,1.5000000000000002,3.866025403784439,True,True,True,4.349087003878647,0.2789177559898235,,0
P2_S1_P_seed1007,S1,P,"plant@(2.000,3.000)",1,r1.00_a000,0,1.0,3.0,3.0,True,True,True,4.262439227569819,0.27589704300044104,,0
P2_S1_P_seed1007,S1,P,"plant@(2.000,3.000)",1,r1.20_a120,120,1.2,1.4000000000000004,4.039230484541326,True,True,True,4.307100999716338,0.2658729489776306,,0
P2_S1_P_seed1007,S1,P,"plant@(2.000,3.000)",1,r0.80_a030,30,0.8,2.692820323027551,3.4,True,True,True,4.6843439254528665,0.29455837901332416,,0
P2_S1_P_seed1007,S1,P,"plant@(2.000,3.000)",1,r1.20_a000,0,1.2,3.2,3.0,True,True,True,4.391661197065614,0.2715504920051899,,0
P2_S1_P_seed1007,S1,P,"plant@(2.000,3.000)",1,r1.00_a090,90,1.0,2.0,4.0,True,True,True,4.93275588851247,0.3026110479841009,,0
P2_S1_P_seed1007,S1,P,"plant@(2.000,3.000)",1,r1.00_a030,30,1.0,2.866025403784439,3.5,True,True,True,4.733839035284139,0.3001273760164622,,0
P2_S1_P_seed1007,S1,P,"plant@(2.000,3.000)",1,r1.00_a060,60,1.0,2.5,3.8660254037844384,True,True,True,5.290531886297779,0.33632934899651445,,0
P2_S1_P_seed1007,S1,P,"plant@(2.000,3.000)",1,r1.20_a090,90,1.2,2.0,4.2,True,True,True,4.937109901060667,0.3106850129843224,,0
P2_S1_P_seed1007,S1,P,"plant@(2.000,3.000)",1,r1.20_a030,30,1.2,3.0392304845413265,3.5999999999999996,True,True,True,4.865006267629385,0.29569793099653907,,0
P2_S1_P_seed1007,S1,P,"plant@(12.000,2.000)",1,r1.20_a240,240,1.2,11.399999999999999,0.960769515458674,True,True,True,14.244923145502648,0.27589463599724695,,1
P2_S1_P_seed1007,S1,P,"plant@(12.000,2.000)",1,r1.20_a090,90,1.2,12.0,3.2,True,True,True,16.816757812459418,0.25386344399885274,,0
P2_S1_P_seed1007,S1,P,"plant@(12.000,2.000)",1,r0.80_a060,60,0.8,12.4,2.6928203230275507,True,True,True,17.31217432905421,0.27576428299653344,,0
P2_S1_P_seed1007,S1,P,"plant@(12.000,2.000)",1,r1.00_a060,60,1.0,12.5,2.8660254037844384,True,True,True,17.328718434655023,0.27925906199379824,,0
P2_S1_P_seed1007,S1,P,"plant@(12.000,2.000)",1,r1.20_a060,60,1.2,12.6,3.039230484541326,True,True,True,17.03212800687902,0.27425197599222884,,0
P2_S1_P_seed1007,S1,P,"plant@(12.000,2.000)",1,r0.80_a030,30,0.8,12.69282032302755,2.4,True,True,True,17.826654552400015,0.2517043499974534,,0
P2_S1_P_seed1007,S1,P,"plant@(12.000,2.000)",1,r0.80_a330,330,0.8,12.69282032302755,1.5999999999999996,True,True,True,17.853391422368688,0.28231089701876044,,0
P2_S1_P_seed1007,S1,P,"plant@(12.000,2.000)",1,r0.80_a000,0,0.8,12.8,2.0,True,True,True,18.014331826144993,0.28219762700609863,,0
P2_S1_P_seed1007,S1,P,"plant@(12.000,2.000)",1,r1.00_a030,30,1.0,12.86602540378444,2.5,True,True,True,17.67608792587329,0.29610777701600455,,0
P2_S1_P_seed1007,S1,P,"plant@(12.000,2.000)",1,r1.00_a330,330,1.0,12.866025403784437,1.4999999999999996,True,True,True,17.570412042963007,0.29539434899925254,,0
P2_S1_P_seed1007,S1,P,"plant@(12.000,2.000)",1,r1.00_a000,0,1.0,13.0,2.0,True,True,True,18.0462908630043,0.24254989801556803,,0
P2_S1_P_seed1007,S1,P,"plant@(12.000,2.000)",1,r1.20_a030,30,1.2,13.039230484541326,2.5999999999999996,True,True,True,17.642407911092384,0.2852827759925276,,0
P2_S1_P_seed1007,S1,P,"plant@(12.000,2.000)",1,r1.20_a330,330,1.2,13.039230484541326,1.3999999999999995,True,True,True,17.474384034181078,0.2708873189985752,,0
P2_S1_P_seed1007,S1,P,"plant@(12.000,2.000)",1,r1.20_a000,0,1.2,13.2,2.0,True,True,True,17.983828032411424,0.29394242601119913,,0
P2_S1_P_seed1007,S1,P,"plant@(12.000,2.000)",1,r1.20_a180,180,1.2,10.8,2.0,False,True,False,,0.23350295599084347,path_infeasible_under_safety_checks,0
P2_S1_P_seed1007,S1,P,"plant@(12.000,2.000)",1,r1.20_a150,150,1.2,10.960769515458674,2.5999999999999996,False,True,False,,0.2444360530062113,path_infeasible_under_safety_checks,0
P2_S1_P_seed1007,S1,P,"plant@(12.000,2.000)",1,r1.20_a210,210,1.2,10.960769515458674,1.4,False,True,False,,0.2817176710232161,path_infeasible_under_safety_checks,0
P2_S1_P_seed1007,S1,P,"plant@(12.000,2.000)",1,r1.00_a180,180,1.0,11.0,2.0,False,True,False,,0.25031114800367504,path_infeasible_under_safety_checks,0
P2_S1_P_seed1007,S1,P,"plant@(12.000,2.000)",1,r1.00_a150,150,1.0,11.13397459621556,2.5,False,True,False,,0.24986321097821929,path_infeasible_under_safety_checks,0
P2_S1_P_seed1007,S1,P,"plant@(12.000,2.000)",1,r1.00_a210,210,1.0,11.13397459621556,1.5,False,True,False,,0.30388859697268344,path_infeasible_under_safety_checks,0
P2_S1_P_seed1007,S1,P,"plant@(12.000,2.000)",1,r0.80_a180,180,0.8,11.2,2.0,False,True,False,,0.23914415700710379,path_infeasible_under_safety_checks,0
P2_S1_P_seed1007,S1,P,"plant@(12.000,2.000)",1,r0.80_a150,150,0.8,11.30717967697245,2.4,False,True,False,,0.23621665700920857,path_infeasible_under_safety_checks,0
P2_S1_P_seed1007,S1,P,"plant@(12.000,2.000)",1,r0.80_a210,210,0.8,11.30717967697245,1.5999999999999999,False,True,False,,0.30810467700939626,path_infeasible_under_safety_checks,0
P2_S1_P_seed1007,S1,P,"plant@(12.000,2.000)",1,r1.20_a120,120,1.2,11.4,3.0392304845413265,False,True,False,,0.25667453301139176,path_infeasible_under_safety_checks,0
P2_S1_P_seed1007,S1,P,"plant@(12.000,2.000)",1,r1.00_a120,120,1.0,11.5,2.866025403784439,False,True,False,,0.3015923089988064,path_infeasible_under_safety_checks,0
P2_S1_P_seed1007,S1,P,"plant@(12.000,2.000)",1,r1.00_a240,240,1.0,11.5,1.1339745962155616,False,True,False,,0.2746178879751824,path_infeasible_under_safety_checks,0
P2_S1_P_seed1007,S1,P,"plant@(12.000,2.000)",1,r0.80_a120,120,0.8,11.6,2.692820323027551,False,True,False,,0.29740322698489763,path_infeasible_under_safety_checks,0
P2_S1_P_seed1007,S1,P,"plant@(12.000,2.000)",1,r0.80_a240,240,0.8,11.6,1.3071796769724493,False,True,False,,0.29845234399545006,path_infeasible_under_safety_checks,0
P2_S1_P_seed1007,S1,P,"plant@(12.000,2.000)",1,r0.80_a090,90,0.8,12.0,2.8,False,True,False,,0.27703736699186265,path_infeasible_under_safety_checks,0
P2_S1_P_seed1007,S1,P,"plant@(12.000,2.000)",1,r1.00_a090,90,1.0,12.0,3.0,False,True,False,,0.27844797499710694,path_infeasible_under_safety_checks,0
P2_S1_P_seed1007,S1,P,"plant@(12.000,2.000)",1,r0.80_a270,270,0.8,12.0,1.2,False,True,False,,0.31542891697608866,path_infeasible_under_safety_checks,0
P2_S1_P_seed1007,S1,P,"plant@(12.000,2.000)",1,r1.00_a270,270,1.0,12.0,1.0,False,True,False,,0.2975394669920206,path_infeasible_under_safety_checks,0
P2_S1_P_seed1007,S1,P,"plant@(12.000,2.000)",1,r1.20_a240,240,1.2,11.399999999999999,0.960769515458674,True,True,True,4.486206000855573,0.32944429700728506,,1
P2_S1_P_seed1007,S1,P,"plant@(12.000,2.000)",1,r0.80_a330,330,0.8,12.69282032302755,1.5999999999999996,True,True,True,7.962193496395549,0.3126164040004369,,0
P2_S1_P_seed1007,S1,P,"plant@(12.000,2.000)",1,r1.00_a330,330,1.0,12.866025403784437,1.4999999999999996,True,True,True,7.825749211449237,0.29226075098267756,,0
P2_S1_P_seed1007,S1,P,"plant@(12.000,2.000)",1,r1.20_a330,330,1.2,13.039230484541326,1.3999999999999995,True,True,True,7.722731273138524,0.2788738730014302,,0
P2_S1_P_seed1007,S1,P,"plant@(12.000,2.000)",1,r0.80_a000,0,0.8,12.8,2.0,True,True,True,8.355340893440077,0.31446797400712967,,0
P2_S1_P_seed1007,S1,P,"plant@(12.000,2.000)",1,r1.00_a000,0,1.0,13.0,2.0,True,True,True,8.282040012175036,0.3057523700117599,,0
P2_S1_P_seed1007,S1,P,"plant@(12.000,2.000)",1,r1.20_a000,0,1.2,13.2,2.0,True,True,True,8.255037966208548,0.30657164100557566,,0
P2_S1_P_seed1007,S1,P,"plant@(12.000,2.000)",1,r0.80_a030,30,0.8,12.69282032302755,2.4,True,True,True,8.833757166198371,0.34215772000607103,,0
P2_S1_P_seed1007,S1,P,"plant@(12.000,2.000)",1,r0.80_a060,60,0.8,12.4,2.6928203230275507,True,True,True,9.433562291945705,0.25290425299317576,,0
P2_S1_P_seed1007,S1,P,"plant@(12.000,2.000)",1,r1.00_a030,30,1.0,12.86602540378444,2.5,True,True,True,8.843232970245158,0.32816637901123613,,0
P2_S1_P_seed1007,S1,P,"plant@(12.000,2.000)",1,r1.00_a060,60,1.0,12.5,2.8660254037844384,True,True,True,9.310149388767394,0.2784855380014051,,0
P2_S1_P_seed1007,S1,P,"plant@(12.000,2.000)",1,r1.20_a030,30,1.2,13.039230484541326,2.5999999999999996,True,True,True,8.894661773490283,0.33068855400779285,,0
P2_S1_P_seed1007,S1,P,"plant@(12.000,2.000)",1,r1.20_a090,90,1.2,12.0,3.2,True,True,True,9.93205048163072,0.25993763300357386,,0
P2_S1_P_seed1007,S1,P,"plant@(12.000,2.000)",1,r1.20_a060,60,1.2,12.6,3.039230484541326,True,True,True,9.521574845104796,0.2447492460196372,,0
P2_S1_P_seed1007,S1,P,"plant@(12.000,2.000)",1,r1.20_a270,270,1.2,12.0,0.8,False,True,False,,0.33053700198070146,path_infeasible_under_safety_checks,0
P2_S1_P_seed1007,S1,P,"plant@(12.000,2.000)",1,r1.00_a240,240,1.0,11.5,1.1339745962155616,False,True,False,,0.33760228799656034,path_infeasible_under_safety_checks,0
P2_S1_P_seed1007,S1,P,"plant@(12.000,2.000)",1,r1.20_a210,210,1.2,10.960769515458674,1.4,False,True,False,,0.3540591739874799,path_infeasible_under_safety_checks,0
P2_S1_P_seed1007,S1,P,"plant@(12.000,2.000)",1,r1.00_a270,270,1.0,12.0,1.0,False,True,False,,0.3402749340166338,path_infeasible_under_safety_checks,0
P2_S1_P_seed1007,S1,P,"plant@(12.000,2.000)",1,r1.00_a210,210,1.0,11.13397459621556,1.5,False,True,False,,0.35751298800460063,path_infeasible_under_safety_checks,0
P2_S1_P_seed1007,S1,P,"plant@(12.000,2.000)",1,r0.80_a240,240,0.8,11.6,1.3071796769724493,False,True,False,,0.36734793800860643,path_infeasible_under_safety_checks,0
P2_S1_P_seed1007,S1,P,"plant@(12.000,2.000)",1,r0.80_a270,270,0.8,12.0,1.2,False,True,False,,0.39653986602206714,path_infeasible_under_safety_checks,0
P2_S1_P_seed1007,S1,P,"plant@(12.000,2.000)",1,r0.80_a210,210,0.8,11.30717967697245,1.5999999999999999,False,True,False,,0.3916411919926759,path_infeasible_under_safety_checks,0
P2_S1_P_seed1007,S1,P,"plant@(12.000,2.000)",1,r1.20_a300,300,1.2,12.6,0.9607695154586737,False,True,False,,0.3007465830014553,path_infeasible_under_safety_checks,0
P2_S1_P_seed1007,S1,P,"plant@(12.000,2.000)",1,r1.00_a300,300,1.0,12.5,1.1339745962155614,False,True,False,,0.3338505419960711,path_infeasible_under_safety_checks,0
P2_S1_P_seed1007,S1,P,"plant@(12.000,2.000)",1,r1.20_a180,180,1.2,10.8,2.0,False,True,False,,0.3675707599904854,path_infeasible_under_safety_checks,0
P2_S1_P_seed1007,S1,P,"plant@(12.000,2.000)",1,r1.00_a180,180,1.0,11.0,2.0,False,True,False,,0.3524114479951095,path_infeasible_under_safety_checks,0
P2_S1_P_seed1007,S1,P,"plant@(12.000,2.000)",1,r0.80_a300,300,0.8,12.4,1.307179676972449,False,True,False,,0.3057561710011214,path_infeasible_under_safety_checks,0
P2_S1_P_seed1007,S1,P,"plant@(12.000,2.000)",1,r0.80_a180,180,0.8,11.2,2.0,False,True,False,,0.35478714999044314,path_infeasible_under_safety_checks,0
P2_S1_P_seed1007,S1,P,"plant@(12.000,2.000)",1,r0.80_a150,150,0.8,11.30717967697245,2.4,False,True,False,,0.2259795859863516,path_infeasible_under_safety_checks,0
P2_S1_P_seed1007,S1,P,"plant@(12.000,2.000)",1,r1.00_a150,150,1.0,11.13397459621556,2.5,False,True,False,,0.21159372202237137,path_infeasible_under_safety_checks,0
P2_S1_P_seed1007,S1,P,"plant@(12.000,2.000)",1,r1.20_a150,150,1.2,10.960769515458674,2.5999999999999996,False,True,False,,0.21276822499930859,path_infeasible_under_safety_checks,0
P2_S1_P_seed1007,S1,P,"plant@(12.000,2.000)",1,r0.80_a120,120,0.8,11.6,2.692820323027551,False,True,False,,0.29687226700480096,path_infeasible_under_safety_checks,0
P2_S1_P_seed1007,S1,P,"plant@(12.000,2.000)",1,r1.20_a240,240,1.2,11.399999999999999,0.960769515458674,True,True,True,0.8828330300385482,0.08120079702348448,,1
P2_S1_P_seed1007,S1,P,"plant@(12.000,2.000)",1,r0.80_a330,330,0.8,12.69282032302755,1.5999999999999996,True,True,True,8.854127447952088,0.3453977780009154,,0
P2_S1_P_seed1007,S1,P,"plant@(12.000,2.000)",1,r1.00_a330,330,1.0,12.866025403784437,1.4999999999999996,True,True,True,8.583586869019015,0.32803125999635085,,0
P2_S1_P_seed1007,S1,P,"plant@(12.000,2.000)",1,r1.20_a330,330,1.2,13.039230484541326,1.3999999999999995,True,True,True,7.826774017941766,0.29520708401105367,,0
P2_S1_P_seed1007,S1,P,"plant@(12.000,2.000)",1,r0.80_a000,0,0.8,12.8,2.0,True,True,True,8.901054039685908,0.33104952599387616,,0
P2_S1_P_seed1007,S1,P,"plant@(12.000,2.000)",1,r1.00_a000,0,1.0,13.0,2.0,True,True,True,8.65888559511097,0.3492156990105286,,0
P2_S1_P_seed1007,S1,P,"plant@(12.000,2.000)",1,r1.20_a000,0,1.2,13.2,2.0,True,True,True,8.332074002649993,0.3190365250047762,,0
P2_S1_P_seed1007,S1,P,"plant@(12.000,2.000)",1,r0.80_a030,30,0.8,12.69282032302755,2.4,True,True,True,9.2799573474883,0.24481156800175086,,0
P2_S1_P_seed1007,S1,P,"plant@(12.000,2.000)",1,r0.80_a060,60,0.8,12.4,2.6928203230275507,True,True,False,,0.10830744000850245,path_infeasible_under_safety_checks,0
P2_S1_P_seed1007,S1,P,"plant@(12.000,2.000)",1,r1.00_a030,30,1.0,12.86602540378444,2.5,True,True,True,9.069061122088176,0.3386397270078305,,0
P2_S1_P_seed1007,S1,P,"plant@(12.000,2.000)",1,r1.20_a030,30,1.2,13.039230484541326,2.5999999999999996,True,True,True,8.94928214337667,0.36798239898053,,0
P2_S1_P_seed1007,S1,P,"plant@(12.000,2.000)",1,r1.00_a060,60,1.0,12.5,2.8660254037844384,True,True,False,,0.1072091780079063,path_infeasible_under_safety_checks,0
P2_S1_P_seed1007,S1,P,"plant@(12.000,2.000)",1,r1.20_a060,60,1.2,12.6,3.039230484541326,True,True,True,9.862509508018418,0.2649147420015652,,0
P2_S1_P_seed1007,S1,P,"plant@(12.000,2.000)",1,r1.20_a090,90,1.2,12.0,3.2,True,True,False,,0.11121760198147967,path_infeasible_under_safety_checks,0
P2_S1_P_seed1007,S1,P,"plant@(12.000,2.000)",1,r1.20_a270,270,1.2,12.0,0.8,False,True,False,,0.09445901401340961,path_infeasible_under_safety_checks,0
P2_S1_P_seed1007,S1,P,"plant@(12.000,2.000)",1,r1.00_a270,270,1.0,12.0,1.0,False,True,False,,0.10239895599079318,path_infeasible_under_safety_checks,0
P2_S1_P_seed1007,S1,P,"plant@(12.000,2.000)",1,r1.00_a240,240,1.0,11.5,1.1339745962155616,False,True,False,,0.09743746800813824,path_infeasible_under_safety_checks,0
P2_S1_P_seed1007,S1,P,"plant@(12.000,2.000)",1,r0.80_a270,270,0.8,12.0,1.2,False,True,False,,0.1053112169902306,path_infeasible_under_safety_checks,0
P2_S1_P_seed1007,S1,P,"plant@(12.000,2.000)",1,r0.80_a240,240,0.8,11.6,1.3071796769724493,False,True,False,,0.1180403420003131,path_infeasible_under_safety_checks,0
P2_S1_P_seed1007,S1,P,"plant@(12.000,2.000)",1,r1.20_a300,300,1.2,12.6,0.9607695154586737,False,True,False,,0.1649924069934059,path_infeasible_under_safety_checks,0
P2_S1_P_seed1007,S1,P,"plant@(12.000,2.000)",1,r1.20_a210,210,1.2,10.960769515458674,1.4,False,True,False,,0.10926722298609093,path_infeasible_under_safety_checks,0
P2_S1_P_seed1007,S1,P,"plant@(12.000,2.000)",1,r1.00_a300,300,1.0,12.5,1.1339745962155614,False,True,False,,0.15131765199475922,path_infeasible_under_safety_checks,0
P2_S1_P_seed1007,S1,P,"plant@(12.000,2.000)",1,r1.00_a210,210,1.0,11.13397459621556,1.5,False,True,False,,0.12684629802242853,path_infeasible_under_safety_checks,0
P2_S1_P_seed1007,S1,P,"plant@(12.000,2.000)",1,r0.80_a300,300,0.8,12.4,1.307179676972449,False,True,False,,0.16396171099040657,path_infeasible_under_safety_checks,0
P2_S1_P_seed1007,S1,P,"plant@(12.000,2.000)",1,r0.80_a210,210,0.8,11.30717967697245,1.5999999999999999,False,True,False,,0.11805558399646543,path_infeasible_under_safety_checks,0
P2_S1_P_seed1007,S1,P,"plant@(12.000,2.000)",1,r0.80_a180,180,0.8,11.2,2.0,False,True,False,,0.11916770797688514,path_infeasible_under_safety_checks,0
P2_S1_P_seed1007,S1,P,"plant@(12.000,2.000)",1,r1.00_a180,180,1.0,11.0,2.0,False,True,False,,0.10866050998447463,path_infeasible_under_safety_checks,0
P2_S1_P_seed1007,S1,P,"plant@(12.000,2.000)",1,r1.20_a180,180,1.2,10.8,2.0,False,True,False,,0.11565842799609527,path_infeasible_under_safety_checks,0
P2_S1_P_seed1007,S1,P,"plant@(12.000,2.000)",1,r0.80_a150,150,0.8,11.30717967697245,2.4,False,True,False,,0.11194897402310744,path_infeasible_under_safety_checks,0
P2_S1_P_seed1007,S1,P,"plant@(12.000,2.000)",1,r1.00_a150,150,1.0,11.13397459621556,2.5,False,True,False,,0.14035472000250593,path_infeasible_under_safety_checks,0
P2_S1_P_seed1007,S1,P,"plant@(12.000,2.000)",1,r1.20_a150,150,1.2,10.960769515458674,2.5999999999999996,False,True,False,,0.1607509359891992,path_infeasible_under_safety_checks,0
P2_S1_P_seed1007,S1,P,"plant@(12.000,2.000)",1,r0.80_a120,120,0.8,11.6,2.692820323027551,False,True,False,,0.136620164004853,path_infeasible_under_safety_checks,0
P2_S1_P_seed1008,S1,P,"plant@(2.000,3.000)",1,r1.20_a240,240,1.2,1.3999999999999995,1.960769515458674,True,True,True,2.4021980321074725,0.25877445700461976,,1
P2_S1_P_seed1008,S1,P,"plant@(2.000,3.000)",1,r1.20_a210,210,1.2,0.9607695154586737,2.4,True,True,True,2.5982584977119902,0.2621147869795095,,0
P2_S1_P_seed1008,S1,P,"plant@(2.000,3.000)",1,r1.00_a240,240,1.0,1.4999999999999996,2.1339745962155616,True,True,True,2.602031634036085,0.25135232097818516,,0
P2_S1_P_seed1008,S1,P,"plant@(2.000,3.000)",1,r1.20_a270,270,1.2,1.9999999999999998,1.8,True,True,True,2.6786582306225384,0.28876545798266307,,0
P2_S1_P_seed1008,S1,P,"plant@(2.000,3.000)",1,r1.00_a210,210,1.0,1.1339745962155614,2.5,True,True,True,2.74531223429477,0.3259266389941331,,0
P2_S1_P_seed1008,S1,P,"plant@(2.000,3.000)",1,r0.80_a240,240,0.8,1.5999999999999996,2.3071796769724493,True,True,True,2.803764317979718,0.40008964997832663,,0
P2_S1_P_seed1008,S1,P,"plant@(2.000,3.000)",1,r1.00_a270,270,1.0,1.9999999999999998,2.0,True,True,True,2.816025931651265,0.28637761701247655,,0
P2_S1_P_seed1008,S1,P,"plant@(2.000,3.000)",1,r0.80_a210,210,0.8,1.307179676972449,2.5999999999999996,True,True,True,2.9198346466490075,0.3127653909905348,,0
P2_S1_P_seed1008,S1,P,"plant@(2.000,3.000)",1,r0.80_a270,270,0.8,1.9999999999999998,2.2,True,True,True,2.96247563771313,0.28969290800159797,,0
P2_S1_P_seed1008,S1,P,"plant@(2.000,3.000)",1,r1.20_a180,180,1.2,0.8,3.0,True,True,True,3.1847430226150277,0.3169693810050376,,0
P2_S1_P_seed1008,S1,P,"plant@(2.000,3.000)",1,r1.00_a180,180,1.0,1.0,3.0,True,True,True,3.169875174869212,0.31374610698549077,,0
P2_S1_P_seed1008,S1,P,"plant@(2.000,3.000)",1,r0.80_a180,180,0.8,1.2,3.0,True,True,True,3.2416304739555724,0.347073448006995,,0
P2_S1_P_seed1008,S1,P,"plant@(2.000,3.000)",1,r1.20_a300,300,1.2,2.6,1.9607695154586737,True,True,True,3.2493641108315225,0.3891711569740437,,0
P2_S1_P_seed1008,S1,P,"plant@(2.000,3.000)",1,r1.00_a300,300,1.0,2.5,2.1339745962155616,True,True,True,3.2803082874835803,0.3392160309886094,,0
P2_S1_P_seed1008,S1,P,"plant@(2.000,3.000)",1,r0.80_a300,300,0.8,2.4000000000000004,2.3071796769724493,True,True,True,3.3238474265494395,0.29883485499885865,,0
P2_S1_P_seed1008,S1,P,"plant@(2.000,3.000)",1,r0.80_a150,150,0.8,1.3071796769724489,3.4,True,True,True,3.697423411089156,0.3495632980193477,,0
P2_S1_P_seed1008,S1,P,"plant@(2.000,3.000)",1,r1.00_a150,150,1.0,1.1339745962155612,3.5,True,True,True,3.688042177210573,0.34954887098865584,,0
P2_S1_P_seed1008,S1,P,"plant@(2.000,3.000)",1,r1.20_a150,150,1.2,0.9607695154586735,3.5999999999999996,True,True,True,3.7664397493190878,0.36913168799947016,,0
P2_S1_P_seed1008,S1,P,"plant@(2.000,3.000)",1,r0.80_a330,330,0.8,2.6928203230275507,2.5999999999999996,True,True,True,3.7670170039224296,0.3630777880025562,,0
P2_S1_P_seed1008,S1,P,"plant@(2.000,3.000)",1,r1.00_a330,330,1.0,2.8660254037844384,2.4999999999999996,True,True,True,3.8177101866375125,0.364931776013691,,0
P2_S1_P_seed1008,S1,P,"plant@(2.000,3.000)",1,r1.20_a330,330,1.2,3.039230484541326,2.3999999999999995,True,True,True,3.862814351084195,0.3802699150110129,,0
P2_S1_P_seed1008,S1,P,"plant@(2.000,3.000)",1,r0.80_a000,0,0.8,2.8,3.0,True,True,True,4.198710423429075,0.37916636699810624,,0
P2_S1_P_seed1008,S1,P,"plant@(2.000,3.000)",1,r1.00_a120,120,1.0,1.5000000000000002,3.866025403784439,True,True,True,4.349087003878647,0.444523284008028,,0
P2_S1_P_seed1008,S1,P,"plant@(2.000,3.000)",1,r1.00_a000,0,1.0,3.0,3.0,True,True,True,4.262439227569819,0.4327255980169866,,0
P2_S1_P_seed1008,S1,P,"plant@(2.000,3.000)",1,r1.20_a120,120,1.2,1.4000000000000004,4.039230484541326,True,True,True,4.307100999716338,0.4225558869948145,,0
P2_S1_P_seed1008,S1,P,"plant@(2.000,3.000)",1,r0.80_a030,30,0.8,2.692820323027551,3.4,True,True,True,4.6843439254528665,0.44215892898500897,,0
P2_S1_P_seed1008,S1,P,"plant@(2.000,3.000)",1,r1.20_a000,0,1.2,3.2,3.0,True,True,True,4.391661197065614,0.4048293520172592,,0
P2_S1_P_seed1008,S1,P,"plant@(2.000,3.000)",1,r1.00_a090,90,1.0,2.0,4.0,True,True,True,4.93275588851247,0.4825594020076096,,0
P2_S1_P_seed1008,S1,P,"plant@(2.000,3.000)",1,r1.00_a030,30,1.0,2.866025403784439,3.5,True,True,True,4.733839035284139,0.4600411390129011,,0
P2_S1_P_seed1008,S1,P,"plant@(2.000,3.000)",1,r1.00_a060,60,1.0,2.5,3.8660254037844384,True,True,True,5.290531886297779,0.5354880499944557,,0
P2_S1_P_seed1008,S1,P,"plant@(2.000,3.000)",1,r1.20_a090,90,1.2,2.0,4.2,True,True,True,4.937109901060667,0.49497964201145805,,0
P2_S1_P_seed1008,S1,P,"plant@(2.000,3.000)",1,r1.20_a030,30,1.2,3.0392304845413265,3.5999999999999996,True,True,True,4.865006267629385,0.5630273369897623,,0
P2_S1_P_seed1008,S1,P,"plant@(12.000,2.000)",1,r1.20_a240,240,1.2,11.399999999999999,0.960769515458674,True,True,True,14.280689097641332,0.2837072140246164,,1
P2_S1_P_seed1008,S1,P,"plant@(12.000,2.000)",1,r1.20_a090,90,1.2,12.0,3.2,True,True,True,16.821834819086117,0.3492128399957437,,0
P2_S1_P_seed1008,S1,P,"plant@(12.000,2.000)",1,r0.80_a060,60,0.8,12.4,2.6928203230275507,True,True,True,17.30221285439628,0.36035624699434265,,0
P2_S1_P_seed1008,S1,P,"plant@(12.000,2.000)",1,r1.00_a060,60,1.0,12.5,2.8660254037844384,True,True,True,17.199760275844167,0.3509424020012375,,0
P2_S1_P_seed1008,S1,P,"plant@(12.000,2.000)",1,r1.20_a060,60,1.2,12.6,3.039230484541326,True,True,True,17.1630046518758,0.3560694610059727,,0
P2_S1_P_seed1008,S1,P,"plant@(12.000,2.000)",1,r0.80_a030,30,0.8,12.69282032302755,2.4,True,True,True,17.657648470194616,0.37126050499500707,,0
P2_S1_P_seed1008,S1,P,"plant@(12.000,2.000)",1,r0.80_a330,330,0.8,12.69282032302755,1.5999999999999996,True,True,True,17.781570081414554,0.35973214398836717,,0
P2_S1_P_seed1008,S1,P,"plant@(12.000,2.000)",1,r0.80_a000,0,0.8,12.8,2.0,True,True,True,18.03954255468704,0.37529761501355097,,0
P2_S1_P_seed1008,S1,P,"plant@(12.000,2.000)",1,r1.00_a030,30,1.0,12.86602540378444,2.5,True,True,True,17.653057747985002,0.41093302599620074,,0
P2_S1_P_seed1008,S1,P,"plant@(12.000,2.000)",1,r1.00_a330,330,1.0,12.866025403784437,1.4999999999999996,True,True,True,17.673931720934323,0.36173905202304013,,0
P2_S1_P_seed1008,S1,P,"plant@(12.000,2.000)",1,r1.00_a000,0,1.0,13.0,2.0,True,True,True,18.122604534622617,0.3295857509947382,,0
P2_S1_P_seed1008,S1,P,"plant@(12.000,2.000)",1,r1.20_a030,30,1.2,13.039230484541326,2.5999999999999996,True,True,True,17.67772211061198,0.3837077469797805,,0
P2_S1_P_seed1008,S1,P,"plant@(12.000,2.000)",1,r1.20_a330,330,1.2,13.039230484541326,1.3999999999999995,True,True,True,17.56140534772121,0.3661121859913692,,0
P2_S1_P_seed1008,S1,P,"plant@(12.000,2.000)",1,r1.20_a000,0,1.2,13.2,2.0,True,True,True,18.106242167803043,0.3323876880167518,,0
P2_S1_P_seed1008,S1,P,"plant@(12.000,2.000)",1,r1.20_a180,180,1.2,10.8,2.0,False,True,False,,0.33270454200101085,path_infeasible_under_safety_checks,0
P2_S1_P_seed1008,S1,P,"plant@(12.000,2.000)",1,r1.20_a150,150,1.2,10.960769515458674,2.5999999999999996,False,True,False,,0.325549099012278,path_infeasible_under_safety_checks,0
P2_S1_P_seed1008,S1,P,"plant@(12.000,2.000)",1,r1.20_a210,210,1.2,10.960769515458674,1.4,False,True,False,,0.37784063201979734,path_infeasible_under_safety_checks,0
P2_S1_P_seed1008,S1,P,"plant@(12.000,2.000)",1,r1.00_a180,180,1.0,11.0,2.0,False,True,False,,0.332919563021278,path_infeasible_under_safety_checks,0
P2_S1_P_seed1008,S1,P,"plant@(12.000,2.000)",1,r1.00_a150,150,1.0,11.13397459621556,2.5,False,True,False,,0.3169695950055029,path_infeasible_under_safety_checks,0
P2_S1_P_seed1008,S1,P,"plant@(12.000,2.000)",1,r1.00_a210,210,1.0,11.13397459621556,1.5,False,True,False,,0.4995527559949551,path_infeasible_under_safety_checks,0
P2_S1_P_seed1008,S1,P,"plant@(12.000,2.000)",1,r0.80_a180,180,0.8,11.2,2.0,False,True,False,,0.3303421199962031,path_infeasible_under_safety_checks,0
P2_S1_P_seed1008,S1,P,"plant@(12.000,2.000)",1,r0.80_a150,150,0.8,11.30717967697245,2.4,False,True,False,,0.3271040100080427,path_infeasible_under_safety_checks,0
P2_S1_P_seed1008,S1,P,"plant@(12.000,2.000)",1,r0.80_a210,210,0.8,11.30717967697245,1.5999999999999999,False,True,False,,0.4421905589988455,path_infeasible_under_safety_checks,0
P2_S1_P_seed1008,S1,P,"plant@(12.000,2.000)",1,r1.20_a120,120,1.2,11.4,3.0392304845413265,False,True,False,,0.3720444070058875,path_infeasible_under_safety_checks,0
P2_S1_P_seed1008,S1,P,"plant@(12.000,2.000)",1,r1.00_a120,120,1.0,11.5,2.866025403784439,False,True,False,,0.4008892220153939,path_infeasible_under_safety_checks,0
P2_S1_P_seed1008,S1,P,"plant@(12.000,2.000)",1,r1.00_a240,240,1.0,11.5,1.1339745962155616,False,True,False,,0.3742806219961494,path_infeasible_under_safety_checks,0
P2_S1_P_seed1008,S1,P,"plant@(12.000,2.000)",1,r0.80_a120,120,0.8,11.6,2.692820323027551,False,True,False,,0.3977489599783439,path_infeasible_under_safety_checks,0
P2_S1_P_seed1008,S1,P,"plant@(12.000,2.000)",1,r0.80_a240,240,0.8,11.6,1.3071796769724493,False,True,False,,0.3928131859865971,path_infeasible_under_safety_checks,0
P2_S1_P_seed1008,S1,P,"plant@(12.000,2.000)",1,r0.80_a090,90,0.8,12.0,2.8,False,True,False,,0.37496609301888384,path_infeasible_under_safety_checks,0
P2_S1_P_seed1008,S1,P,"plant@(12.000,2.000)",1,r1.00_a090,90,1.0,12.0,3.0,False,True,False,,0.4222785420133732,path_infeasible_under_safety_checks,0
P2_S1_P_seed1008,S1,P,"plant@(12.000,2.000)",1,r0.80_a270,270,0.8,12.0,1.2,False,True,False,,0.40273463699850254,path_infeasible_under_safety_checks,0
P2_S1_P_seed1008,S1,P,"plant@(12.000,2.000)",1,r1.00_a270,270,1.0,12.0,1.0,False,True,False,,0.3926280209852848,path_infeasible_under_safety_checks,0
P2_S1_P_seed1008,S1,P,"plant@(12.000,2.000)",1,r1.20_a240,240,1.2,11.399999999999999,0.960769515458674,True,True,True,1.18045165661273,0.13164962598239072,,1
P2_S1_P_seed1008,S1,P,"plant@(12.000,2.000)",1,r0.80_a330,330,0.8,12.69282032302755,1.5999999999999996,True,True,False,,0.2228518129850272,path_infeasible_under_safety_checks,0
P2_S1_P_seed1008,S1,P,"plant@(12.000,2.000)",1,r1.00_a330,330,1.0,12.866025403784437,1.4999999999999996,True,True,False,,0.28244041398284025,path_infeasible_under_safety_checks,0
P2_S1_P_seed1008,S1,P,"plant@(12.000,2.000)",1,r1.20_a330,330,1.2,13.039230484541326,1.3999999999999995,True,True,False,,0.22540803800802678,path_infeasible_under_safety_checks,0
P2_S1_P_seed1008,S1,P,"plant@(12.000,2.000)",1,r0.80_a000,0,0.8,12.8,2.0,True,True,False,,0.14636494900332764,path_infeasible_under_safety_checks,0
P2_S1_P_seed1008,S1,P,"plant@(12.000,2.000)",1,r1.00_a000,0,1.0,13.0,2.0,True,True,False,,0.2331228909897618,path_infeasible_under_safety_checks,0
P2_S1_P_seed1008,S1,P,"plant@(12.000,2.000)",1,r1.20_a000,0,1.2,13.2,2.0,True,True,True,8.760569519579178,0.4145642760267947,,0
P2_S1_P_seed1008,S1,P,"plant@(12.000,2.000)",1,r0.80_a030,30,0.8,12.69282032302755,2.4,True,True,False,,0.14253417297732085,path_infeasible_under_safety_checks,0
P2_S1_P_seed1008,S1,P,"plant@(12.000,2.000)",1,r1.00_a030,30,1.0,12.86602540378444,2.5,True,True,False,,0.14545595101662911,path_infeasible_under_safety_checks,0
P2_S1_P_seed1008,S1,P,"plant@(12.000,2.000)",1,r0.80_a060,60,0.8,12.4,2.6928203230275507,True,True,False,,0.1476429369940888,path_infeasible_under_safety_checks,0
P2_S1_P_seed1008,S1,P,"plant@(12.000,2.000)",1,r1.20_a030,30,1.2,13.039230484541326,2.5999999999999996,True,True,True,9.794076855766807,0.33437190600670874,,0
P2_S1_P_seed1008,S1,P,"plant@(12.000,2.000)",1,r1.00_a060,60,1.0,12.5,2.8660254037844384,True,True,False,,0.16041204499197192,path_infeasible_under_safety_checks,0
P2_S1_P_seed1008,S1,P,"plant@(12.000,2.000)",1,r1.20_a060,60,1.2,12.6,3.039230484541326,True,True,False,,0.16410910699050874,path_infeasible_under_safety_checks,0
P2_S1_P_seed1008,S1,P,"plant@(12.000,2.000)",1,r1.20_a090,90,1.2,12.0,3.2,True,True,False,,0.14492266098386608,path_infeasible_under_safety_checks,0
P2_S1_P_seed1008,S1,P,"plant@(12.000,2.000)",1,r1.20_a270,270,1.2,12.0,0.8,False,True,False,,0.0844058170041535,path_infeasible_under_safety_checks,0
P2_S1_P_seed1008,S1,P,"plant@(12.000,2.000)",1,r1.00_a270,270,1.0,12.0,1.0,False,True,False,,0.08134000800782815,path_infeasible_under_safety_checks,0
P2_S1_P_seed1008,S1,P,"plant@(12.000,2.000)",1,r1.00_a240,240,1.0,11.5,1.1339745962155616,False,True,False,,0.15523864098940976,path_infeasible_under_safety_checks,0
P2_S1_P_seed1008,S1,P,"plant@(12.000,2.000)",1,r0.80_a270,270,0.8,12.0,1.2,False,True,False,,0.1145416219951585,path_infeasible_under_safety_checks,0
P2_S1_P_seed1008,S1,P,"plant@(12.000,2.000)",1,r1.20_a300,300,1.2,12.6,0.9607695154586737,False,True,False,,0.21976888098288327,path_infeasible_under_safety_checks,0
P2_S1_P_seed1008,S1,P,"plant@(12.000,2.000)",1,r0.80_a240,240,0.8,11.6,1.3071796769724493,False,True,False,,0.19308395401458256,path_infeasible_under_safety_checks,0
P2_S1_P_seed1008,S1,P,"plant@(12.000,2.000)",1,r1.00_a300,300,1.0,12.5,1.1339745962155614,False,True,False,,0.21188076998805627,path_infeasible_under_safety_checks,0
P2_S1_P_seed1008,S1,P,"plant@(12.000,2.000)",1,r0.80_a300,300,0.8,12.4,1.307179676972449,False,True,False,,0.21861588099272922,path_infeasible_under_safety_checks,0
P2_S1_P_seed1008,S1,P,"plant@(12.000,2.000)",1,r1.00_a210,210,1.0,11.13397459621556,1.5,False,True,False,,0.20222518598893657,path_infeasible_under_safety_checks,0
P2_S1_P_seed1008,S1,P,"plant@(12.000,2.000)",1,r1.20_a210,210,1.2,10.960769515458674,1.4,False,True,False,,0.1993967950111255,path_infeasible_under_safety_checks,0
P2_S1_P_seed1008,S1,P,"plant@(12.000,2.000)",1,r0.80_a210,210,0.8,11.30717967697245,1.5999999999999999,False,True,False,,0.2547706769837532,path_infeasible_under_safety_checks,0
P2_S1_P_seed1008,S1,P,"plant@(12.000,2.000)",1,r0.80_a180,180,0.8,11.2,2.0,False,True,False,,0.16047076898394153,path_infeasible_under_safety_checks,0
P2_S1_P_seed1008,S1,P,"plant@(12.000,2.000)",1,r1.00_a180,180,1.0,11.0,2.0,False,True,False,,0.15807593701174483,path_infeasible_under_safety_checks,0
P2_S1_P_seed1008,S1,P,"plant@(12.000,2.000)",1,r1.20_a180,180,1.2,10.8,2.0,False,True,False,,0.15108690899796784,path_infeasible_under_safety_checks,0
P2_S1_P_seed1008,S1,P,"plant@(12.000,2.000)",1,r0.80_a150,150,0.8,11.30717967697245,2.4,False,True,False,,0.1531088569900021,path_infeasible_under_safety_checks,0
P2_S1_P_seed1008,S1,P,"plant@(12.000,2.000)",1,r1.00_a150,150,1.0,11.13397459621556,2.5,False,True,False,,0.1622978290251922,path_infeasible_under_safety_checks,0
P2_S1_P_seed1008,S1,P,"plant@(12.000,2.000)",1,r0.80_a120,120,0.8,11.6,2.692820323027551,False,True,False,,0.20452633799868636,path_infeasible_under_safety_checks,0
P2_S1_P_seed1008,S1,P,"plant@(12.000,2.000)",1,r1.20_a150,150,1.2,10.960769515458674,2.5999999999999996,False,True,False,,0.15906293000443839,path_infeasible_under_safety_checks,0
P2_S1_P_seed1009,S1,P,"plant@(2.000,3.000)",1,r1.20_a240,240,1.2,1.3999999999999995,1.960769515458674,True,True,True,2.4021980321074725,0.16558420000365004,,1
P2_S1_P_seed1009,S1,P,"plant@(2.000,3.000)",1,r1.20_a210,210,1.2,0.9607695154586737,2.4,True,True,True,2.5982584977119902,0.19615153700578958,,0
P2_S1_P_seed1009,S1,P,"plant@(2.000,3.000)",1,r1.00_a240,240,1.0,1.4999999999999996,2.1339745962155616,True,True,True,2.602031634036085,0.17144315998302773,,0
P2_S1_P_seed1009,S1,P,"plant@(2.000,3.000)",1,r1.20_a270,270,1.2,1.9999999999999998,1.8,True,True,True,2.6786582306225384,0.18033650002325885,,0
P2_S1_P_seed1009,S1,P,"plant@(2.000,3.000)",1,r1.00_a210,210,1.0,1.1339745962155614,2.5,True,True,True,2.74531223429477,0.18468428699998185,,0
P2_S1_P_seed1009,S1,P,"plant@(2.000,3.000)",1,r0.80_a240,240,0.8,1.5999999999999996,2.3071796769724493,True,True,True,2.803764317979718,0.18818572798045352,,0
P2_S1_P_seed1009,S1,P,"plant@(2.000,3.000)",1,r1.00_a270,270,1.0,1.9999999999999998,2.0,True,True,True,2.816025931651265,0.1919860019988846,,0
P2_S1_P_seed1009,S1,P,"plant@(2.000,3.000)",1,r0.80_a210,210,0.8,1.307179676972449,2.5999999999999996,True,True,True,2.9198346466490075,0.2069903019873891,,0
P2_S1_P_seed1009,S1,P,"plant@(2.000,3.000)",1,r0.80_a270,270,0.8,1.9999999999999998,2.2,True,True,True,2.96247563771313,0.20213459600927308,,0
P2_S1_P_seed1009,S1,P,"plant@(2.000,3.000)",1,r1.20_a180,180,1.2,0.8,3.0,True,True,True,3.1847430226150277,0.20060983797884546,,0
P2_S1_P_seed1009,S1,P,"plant@(2.000,3.000)",1,r1.00_a180,180,1.0,1.0,3.0,True,True,True,3.169875174869212,0.2062894600094296,,0
P2_S1_P_seed1009,S1,P,"plant@(2.000,3.000)",1,r0.80_a180,180,0.8,1.2,3.0,True,True,True,3.2416304739555724,0.20781793000060134,,0
P2_S1_P_seed1009,S1,P,"plant@(2.000,3.000)",1,r1.20_a300,300,1.2,2.6,1.9607695154586737,True,True,True,3.2493641108315225,0.21730167599162087,,0
P2_S1_P_seed1009,S1,P,"plant@(2.000,3.000)",1,r1.00_a300,300,1.0,2.5,2.1339745962155616,True,True,True,3.2803082874835803,0.21520015998976305,,0
P2_S1_P_seed1009,S1,P,"plant@(2.000,3.000)",1,r0.80_a300,300,0.8,2.4000000000000004,2.3071796769724493,True,True,True,3.3238474265494395,0.21979510999517515,,0
P2_S1_P_seed1009,S1,P,"plant@(2.000,3.000)",1,r0.80_a150,150,0.8,1.3071796769724489,3.4,True,True,True,3.697423411089156,0.2429867859755177,,0
P2_S1_P_seed1009,S1,P,"plant@(2.000,3.000)",1,r1.00_a150,150,1.0,1.1339745962155612,3.5,True,True,True,3.688042177210573,0.32648465799866244,,0
P2_S1_P_seed1009,S1,P,"plant@(2.000,3.000)",1,r1.20_a150,150,1.2,0.9607695154586735,3.5999999999999996,True,True,True,3.7664397493190878,0.24944137799320742,,0
P2_S1_P_seed1009,S1,P,"plant@(2.000,3.000)",1,r0.80_a330,330,0.8,2.6928203230275507,2.5999999999999996,True,True,True,3.7670170039224296,0.24808807502267882,,0
P2_S1_P_seed1009,S1,P,"plant@(2.000,3.000)",1,r1.00_a330,330,1.0,2.8660254037844384,2.4999999999999996,True,True,True,3.8177101866375125,0.2457174040027894,,0
P2_S1_P_seed1009,S1,P,"plant@(2.000,3.000)",1,r1.20_a330,330,1.2,3.039230484541326,2.3999999999999995,True,True,True,3.862814351084195,0.2560155729879625,,0
P2_S1_P_seed1009,S1,P,"plant@(2.000,3.000)",1,r0.80_a000,0,0.8,2.8,3.0,True,True,True,4.198710423429075,0.2664518980018329,,0
P2_S1_P_seed1009,S1,P,"plant@(2.000,3.000)",1,r1.00_a120,120,1.0,1.5000000000000002,3.866025403784439,True,True,True,4.349087003878647,0.2818330110167153,,0
P2_S1_P_seed1009,S1,P,"plant@(2.000,3.000)",1,r1.00_a000,0,1.0,3.0,3.0,True,True,True,4.262439227569819,0.28103627398377284,,0
P2_S1_P_seed1009,S1,P,"plant@(2.000,3.000)",1,r1.20_a120,120,1.2,1.4000000000000004,4.039230484541326,True,True,True,4.307100999716338,0.28298683499451727,,0
P2_S1_P_seed1009,S1,P,"plant@(2.000,3.000)",1,r0.80_a030,30,0.8,2.692820323027551,3.4,True,True,True,4.6843439254528665,0.2980991690128576,,0
P2_S1_P_seed1009,S1,P,"plant@(2.000,3.000)",1,r1.20_a000,0,1.2,3.2,3.0,True,True,True,4.391661197065614,0.2929355820233468,,0
P2_S1_P_seed1009,S1,P,"plant@(2.000,3.000)",1,r1.00_a090,90,1.0,2.0,4.0,True,True,True,4.93275588851247,0.322724483005004,,0
P2_S1_P_seed1009,S1,P,"plant@(2.000,3.000)",1,r1.00_a030,30,1.0,2.866025403784439,3.5,True,True,True,4.733839035284139,0.31068683401099406,,0
P2_S1_P_seed1009,S1,P,"plant@(2.000,3.000)",1,r1.00_a060,60,1.0,2.5,3.8660254037844384,True,True,True,5.290531886297779,0.36300074902828783,,0
P2_S1_P_seed1009,S1,P,"plant@(2.000,3.000)",1,r1.20_a090,90,1.2,2.0,4.2,True,True,True,4.937109901060667,0.3394898390106391,,0
P2_S1_P_seed1009,S1,P,"plant@(2.000,3.000)",1,r1.20_a030,30,1.2,3.0392304845413265,3.5999999999999996,True,True,True,4.865006267629385,0.3202098469773773,,0
P2_S1_P_seed1009,S1,P,"plant@(12.000,2.000)",1,r1.20_a240,240,1.2,11.399999999999999,0.960769515458674,True,True,True,14.154201600570868,0.2845040819956921,,1
P2_S1_P_seed1009,S1,P,"plant@(12.000,2.000)",1,r1.20_a090,90,1.2,12.0,3.2,True,True,True,16.81622091656031,0.2718853699916508,,0
P2_S1_P_seed1009,S1,P,"plant@(12.000,2.000)",1,r0.80_a060,60,0.8,12.4,2.6928203230275507,True,True,True,17.25202343762496,0.2811124949948862,,0
P2_S1_P_seed1009,S1,P,"plant@(12.000,2.000)",1,r1.00_a060,60,1.0,12.5,2.8660254037844384,True,True,True,17.149743307244066,0.2849426820175722,,0
P2_S1_P_seed1009,S1,P,"plant@(12.000,2.000)",1,r1.20_a060,60,1.2,12.6,3.039230484541326,True,True,True,17.063817081100073,0.29509543799213134,,0
P2_S1_P_seed1009,S1,P,"plant@(12.000,2.000)",1,r0.80_a030,30,0.8,12.69282032302755,2.4,True,True,True,17.607453974977496,0.29250481200870126,,0
P2_S1_P_seed1009,S1,P,"plant@(12.000,2.000)",1,r0.80_a330,330,0.8,12.69282032302755,1.5999999999999996,True,True,True,17.800764223940813,0.30434765401878394,,0
P2_S1_P_seed1009,S1,P,"plant@(12.000,2.000)",1,r0.80_a000,0,0.8,12.8,2.0,True,True,True,17.989346144584815,0.29502608298207633,,0
P2_S1_P_seed1009,S1,P,"plant@(12.000,2.000)",1,r1.00_a030,30,1.0,12.86602540378444,2.5,True,True,True,17.602864170561226,0.29662902699783444,,0
P2_S1_P_seed1009,S1,P,"plant@(12.000,2.000)",1,r1.00_a330,330,1.0,12.866025403784437,1.4999999999999996,True,True,True,17.611241577654653,0.29311463100020774,,0
P2_S1_P_seed1009,S1,P,"plant@(12.000,2.000)",1,r1.00_a000,0,1.0,13.0,2.0,True,True,True,18.072916982995665,0.26496342799509875,,0
P2_S1_P_seed1009,S1,P,"plant@(12.000,2.000)",1,r1.20_a030,30,1.2,13.039230484541326,2.5999999999999996,True,True,True,17.627797425592096,0.29918633101624437,,0
P2_S1_P_seed1009,S1,P,"plant@(12.000,2.000)",1,r1.20_a330,330,1.2,13.039230484541326,1.3999999999999995,True,True,True,17.51263623463026,0.2933236420212779,,0
P2_S1_P_seed1009,S1,P,"plant@(12.000,2.000)",1,r1.20_a000,0,1.2,13.2,2.0,True,True,True,18.11135551631777,0.26531236397568136,,0
P2_S1_P_seed1009,S1,P,"plant@(12.000,2.000)",1,r1.20_a180,180,1.2,10.8,2.0,False,True,False,,0.25256913001067005,path_infeasible_under_safety_checks,0
P2_S1_P_seed1009,S1,P,"plant@(12.000,2.000)",1,r1.20_a150,150,1.2,10.960769515458674,2.5999999999999996,False,True,False,,0.2518539179873187,path_infeasible_under_safety_checks,0
P2_S1_P_seed1009,S1,P,"plant@(12.000,2.000)",1,r1.20_a210,210,1.2,10.960769515458674,1.4,False,True,False,,0.303022701991722,path_infeasible_under_safety_checks,0
P2_S1_P_seed1009,S1,P,"plant@(12.000,2.000)",1,r1.00_a180,180,1.0,11.0,2.0,False,True,False,,0.2603175359836314,path_infeasible_under_safety_checks,0
P2_S1_P_seed1009,S1,P,"plant@(12.000,2.000)",1,r1.00_a150,150,1.0,11.13397459621556,2.5,False,True,False,,0.24720833098399453,path_infeasible_under_safety_checks,0
P2_S1_P_seed1009,S1,P,"plant@(12.000,2.000)",1,r1.00_a210,210,1.0,11.13397459621556,1.5,False,True,False,,0.31856523401802406,path_infeasible_under_safety_checks,0
P2_S1_P_seed1009,S1,P,"plant@(12.000,2.000)",1,r0.80_a180,180,0.8,11.2,2.0,False,True,False,,0.24518111400539055,path_infeasible_under_safety_checks,0
P2_S1_P_seed1009,S1,P,"plant@(12.000,2.000)",1,r0.80_a150,150,0.8,11.30717967697245,2.4,False,True,False,,0.24832024198258296,path_infeasible_under_safety_checks,0
P2_S1_P_seed1009,S1,P,"plant@(12.000,2.000)",1,r0.80_a210,210,0.8,11.30717967697245,1.5999999999999999,False,True,False,,0.3184509650163818,path_infeasible_under_safety_checks,0
P2_S1_P_seed1009,S1,P,"plant@(12.000,2.000)",1,r1.20_a120,120,1.2,11.4,3.0392304845413265,False,True,False,,0.26727290701819584,path_infeasible_under_safety_checks,0
P2_S1_P_seed1009,S1,P,"plant@(12.000,2.000)",1,r1.00_a120,120,1.0,11.5,2.866025403784439,False,True,False,,0.3162088160170242,path_infeasible_under_safety_checks,0
P2_S1_P_seed1009,S1,P,"plant@(12.000,2.000)",1,r1.00_a240,240,1.0,11.5,1.1339745962155616,False,True,False,,0.3051272830052767,path_infeasible_under_safety_checks,0
P2_S1_P_seed1009,S1,P,"plant@(12.000,2.000)",1,r0.80_a120,120,0.8,11.6,2.692820323027551,False,True,False,,0.30109044499113224,path_infeasible_under_safety_checks,0
P2_S1_P_seed1009,S1,P,"plant@(12.000,2.000)",1,r0.80_a240,240,0.8,11.6,1.3071796769724493,False,True,False,,0.31482799601508304,path_infeasible_under_safety_checks,0
P2_S1_P_seed1009,S1,P,"plant@(12.000,2.000)",1,r0.80_a090,90,0.8,12.0,2.8,False,True,False,,0.30148251898935996,path_infeasible_under_safety_checks,0
P2_S1_P_seed1009,S1,P,"plant@(12.000,2.000)",1,r1.00_a090,90,1.0,12.0,3.0,False,True,False,,0.2650817320100032,path_infeasible_under_safety_checks,0
P2_S1_P_seed1009,S1,P,"plant@(12.000,2.000)",1,r0.80_a270,270,0.8,12.0,1.2,False,True,False,,0.30543448598473333,path_infeasible_under_safety_checks,0
P2_S1_P_seed1009,S1,P,"plant@(12.000,2.000)",1,r1.00_a270,270,1.0,12.0,1.0,False,True,False,,0.3022374259890057,path_infeasible_under_safety_checks,0
P2_S1_P_seed1009,S1,P,"plant@(15.000,5.000)",1,r1.20_a240,240,1.2,14.399999999999999,3.960769515458674,True,True,True,2.210318574039977,0.1724691069975961,,1
P2_S1_P_seed1009,S1,P,"plant@(15.000,5.000)",1,r1.20_a210,210,1.2,13.960769515458674,4.4,True,True,True,2.4185464745437235,0.18161641599726863,,0
P2_S1_P_seed1009,S1,P,"plant@(15.000,5.000)",1,r1.20_a270,270,1.2,15.0,3.8,True,True,True,2.563584798963606,0.19306986100855283,,0
P2_S1_P_seed1009,S1,P,"plant@(15.000,5.000)",1,r1.20_a180,180,1.2,13.8,5.0,True,True,True,2.9214572840240285,0.22727351199137047,,0
P2_S1_P_seed1009,S1,P,"plant@(15.000,5.000)",1,r1.00_a180,180,1.0,14.0,5.0,True,True,True,3.110974047739208,0.24314914099522866,,0
P2_S1_P_seed1009,S1,P,"plant@(15.000,5.000)",1,r1.20_a300,300,1.2,15.6,3.960769515458674,True,True,True,3.236283045233441,0.2478630320110824,,0
P2_S1_P_seed1009,S1,P,"plant@(15.000,5.000)",1,r0.80_a150,150,0.8,14.30717967697245,5.4,True,True,True,3.686672548796002,0.27310872299131006,,0
P2_S1_P_seed1009,S1,P,"plant@(15.000,5.000)",1,r1.00_a150,150,1.0,14.13397459621556,5.5,True,True,True,3.5874678091907843,0.26936111800023355,,0
P2_S1_P_seed1009,S1,P,"plant@(15.000,5.000)",1,r1.20_a150,150,1.2,13.960769515458674,5.6,True,True,True,3.544479883881602,0.26427656001760624,,0
P2_S1_P_seed1009,S1,P,"plant@(15.000,5.000)",1,r0.80_a330,330,0.8,15.69282032302755,4.6,True,True,False,,0.29736694900202565,path_infeasible_under_safety_checks,0
P2_S1_P_seed1009,S1,P,"plant@(15.000,5.000)",1,r1.00_a330,330,1.0,15.866025403784437,4.5,True,True,True,3.88168890689185,0.29671534098451957,,0
P2_S1_P_seed1009,S1,P,"plant@(15.000,5.000)",1,r1.20_a330,330,1.2,16.039230484541328,4.3999999999999995,True,True,True,3.7980697088675814,0.276072237000335,,0
P2_S1_P_seed1009,S1,P,"plant@(15.000,5.000)",1,r0.80_a120,120,0.8,14.6,5.692820323027551,True,True,True,4.2077566825862025,0.30784020700957626,,0
P2_S1_P_seed1009,S1,P,"plant@(15.000,5.000)",1,r0.80_a000,0,0.8,15.8,5.0,True,True,True,4.461641355964292,0.32217987600597553,,0
P2_S1_P_seed1009,S1,P,"plant@(15.000,5.000)",1,r1.00_a120,120,1.0,14.5,5.866025403784438,True,True,True,4.149304555439269,0.2943073189817369,,0
P2_S1_P_seed1009,S1,P,"plant@(15.000,5.000)",1,r1.00_a000,0,1.0,16.0,5.0,True,True,True,4.423974765994893,0.3106511599908117,,0
P2_S1_P_seed1009,S1,P,"plant@(15.000,5.000)",1,r1.20_a120,120,1.2,14.4,6.039230484541326,True,True,True,4.135237573909972,0.30326989898458123,,0
P2_S1_P_seed1009,S1,P,"plant@(15.000,5.000)",1,r0.80_a090,90,0.8,15.0,5.8,True,True,True,4.670562166064954,0.3350707740173675,,0
P2_S1_P_seed1009,S1,P,"plant@(15.000,5.000)",1,r0.80_a030,30,0.8,15.69282032302755,5.4,True,True,True,4.924028795091615,0.38248640301753767,,0
P2_S1_P_seed1009,S1,P,"plant@(15.000,5.000)",1,r0.80_a060,60,0.8,15.4,5.692820323027551,True,True,True,5.115595653540234,0.38057794599444605,,0
P2_S1_P_seed1009,S1,P,"plant@(15.000,5.000)",1,r1.20_a000,0,1.2,16.2,5.0,True,True,True,4.4363223631159405,0.32109024401870556,,0
P2_S1_P_seed1009,S1,P,"plant@(15.000,5.000)",1,r1.00_a090,90,1.0,15.0,6.0,True,True,True,4.642162379431915,0.3238922090095002,,0
P2_S1_P_seed1009,S1,P,"plant@(15.000,5.000)",1,r1.00_a030,30,1.0,15.86602540378444,5.5,True,True,True,4.9970388087050495,0.3714640680118464,,0
P2_S1_P_seed1009,S1,P,"plant@(15.000,5.000)",1,r1.00_a060,60,1.0,15.5,5.866025403784438,True,True,True,5.187224031557696,0.4001885420002509,,0
P2_S1_P_seed1009,S1,P,"plant@(15.000,5.000)",1,r1.20_a090,90,1.2,15.0,6.2,True,True,True,4.716447133161052,0.32645455398596823,,0
P2_S1_P_seed1009,S1,P,"plant@(15.000,5.000)",1,r1.20_a030,30,1.2,16.039230484541328,5.6,True,True,True,5.039105673928079,0.35367451200727373,,0
P2_S1_P_seed1009,S1,P,"plant@(15.000,5.000)",1,r1.20_a060,60,1.2,15.6,6.039230484541326,True,True,True,5.290017362819244,0.37273992999689654,,0
P2_S1_P_seed1009,S1,P,"plant@(15.000,5.000)",1,r1.00_a240,240,1.0,14.5,4.133974596215562,False,True,False,,0.18131552301929332,path_infeasible_under_safety_checks,0
P2_S1_P_seed1009,S1,P,"plant@(15.000,5.000)",1,r1.00_a210,210,1.0,14.13397459621556,4.5,False,True,False,,0.19788822799455374,path_infeasible_under_safety_checks,0
P2_S1_P_seed1009,S1,P,"plant@(15.000,5.000)",1,r0.80_a240,240,0.8,14.6,4.307179676972449,False,True,False,,0.20393759300350212,path_infeasible_under_safety_checks,0
P2_S1_P_seed1009,S1,P,"plant@(15.000,5.000)",1,r1.00_a270,270,1.0,15.0,4.0,False,True,False,,0.1943119100178592,path_infeasible_under_safety_checks,0
P2_S1_P_seed1009,S1,P,"plant@(15.000,5.000)",1,r0.80_a210,210,0.8,14.30717967697245,4.6,False,True,False,,0.24633355101104826,path_infeasible_under_safety_checks,0
P2_S1_P_seed1010,S1,P,"plant@(2.000,3.000)",1,r1.20_a240,240,1.2,1.3999999999999995,1.960769515458674,True,True,True,2.4021980321074725,0.15558633202454075,,1
P2_S1_P_seed1010,S1,P,"plant@(2.000,3.000)",1,r1.20_a210,210,1.2,0.9607695154586737,2.4,True,True,True,2.5982584977119902,0.19092415997874923,,0
P2_S1_P_seed1010,S1,P,"plant@(2.000,3.000)",1,r1.00_a240,240,1.0,1.4999999999999996,2.1339745962155616,True,True,True,2.602031634036085,0.17730818700511009,,0
P2_S1_P_seed1010,S1,P,"plant@(2.000,3.000)",1,r1.20_a270,270,1.2,1.9999999999999998,1.8,True,True,True,2.6786582306225384,0.17942814002162777,,0
P2_S1_P_seed1010,S1,P,"plant@(2.000,3.000)",1,r1.00_a210,210,1.0,1.1339745962155614,2.5,True,True,True,2.74531223429477,0.18503842799691483,,0
P2_S1_P_seed1010,S1,P,"plant@(2.000,3.000)",1,r0.80_a240,240,0.8,1.5999999999999996,2.3071796769724493,True,True,True,2.803764317979718,0.18874267299543135,,0
P2_S1_P_seed1010,S1,P,"plant@(2.000,3.000)",1,r1.00_a270,270,1.0,1.9999999999999998,2.0,True,True,True,2.816025931651265,0.185732003999874,,0
P2_S1_P_seed1010,S1,P,"plant@(2.000,3.000)",1,r0.80_a210,210,0.8,1.307179676972449,2.5999999999999996,True,True,True,2.9198346466490075,0.1979482180031482,,0
P2_S1_P_seed1010,S1,P,"plant@(2.000,3.000)",1,r0.80_a270,270,0.8,1.9999999999999998,2.2,True,True,True,2.96247563771313,0.20037172400043346,,0
P2_S1_P_seed1010,S1,P,"plant@(2.000,3.000)",1,r1.20_a180,180,1.2,0.8,3.0,True,True,True,3.1847430226150277,0.2050549330015201,,0
P2_S1_P_seed1010,S1,P,"plant@(2.000,3.000)",1,r1.00_a180,180,1.0,1.0,3.0,True,True,True,3.169875174869212,0.21799578602076508,,0
P2_S1_P_seed1010,S1,P,"plant@(2.000,3.000)",1,r0.80_a180,180,0.8,1.2,3.0,True,True,True,3.2416304739555724,0.21718219699687324,,0
P2_S1_P_seed1010,S1,P,"plant@(2.000,3.000)",1,r1.20_a300,300,1.2,2.6,1.9607695154586737,True,True,True,3.2493641108315225,0.21491025798604824,,0
P2_S1_P_seed1010,S1,P,"plant@(2.000,3.000)",1,r1.00_a300,300,1.0,2.5,2.1339745962155616,True,True,True,3.2803082874835803,0.21684119899873622,,0
P2_S1_P_seed1010,S1,P,"plant@(2.000,3.000)",1,r0.80_a300,300,0.8,2.4000000000000004,2.3071796769724493,True,True,True,3.3238474265494395,0.2309964149899315,,0
P2_S1_P_seed1010,S1,P,"plant@(2.000,3.000)",1,r0.80_a150,150,0.8,1.3071796769724489,3.4,True,True,True,3.697423411089156,0.2489819669863209,,0
P2_S1_P_seed1010,S1,P,"plant@(2.000,3.000)",1,r1.00_a150,150,1.0,1.1339745962155612,3.5,True,True,True,3.688042177210573,0.2806297189963516,,0
P2_S1_P_seed1010,S1,P,"plant@(2.000,3.000)",1,r1.20_a150,150,1.2,0.9607695154586735,3.5999999999999996,True,True,True,3.7664397493190878,0.25225137299275957,,0
P2_S1_P_seed1010,S1,P,"plant@(2.000,3.000)",1,r0.80_a330,330,0.8,2.6928203230275507,2.5999999999999996,True,True,True,3.7670170039224296,0.24905203699017875,,0
P2_S1_P_seed1010,S1,P,"plant@(2.000,3.000)",1,r1.00_a330,330,1.0,2.8660254037844384,2.4999999999999996,True,True,True,3.8177101866375125,0.24939367399201728,,0
P2_S1_P_seed1010,S1,P,"plant@(2.000,3.000)",1,r1.20_a330,330,1.2,3.039230484541326,2.3999999999999995,True,True,True,3.862814351084195,0.25832255798741244,,0
P2_S1_P_seed1010,S1,P,"plant@(2.000,3.000)",1,r0.80_a000,0,0.8,2.8,3.0,True,True,True,4.198710423429075,0.2695862219843548,,0
P2_S1_P_seed1010,S1,P,"plant@(2.000,3.000)",1,r1.00_a120,120,1.0,1.5000000000000002,3.866025403784439,True,True,True,4.349087003878647,0.2870123210013844,,0
P2_S1_P_seed1010,S1,P,"plant@(2.000,3.000)",1,r1.00_a000,0,1.0,3.0,3.0,True,True,True,4.262439227569819,0.28687517798971385,,0
P2_S1_P_seed1010,S1,P,"plant@(2.000,3.000)",1,r1.20_a120,120,1.2,1.4000000000000004,4.039230484541326,True,True,True,4.307100999716338,0.29356961700250395,,0
P2_S1_P_seed1010,S1,P,"plant@(2.000,3.000)",1,r0.80_a030,30,0.8,2.692820323027551,3.4,True,True,True,4.6843439254528665,0.30959872901439667,,0
P2_S1_P_seed1010,S1,P,"plant@(2.000,3.000)",1,r1.20_a000,0,1.2,3.2,3.0,True,True,True,4.391661197065614,0.28992439099238254,,0
P2_S1_P_seed1010,S1,P,"plant@(2.000,3.000)",1,r1.00_a090,90,1.0,2.0,4.0,True,True,True,4.93275588851247,0.33204451799974777,,0
P2_S1_P_seed1010,S1,P,"plant@(2.000,3.000)",1,r1.00_a030,30,1.0,2.866025403784439,3.5,True,True,True,4.733839035284139,0.31449280798551627,,0
P2_S1_P_seed1010,S1,P,"plant@(2.000,3.000)",1,r1.00_a060,60,1.0,2.5,3.8660254037844384,True,True,True,5.290531886297779,0.35390799000742845,,0
P2_S1_P_seed1010,S1,P,"plant@(2.000,3.000)",1,r1.20_a090,90,1.2,2.0,4.2,True,True,True,4.937109901060667,0.3547845209832303,,0
P2_S1_P_seed1010,S1,P,"plant@(2.000,3.000)",1,r1.20_a030,30,1.2,3.0392304845413265,3.5999999999999996,True,True,True,4.865006267629385,0.32474172799265943,,0
P2_S1_P_seed1010,S1,P,"plant@(12.000,2.000)",1,r1.20_a240,240,1.2,11.399999999999999,0.960769515458674,True,True,True,14.280689097641332,0.2744489019969478,,1
P2_S1_P_seed1010,S1,P,"plant@(12.000,2.000)",1,r1.20_a090,90,1.2,12.0,3.2,True,True,True,16.821834819086117,0.2722450610017404,,0
P2_S1_P_seed1010,S1,P,"plant@(12.000,2.000)",1,r0.80_a060,60,0.8,12.4,2.6928203230275507,True,True,True,17.30221285439628,0.28962672798661515,,0
P2_S1_P_seed1010,S1,P,"plant@(12.000,2.000)",1,r1.00_a060,60,1.0,12.5,2.8660254037844384,True,True,True,17.199760275844167,0.2867887580068782,,0
P2_S1_P_seed1010,S1,P,"plant@(12.000,2.000)",1,r1.20_a060,60,1.2,12.6,3.039230484541326,True,True,True,17.1630046518758,0.28689454798586667,,0
P2_S1_P_seed1010,S1,P,"plant@(12.000,2.000)",1,r0.80_a030,30,0.8,12.69282032302755,2.4,True,True,True,17.657648470194616,0.29632021102588624,,0
P2_S1_P_seed1010,S1,P,"plant@(12.000,2.000)",1,r0.80_a330,330,0.8,12.69282032302755,1.5999999999999996,True,True,True,17.781570081414554,0.27674679999472573,,0
P2_S1_P_seed1010,S1,P,"plant@(12.000,2.000)",1,r0.80_a000,0,0.8,12.8,2.0,True,True,True,18.03954255468704,0.2828311760094948,,0
P2_S1_P_seed1010,S1,P,"plant@(12.000,2.000)",1,r1.00_a030,30,1.0,12.86602540378444,2.5,True,True,True,17.653057747985002,0.28320265299407765,,0
P2_S1_P_seed1010,S1,P,"plant@(12.000,2.000)",1,r1.00_a330,330,1.0,12.866025403784437,1.4999999999999996,True,True,True,17.673931720934323,0.27146992899361067,,0
P2_S1_P_seed1010,S1,P,"plant@(12.000,2.000)",1,r1.00_a000,0,1.0,13.0,2.0,True,True,True,18.122604534622617,0.29139845399186015,,0
P2_S1_P_seed1010,S1,P,"plant@(12.000,2.000)",1,r1.20_a030,30,1.2,13.039230484541326,2.5999999999999996,True,True,True,17.67772211061198,0.2817852800071705,,0
P2_S1_P_seed1010,S1,P,"plant@(12.000,2.000)",1,r1.20_a330,330,1.2,13.039230484541326,1.3999999999999995,True,True,True,17.56140534772121,0.2926112330169417,,0
P2_S1_P_seed1010,S1,P,"plant@(12.000,2.000)",1,r1.20_a000,0,1.2,13.2,2.0,True,True,True,18.106242167803043,0.24769374102470465,,0
P2_S1_P_seed1010,S1,P,"plant@(12.000,2.000)",1,r1.20_a180,180,1.2,10.8,2.0,False,True,False,,0.25851777399657294,path_infeasible_under_safety_checks,0
P2_S1_P_seed1010,S1,P,"plant@(12.000,2.000)",1,r1.20_a150,150,1.2,10.960769515458674,2.5999999999999996,False,True,False,,0.24991919301101007,path_infeasible_under_safety_checks,0
P2_S1_P_seed1010,S1,P,"plant@(12.000,2.000)",1,r1.20_a210,210,1.2,10.960769515458674,1.4,False,True,False,,0.2933357509900816,path_infeasible_under_safety_checks,0
P2_S1_P_seed1010,S1,P,"plant@(12.000,2.000)",1,r1.00_a180,180,1.0,11.0,2.0,False,True,False,,0.2522226269938983,path_infeasible_under_safety_checks,0
P2_S1_P_seed1010,S1,P,"plant@(12.000,2.000)",1,r1.00_a150,150,1.0,11.13397459621556,2.5,False,True,False,,0.2434646129840985,path_infeasible_under_safety_checks,0
P2_S1_P_seed1010,S1,P,"plant@(12.000,2.000)",1,r1.00_a210,210,1.0,11.13397459621556,1.5,False,True,False,,0.299358274001861,path_infeasible_under_safety_checks,0
P2_S1_P_seed1010,S1,P,"plant@(12.000,2.000)",1,r0.80_a180,180,0.8,11.2,2.0,False,True,False,,0.24440711000352167,path_infeasible_under_safety_checks,0
P2_S1_P_seed1010,S1,P,"plant@(12.000,2.000)",1,r0.80_a150,150,0.8,11.30717967697245,2.4,False,True,False,,0.24175375400227495,path_infeasible_under_safety_checks,0
P2_S1_P_seed1010,S1,P,"plant@(12.000,2.000)",1,r0.80_a210,210,0.8,11.30717967697245,1.5999999999999999,False,True,False,,0.31111534402589314,path_infeasible_under_safety_checks,0
P2_S1_P_seed1010,S1,P,"plant@(12.000,2.000)",1,r1.20_a120,120,1.2,11.4,3.0392304845413265,False,True,False,,0.26418807700974867,path_infeasible_under_safety_checks,0
P2_S1_P_seed1010,S1,P,"plant@(12.000,2.000)",1,r1.00_a120,120,1.0,11.5,2.866025403784439,False,True,False,,0.29685207598959096,path_infeasible_under_safety_checks,0
P2_S1_P_seed1010,S1,P,"plant@(12.000,2.000)",1,r1.00_a240,240,1.0,11.5,1.1339745962155616,False,True,False,,0.30406415998004377,path_infeasible_under_safety_checks,0
P2_S1_P_seed1010,S1,P,"plant@(12.000,2.000)",1,r0.80_a120,120,0.8,11.6,2.692820323027551,False,True,False,,0.30954786800430156,path_infeasible_under_safety_checks,0
P2_S1_P_seed1010,S1,P,"plant@(12.000,2.000)",1,r0.80_a240,240,0.8,11.6,1.3071796769724493,False,True,False,,0.29988277101074345,path_infeasible_under_safety_checks,0
P2_S1_P_seed1010,S1,P,"plant@(12.000,2.000)",1,r0.80_a090,90,0.8,12.0,2.8,False,True,False,,0.2829239920247346,path_infeasible_under_safety_checks,0
P2_S1_P_seed1010,S1,P,"plant@(12.000,2.000)",1,r1.00_a090,90,1.0,12.0,3.0,False,True,False,,0.28012128901900724,path_infeasible_under_safety_checks,0
P2_S1_P_seed1010,S1,P,"plant@(12.000,2.000)",1,r0.80_a270,270,0.8,12.0,1.2,False,True,False,,0.3117627789906692,path_infeasible_under_safety_checks,0
P2_S1_P_seed1010,S1,P,"plant@(12.000,2.000)",1,r1.00_a270,270,1.0,12.0,1.0,False,True,False,,0.29634755599545315,path_infeasible_under_safety_checks,0
P2_S1_P_seed1010,S1,P,"plant@(12.000,2.000)",1,r1.20_a240,240,1.2,11.399999999999999,0.960769515458674,True,True,True,5.292952105141087,0.3693190579942893,,1
P2_S1_P_seed1010,S1,P,"plant@(12.000,2.000)",1,r0.80_a330,330,0.8,12.69282032302755,1.5999999999999996,True,True,True,8.808208828204348,0.34632372300256975,,0
P2_S1_P_seed1010,S1,P,"plant@(12.000,2.000)",1,r1.00_a330,330,1.0,12.866025403784437,1.4999999999999996,True,True,True,8.629836759744535,0.32727486098883674,,0
P2_S1_P_seed1010,S1,P,"plant@(12.000,2.000)",1,r1.20_a330,330,1.2,13.039230484541326,1.3999999999999995,True,True,True,8.469747187696406,0.33790802300791256,,0
P2_S1_P_seed1010,S1,P,"plant@(12.000,2.000)",1,r0.80_a000,0,0.8,12.8,2.0,True,True,True,9.12616475742306,0.2617465330113191,,0
P2_S1_P_seed1010,S1,P,"plant@(12.000,2.000)",1,r1.00_a000,0,1.0,13.0,2.0,True,True,True,9.038167074721427,0.2663424809870776,,0
P2_S1_P_seed1010,S1,P,"plant@(12.000,2.000)",1,r0.80_a030,30,0.8,12.69282032302755,2.4,True,True,True,9.606013751361383,0.2488951520062983,,0
P2_S1_P_seed1010,S1,P,"plant@(12.000,2.000)",1,r0.80_a060,60,0.8,12.4,2.6928203230275507,True,True,True,10.019388654183784,0.26884849299676716,,0
P2_S1_P_seed1010,S1,P,"plant@(12.000,2.000)",1,r1.20_a000,0,1.2,13.2,2.0,True,True,True,9.096628259111224,0.2497557400201913,,0
P2_S1_P_seed1010,S1,P,"plant@(12.000,2.000)",1,r1.00_a030,30,1.0,12.86602540378444,2.5,True,True,True,9.603447829239368,0.26509972001076676,,0
P2_S1_P_seed1010,S1,P,"plant@(12.000,2.000)",1,r1.00_a060,60,1.0,12.5,2.8660254037844384,True,True,True,10.053245024653899,0.2676848380069714,,0
P2_S1_P_seed1010,S1,P,"plant@(12.000,2.000)",1,r1.20_a090,90,1.2,12.0,3.2,True,True,True,10.69679183927206,0.29793590499321,,0
P2_S1_P_seed1010,S1,P,"plant@(12.000,2.000)",1,r1.20_a030,30,1.2,13.039230484541326,2.5999999999999996,True,True,True,9.679559411089297,0.27085182900191285,,0
P2_S1_P_seed1010,S1,P,"plant@(12.000,2.000)",1,r1.20_a060,60,1.2,12.6,3.039230484541326,True,True,True,10.16931447589924,0.27582866200827993,,0
P2_S1_P_seed1010,S1,P,"plant@(12.000,2.000)",1,r1.20_a210,210,1.2,10.960769515458674,1.4,False,True,False,,0.41985832899808884,path_infeasible_under_safety_checks,0
P2_S1_P_seed1010,S1,P,"plant@(12.000,2.000)",1,r1.00_a240,240,1.0,11.5,1.1339745962155616,False,True,False,,0.39449109201086685,path_infeasible_under_safety_checks,0
P2_S1_P_seed1010,S1,P,"plant@(12.000,2.000)",1,r1.00_a210,210,1.0,11.13397459621556,1.5,False,True,False,,0.4198565069818869,path_infeasible_under_safety_checks,0
P2_S1_P_seed1010,S1,P,"plant@(12.000,2.000)",1,r1.20_a270,270,1.2,12.0,0.8,False,True,False,,0.5342511420021765,path_infeasible_under_safety_checks,0
P2_S1_P_seed1010,S1,P,"plant@(12.000,2.000)",1,r0.80_a240,240,0.8,11.6,1.3071796769724493,False,True,False,,0.4174277010024525,path_infeasible_under_safety_checks,0
P2_S1_P_seed1010,S1,P,"plant@(12.000,2.000)",1,r1.00_a270,270,1.0,12.0,1.0,False,True,False,,0.40078345700749196,path_infeasible_under_safety_checks,0
P2_S1_P_seed1010,S1,P,"plant@(12.000,2.000)",1,r0.80_a210,210,0.8,11.30717967697245,1.5999999999999999,False,True,False,,0.24614628398558125,path_infeasible_under_safety_checks,0
P2_S1_P_seed1010,S1,P,"plant@(12.000,2.000)",1,r1.20_a180,180,1.2,10.8,2.0,False,True,False,,0.2208565559994895,path_infeasible_under_safety_checks,0
P2_S1_P_seed1010,S1,P,"plant@(12.000,2.000)",1,r0.80_a270,270,0.8,12.0,1.2,False,True,False,,0.4124604509852361,path_infeasible_under_safety_checks,0
P2_S1_P_seed1010,S1,P,"plant@(12.000,2.000)",1,r1.00_a180,180,1.0,11.0,2.0,False,True,False,,0.23261038700002246,path_infeasible_under_safety_checks,0
P2_S1_P_seed1010,S1,P,"plant@(12.000,2.000)",1,r0.80_a180,180,0.8,11.2,2.0,False,True,False,,0.2388909959990997,path_infeasible_under_safety_checks,0
P2_S1_P_seed1010,S1,P,"plant@(12.000,2.000)",1,r1.20_a300,300,1.2,12.6,0.9607695154586737,False,True,False,,0.3119814259989653,path_infeasible_under_safety_checks,0
P2_S1_P_seed1010,S1,P,"plant@(12.000,2.000)",1,r1.00_a300,300,1.0,12.5,1.1339745962155614,False,True,False,,0.3241917759878561,path_infeasible_under_safety_checks,0
P2_S1_P_seed1010,S1,P,"plant@(12.000,2.000)",1,r0.80_a300,300,0.8,12.4,1.307179676972449,False,True,False,,0.33325634500943124,path_infeasible_under_safety_checks,0
P2_S1_P_seed1010,S1,P,"plant@(12.000,2.000)",1,r0.80_a150,150,0.8,11.30717967697245,2.4,False,True,False,,0.2189811560092494,path_infeasible_under_safety_checks,0
P2_S1_P_seed1010,S1,P,"plant@(12.000,2.000)",1,r1.00_a150,150,1.0,11.13397459621556,2.5,False,True,False,,0.23826611301046796,path_infeasible_under_safety_checks,0
P2_S1_P_seed1010,S1,P,"plant@(12.000,2.000)",1,r1.20_a150,150,1.2,10.960769515458674,2.5999999999999996,False,True,False,,0.25375936599448323,path_infeasible_under_safety_checks,0
P2_S1_P_seed1010,S1,P,"plant@(12.000,2.000)",1,r0.80_a120,120,0.8,11.6,2.692820323027551,False,True,False,,0.3117288379871752,path_infeasible_under_safety_checks,0
P2_S1_P_seed1010,S1,P,"plant@(12.000,2.000)",1,r1.20_a240,240,1.2,11.399999999999999,0.960769515458674,True,True,True,5.292952105141087,0.3657204310002271,,1
P2_S1_P_seed1010,S1,P,"plant@(12.000,2.000)",1,r0.80_a330,330,0.8,12.69282032302755,1.5999999999999996,True,True,True,8.808208828204348,0.32111645900295116,,0
P2_S1_P_seed1010,S1,P,"plant@(12.000,2.000)",1,r1.00_a330,330,1.0,12.866025403784437,1.4999999999999996,True,True,True,8.629836759744535,0.3240065540012438,,0
P2_S1_P_seed1010,S1,P,"plant@(12.000,2.000)",1,r1.20_a330,330,1.2,13.039230484541326,1.3999999999999995,True,True,True,8.469747187696406,0.3280401710071601,,0
P2_S1_P_seed1010,S1,P,"plant@(12.000,2.000)",1,r0.80_a000,0,0.8,12.8,2.0,True,True,True,9.12616475742306,0.23550492600770667,,0
P2_S1_P_seed1010,S1,P,"plant@(12.000,2.000)",1,r1.00_a000,0,1.0,13.0,2.0,True,True,True,9.038167074721427,0.23549654701491818,,0
P2_S1_P_seed1010,S1,P,"plant@(12.000,2.000)",1,r0.80_a030,30,0.8,12.69282032302755,2.4,True,True,True,9.606013751361383,0.24913128998014145,,0
P2_S1_P_seed1010,S1,P,"plant@(12.000,2.000)",1,r0.80_a060,60,0.8,12.4,2.6928203230275507,True,True,True,10.019388654183784,0.2589249460143037,,0
P2_S1_P_seed1010,S1,P,"plant@(12.000,2.000)",1,r1.20_a000,0,1.2,13.2,2.0,True,True,True,9.096628259111224,0.23920734101557173,,0
P2_S1_P_seed1010,S1,P,"plant@(12.000,2.000)",1,r1.00_a030,30,1.0,12.86602540378444,2.5,True,True,True,9.603447829239368,0.254896745987935,,0
P2_S1_P_seed1010,S1,P,"plant@(12.000,2.000)",1,r1.00_a060,60,1.0,12.5,2.8660254037844384,True,True,True,10.053245024653899,0.26575454499106854,,0
P2_S1_P_seed1010,S1,P,"plant@(12.000,2.000)",1,r1.20_a090,90,1.2,12.0,3.2,True,True,True,10.69679183927206,0.2793445049901493,,0
P2_S1_P_seed1010,S1,P,"plant@(12.000,2.000)",1,r1.20_a030,30,1.2,13.039230484541326,2.5999999999999996,True,True,True,9.679559411089297,0.2529817250033375,,0
P2_S1_P_seed1010,S1,P,"plant@(12.000,2.000)",1,r1.20_a060,60,1.2,12.6,3.039230484541326,True,True,True,10.16931447589924,0.2574271170014981,,0
P2_S1_P_seed1010,S1,P,"plant@(12.000,2.000)",1,r1.20_a210,210,1.2,10.960769515458674,1.4,False,True,False,,0.40474784100661054,path_infeasible_under_safety_checks,0
P2_S1_P_seed1010,S1,P,"plant@(12.000,2.000)",1,r1.00_a240,240,1.0,11.5,1.1339745962155616,False,True,False,,0.4090863760211505,path_infeasible_under_safety_checks,0
P2_S1_P_seed1010,S1,P,"plant@(12.000,2.000)",1,r1.00_a210,210,1.0,11.13397459621556,1.5,False,True,False,,0.42244442700757645,path_infeasible_under_safety_checks,0
P2_S1_P_seed1010,S1,P,"plant@(12.000,2.000)",1,r1.20_a270,270,1.2,12.0,0.8,False,True,False,,0.434546001983108,path_infeasible_under_safety_checks,0
P2_S1_P_seed1010,S1,P,"plant@(12.000,2.000)",1,r0.80_a240,240,0.8,11.6,1.3071796769724493,False,True,False,,0.4323547869862523,path_infeasible_under_safety_checks,0
P2_S1_P_seed1010,S1,P,"plant@(12.000,2.000)",1,r1.00_a270,270,1.0,12.0,1.0,False,True,False,,0.4036690540087875,path_infeasible_under_safety_checks,0
P2_S1_P_seed1010,S1,P,"plant@(12.000,2.000)",1,r0.80_a210,210,0.8,11.30717967697245,1.5999999999999999,False,True,False,,0.2396485139906872,path_infeasible_under_safety_checks,0
P2_S1_P_seed1010,S1,P,"plant@(12.000,2.000)",1,r1.20_a180,180,1.2,10.8,2.0,False,True,False,,0.23905150400241837,path_infeasible_under_safety_checks,0
P2_S1_P_seed1010,S1,P,"plant@(12.000,2.000)",1,r0.80_a270,270,0.8,12.0,1.2,False,True,False,,0.4099825630255509,path_infeasible_under_safety_checks,0
P2_S1_P_seed1010,S1,P,"plant@(12.000,2.000)",1,r1.00_a180,180,1.0,11.0,2.0,False,True,False,,0.22194118102197535,path_infeasible_under_safety_checks,0
P2_S1_P_seed1010,S1,P,"plant@(12.000,2.000)",1,r0.80_a180,180,0.8,11.2,2.0,False,True,False,,0.2219344120239839,path_infeasible_under_safety_checks,0
P2_S1_P_seed1010,S1,P,"plant@(12.000,2.000)",1,r1.20_a300,300,1.2,12.6,0.9607695154586737,False,True,False,,0.30077386600896716,path_infeasible_under_safety_checks,0
P2_S1_P_seed1010,S1,P,"plant@(12.000,2.000)",1,r1.00_a300,300,1.0,12.5,1.1339745962155614,False,True,False,,0.31968703601160087,path_infeasible_under_safety_checks,0
P2_S1_P_seed1010,S1,P,"plant@(12.000,2.000)",1,r0.80_a300,300,0.8,12.4,1.307179676972449,False,True,False,,0.32201335800345987,path_infeasible_under_safety_checks,0
P2_S1_P_seed1010,S1,P,"plant@(12.000,2.000)",1,r0.80_a150,150,0.8,11.30717967697245,2.4,False,True,False,,0.22449798497837037,path_infeasible_under_safety_checks,0
P2_S1_P_seed1010,S1,P,"plant@(12.000,2.000)",1,r1.00_a150,150,1.0,11.13397459621556,2.5,False,True,False,,0.2875812760030385,path_infeasible_under_safety_checks,0
P2_S1_P_seed1010,S1,P,"plant@(12.000,2.000)",1,r1.20_a150,150,1.2,10.960769515458674,2.5999999999999996,False,True,False,,0.24632427998585626,path_infeasible_under_safety_checks,0
P2_S1_P_seed1010,S1,P,"plant@(12.000,2.000)",1,r0.80_a120,120,0.8,11.6,2.692820323027551,False,True,False,,0.309983385988744,path_infeasible_under_safety_checks,0
P2_S1_P_seed1010,S1,P,"plant@(15.000,5.000)",1,r1.20_a240,240,1.2,14.399999999999999,3.960769515458674,True,True,True,10.996662311021481,0.302450905990554,,0
P2_S1_P_seed1010,S1,P,"plant@(15.000,5.000)",1,r1.20_a210,210,1.2,13.960769515458674,4.4,True,True,True,11.469457491616257,0.31228021101560444,,0
P2_S1_P_seed1010,S1,P,"plant@(15.000,5.000)",1,r1.20_a270,270,1.2,15.0,3.8,True,True,True,10.941280047218951,0.2965569579973817,,1
P2_S1_P_seed1010,S1,P,"plant@(15.000,5.000)",1,r1.20_a180,180,1.2,13.8,5.0,True,True,True,12.151306036601289,0.28847711702110246,,0
P2_S1_P_seed1010,S1,P,"plant@(15.000,5.000)",1,r1.00_a180,180,1.0,14.0,5.0,True,True,True,12.236692118086978,0.2872766249929555,,0
P2_S1_P_seed1010,S1,P,"plant@(15.000,5.000)",1,r1.20_a300,300,1.2,15.6,3.960769515458674,True,True,True,11.317471324847903,0.2911169319995679,,0
P2_S1_P_seed1010,S1,P,"plant@(15.000,5.000)",1,r1.20_a150,150,1.2,13.960769515458674,5.6,True,True,True,12.775301220244877,0.26395627899910323,,0
P2_S1_P_seed1010,S1,P,"plant@(15.000,5.000)",1,r1.00_a150,150,1.0,14.13397459621556,5.5,True,True,True,12.700708382775517,0.25587697100127116,,0
P2_S1_P_seed1010,S1,P,"plant@(15.000,5.000)",1,r0.80_a150,150,0.8,14.30717967697245,5.4,True,True,True,12.799581287662436,0.2658783530059736,,0
P2_S1_P_seed1010,S1,P,"plant@(15.000,5.000)",1,r0.80_a330,330,0.8,15.69282032302755,4.6,True,True,False,,0.2458627939922735,path_infeasible_under_safety_checks,0
P2_S1_P_seed1010,S1,P,"plant@(15.000,5.000)",1,r1.00_a330,330,1.0,15.866025403784437,4.5,True,True,True,12.046964373429713,0.26154417399084195,,0
P2_S1_P_seed1010,S1,P,"plant@(15.000,5.000)",1,r0.80_a120,120,0.8,14.6,5.692820323027551,True,True,True,13.440232562702263,0.2686354909965303,,0
P2_S1_P_seed1010,S1,P,"plant@(15.000,5.000)",1,r1.20_a330,330,1.2,16.039230484541328,4.3999999999999995,True,True,True,11.927128077098734,0.3071597020025365,,0
P2_S1_P_seed1010,S1,P,"plant@(15.000,5.000)",1,r1.00_a120,120,1.0,14.5,5.866025403784438,True,True,True,13.304183980338767,0.281424226006493,,0
P2_S1_P_seed1010,S1,P,"plant@(15.000,5.000)",1,r1.20_a120,120,1.2,14.4,6.039230484541326,True,True,True,13.272399959355885,0.26288103801198304,,0
P2_S1_P_seed1010,S1,P,"plant@(15.000,5.000)",1,r0.80_a000,0,0.8,15.8,5.0,True,True,True,12.636700692017468,0.26576928299618885,,0
P2_S1_P_seed1010,S1,P,"plant@(15.000,5.000)",1,r0.80_a090,90,0.8,15.0,5.8,True,True,True,14.044642276332212,0.27257731300778687,,0
P2_S1_P_seed1010,S1,P,"plant@(15.000,5.000)",1,r1.00_a000,0,1.0,16.0,5.0,True,True,True,12.63356733156129,0.2579524060129188,,0
P2_S1_P_seed1010,S1,P,"plant@(15.000,5.000)",1,r0.80_a030,30,0.8,15.69282032302755,5.4,True,True,True,13.005863863951598,0.29018058901419863,,0
P2_S1_P_seed1010,S1,P,"plant@(15.000,5.000)",1,r1.00_a090,90,1.0,15.0,6.0,True,True,True,13.986067819679747,0.28123142299591564,,0
P2_S1_P_seed1010,S1,P,"plant@(15.000,5.000)",1,r0.80_a060,60,0.8,15.4,5.692820323027551,True,True,True,13.673364066425602,0.29019550897646695,,0
P2_S1_P_seed1010,S1,P,"plant@(15.000,5.000)",1,r1.20_a000,0,1.2,16.2,5.0,True,True,True,12.58690145132438,0.25960547899012454,,0
P2_S1_P_seed1010,S1,P,"plant@(15.000,5.000)",1,r1.20_a090,90,1.2,15.0,6.2,True,True,True,14.07340075432115,0.27925492101348937,,0
P2_S1_P_seed1010,S1,P,"plant@(15.000,5.000)",1,r1.00_a030,30,1.0,15.86602540378444,5.5,True,True,True,13.225440788530138,0.26571678699110635,,0
P2_S1_P_seed1010,S1,P,"plant@(15.000,5.000)",1,r1.00_a060,60,1.0,15.5,5.866025403784438,True,True,True,13.757052718078468,0.2818869760085363,,0
P2_S1_P_seed1010,S1,P,"plant@(15.000,5.000)",1,r1.20_a030,30,1.2,16.039230484541328,5.6,True,True,True,13.247537227436482,0.2642592559859622,,0
P2_S1_P_seed1010,S1,P,"plant@(15.000,5.000)",1,r1.20_a060,60,1.2,15.6,6.039230484541326,True,True,True,13.723094992996877,0.2769073780218605,,0
P2_S1_P_seed1010,S1,P,"plant@(15.000,5.000)",1,r1.00_a240,240,1.0,14.5,4.133974596215562,False,True,False,,0.27697534899925813,path_infeasible_under_safety_checks,0
P2_S1_P_seed1010,S1,P,"plant@(15.000,5.000)",1,r1.00_a210,210,1.0,14.13397459621556,4.5,False,True,False,,0.31124697800260037,path_infeasible_under_safety_checks,0
P2_S1_P_seed1010,S1,P,"plant@(15.000,5.000)",1,r0.80_a240,240,0.8,14.6,4.307179676972449,False,True,False,,0.3184929730196018,path_infeasible_under_safety_checks,0
P2_S1_P_seed1010,S1,P,"plant@(15.000,5.000)",1,r0.80_a210,210,0.8,14.30717967697245,4.6,False,True,False,,0.3123408250103239,path_infeasible_under_safety_checks,0
P2_S1_P_seed1010,S1,P,"plant@(15.000,5.000)",1,r1.00_a270,270,1.0,15.0,4.0,False,True,False,,0.30628359600086696,path_infeasible_under_safety_checks,0
P2_S1_P_seed1010,S1,P,"plant@(15.000,5.000)",1,r1.20_a240,240,1.2,14.399999999999999,3.960769515458674,True,True,True,10.996662311021481,0.2821352110186126,,0
P2_S1_P_seed1010,S1,P,"plant@(15.000,5.000)",1,r1.20_a210,210,1.2,13.960769515458674,4.4,True,True,True,11.469457491616257,0.3255998310050927,,0
P2_S1_P_seed1010,S1,P,"plant@(15.000,5.000)",1,r1.20_a270,270,1.2,15.0,3.8,True,True,True,10.941280047218951,0.2902528670092579,,1
P2_S1_P_seed1010,S1,P,"plant@(15.000,5.000)",1,r1.20_a180,180,1.2,13.8,5.0,True,True,True,12.151306036601289,0.2508285540097859,,0
P2_S1_P_seed1010,S1,P,"plant@(15.000,5.000)",1,r1.00_a180,180,1.0,14.0,5.0,True,True,True,12.236692118086978,0.25848520200815983,,0
P2_S1_P_seed1010,S1,P,"plant@(15.000,5.000)",1,r1.20_a300,300,1.2,15.6,3.960769515458674,True,True,True,11.317471324847903,0.2974872150225565,,0
P2_S1_P_seed1010,S1,P,"plant@(15.000,5.000)",1,r1.20_a150,150,1.2,13.960769515458674,5.6,True,True,True,12.775301220244877,0.2787858510273509,,0
P2_S1_P_seed1010,S1,P,"plant@(15.000,5.000)",1,r1.00_a150,150,1.0,14.13397459621556,5.5,True,True,True,12.700708382775517,0.2631645269866567,,0
P2_S1_P_seed1010,S1,P,"plant@(15.000,5.000)",1,r0.80_a150,150,0.8,14.30717967697245,5.4,True,True,True,12.799581287662436,0.25646554899867624,,0
P2_S1_P_seed1010,S1,P,"plant@(15.000,5.000)",1,r0.80_a330,330,0.8,15.69282032302755,4.6,True,True,False,,0.24595396098447964,path_infeasible_under_safety_checks,0
P2_S1_P_seed1010,S1,P,"plant@(15.000,5.000)",1,r1.00_a330,330,1.0,15.866025403784437,4.5,True,True,True,12.046964373429713,0.2519418330048211,,0
P2_S1_P_seed1010,S1,P,"plant@(15.000,5.000)",1,r0.80_a120,120,0.8,14.6,5.692820323027551,True,True,True,13.440232562702263,0.2763909600034822,,0
P2_S1_P_seed1010,S1,P,"plant@(15.000,5.000)",1,r1.20_a330,330,1.2,16.039230484541328,4.3999999999999995,True,True,True,11.927128077098734,0.32093945099040866,,0
P2_S1_P_seed1010,S1,P,"plant@(15.000,5.000)",1,r1.00_a120,120,1.0,14.5,5.866025403784438,True,True,True,13.304183980338767,0.2762991789786611,,0
P2_S1_P_seed1010,S1,P,"plant@(15.000,5.000)",1,r1.20_a120,120,1.2,14.4,6.039230484541326,True,True,True,13.272399959355885,0.270799635007279,,0
P2_S1_P_seed1010,S1,P,"plant@(15.000,5.000)",1,r0.80_a000,0,0.8,15.8,5.0,True,True,True,12.636700692017468,0.266542527009733,,0
P2_S1_P_seed1010,S1,P,"plant@(15.000,5.000)",1,r0.80_a090,90,0.8,15.0,5.8,True,True,True,14.044642276332212,0.2807416940049734,,0
P2_S1_P_seed1010,S1,P,"plant@(15.000,5.000)",1,r1.00_a000,0,1.0,16.0,5.0,True,True,True,12.63356733156129,0.2585732330044266,,0
P2_S1_P_seed1010,S1,P,"plant@(15.000,5.000)",1,r0.80_a030,30,0.8,15.69282032302755,5.4,True,True,True,13.005863863951598,0.2603849789884407,,0
P2_S1_P_seed1010,S1,P,"plant@(15.000,5.000)",1,r1.00_a090,90,1.0,15.0,6.0,True,True,True,13.986067819679747,0.27725309500237927,,0
P2_S1_P_seed1010,S1,P,"plant@(15.000,5.000)",1,r0.80_a060,60,0.8,15.4,5.692820323027551,True,True,True,13.673364066425602,0.3167102570005227,,0
P2_S1_P_seed1010,S1,P,"plant@(15.000,5.000)",1,r1.20_a000,0,1.2,16.2,5.0,True,True,True,12.58690145132438,0.2543417370179668,,0
P2_S1_P_seed1010,S1,P,"plant@(15.000,5.000)",1,r1.20_a090,90,1.2,15.0,6.2,True,True,True,14.07340075432115,0.3021946119843051,,0
P2_S1_P_seed1010,S1,P,"plant@(15.000,5.000)",1,r1.00_a030,30,1.0,15.86602540378444,5.5,True,True,True,13.225440788530138,0.2731048329733312,,0
P2_S1_P_seed1010,S1,P,"plant@(15.000,5.000)",1,r1.00_a060,60,1.0,15.5,5.866025403784438,True,True,True,13.757052718078468,0.27941498201107606,,0
P2_S1_P_seed1010,S1,P,"plant@(15.000,5.000)",1,r1.20_a030,30,1.2,16.039230484541328,5.6,True,True,True,13.247537227436482,0.27109929398284294,,0
P2_S1_P_seed1010,S1,P,"plant@(15.000,5.000)",1,r1.20_a060,60,1.2,15.6,6.039230484541326,True,True,True,13.723094992996877,0.27970035502221435,,0
P2_S1_P_seed1010,S1,P,"plant@(15.000,5.000)",1,r1.00_a240,240,1.0,14.5,4.133974596215562,False,True,False,,0.2975326779996976,path_infeasible_under_safety_checks,0
P2_S1_P_seed1010,S1,P,"plant@(15.000,5.000)",1,r1.00_a210,210,1.0,14.13397459621556,4.5,False,True,False,,0.30876236699987203,path_infeasible_under_safety_checks,0
P2_S1_P_seed1010,S1,P,"plant@(15.000,5.000)",1,r0.80_a240,240,0.8,14.6,4.307179676972449,False,True,False,,0.3032830459997058,path_infeasible_under_safety_checks,0
P2_S1_P_seed1010,S1,P,"plant@(15.000,5.000)",1,r0.80_a210,210,0.8,14.30717967697245,4.6,False,True,False,,0.3231910379836336,path_infeasible_under_safety_checks,0
P2_S1_P_seed1010,S1,P,"plant@(15.000,5.000)",1,r1.00_a270,270,1.0,15.0,4.0,False,True,False,,0.29367885598912835,path_infeasible_under_safety_checks,0
P2_S1_P_seed1010,S1,P,"plant@(15.000,5.000)",1,r1.20_a240,240,1.2,14.399999999999999,3.960769515458674,True,True,True,10.996662311021481,0.28700417999061756,,0
P2_S1_P_seed1010,S1,P,"plant@(15.000,5.000)",1,r1.20_a210,210,1.2,13.960769515458674,4.4,True,True,True,11.469457491616257,0.3058020869793836,,0
P2_S1_P_seed1010,S1,P,"plant@(15.000,5.000)",1,r1.20_a270,270,1.2,15.0,3.8,True,True,True,10.941280047218951,0.295695042994339,,1
P2_S1_P_seed1010,S1,P,"plant@(15.000,5.000)",1,r1.20_a180,180,1.2,13.8,5.0,True,True,True,12.151306036601289,0.2520703520276584,,0
P2_S1_P_seed1010,S1,P,"plant@(15.000,5.000)",1,r1.00_a180,180,1.0,14.0,5.0,True,True,True,12.236692118086978,0.26119631598703563,,0
P2_S1_P_seed1010,S1,P,"plant@(15.000,5.000)",1,r1.20_a300,300,1.2,15.6,3.960769515458674,True,True,True,11.317471324847903,0.3001984930015169,,0
P2_S1_P_seed1010,S1,P,"plant@(15.000,5.000)",1,r1.20_a150,150,1.2,13.960769515458674,5.6,True,True,True,12.775301220244877,0.26294605497969314,,0
P2_S1_P_seed1010,S1,P,"plant@(15.000,5.000)",1,r1.00_a150,150,1.0,14.13397459621556,5.5,True,True,True,12.700708382775517,0.2708070400112774,,0
P2_S1_P_seed1010,S1,P,"plant@(15.000,5.000)",1,r0.80_a150,150,0.8,14.30717967697245,5.4,True,True,True,12.799581287662436,0.2869763509952463,,0
P2_S1_P_seed1010,S1,P,"plant@(15.000,5.000)",1,r0.80_a330,330,0.8,15.69282032302755,4.6,True,True,False,,0.2549788750184234,path_infeasible_under_safety_checks,0
P2_S1_P_seed1010,S1,P,"plant@(15.000,5.000)",1,r1.00_a330,330,1.0,15.866025403784437,4.5,True,True,True,12.046964373429713,0.27207648297189735,,0
P2_S1_P_seed1010,S1,P,"plant@(15.000,5.000)",1,r0.80_a120,120,0.8,14.6,5.692820323027551,True,True,True,13.440232562702263,0.27680916400277056,,0
P2_S1_P_seed1010,S1,P,"plant@(15.000,5.000)",1,r1.20_a330,330,1.2,16.039230484541328,4.3999999999999995,True,True,True,11.927128077098734,0.310031323984731,,0
P2_S1_P_seed1010,S1,P,"plant@(15.000,5.000)",1,r1.00_a120,120,1.0,14.5,5.866025403784438,True,True,True,13.304183980338767,0.2772543450118974,,0
P2_S1_P_seed1010,S1,P,"plant@(15.000,5.000)",1,r1.20_a120,120,1.2,14.4,6.039230484541326,True,True,True,13.272399959355885,0.28215570098836906,,0
P2_S1_P_seed1010,S1,P,"plant@(15.000,5.000)",1,r0.80_a000,0,0.8,15.8,5.0,True,True,True,12.636700692017468,0.2739179990021512,,0
P2_S1_P_seed1010,S1,P,"plant@(15.000,5.000)",1,r0.80_a090,90,0.8,15.0,5.8,True,True,True,14.044642276332212,0.2984659660141915,,0
P2_S1_P_seed1010,S1,P,"plant@(15.000,5.000)",1,r1.00_a000,0,1.0,16.0,5.0,True,True,True,12.63356733156129,0.2679391849960666,,0
P2_S1_P_seed1010,S1,P,"plant@(15.000,5.000)",1,r0.80_a030,30,0.8,15.69282032302755,5.4,True,True,True,13.005863863951598,0.28242813498945907,,0
P2_S1_P_seed1010,S1,P,"plant@(15.000,5.000)",1,r1.00_a090,90,1.0,15.0,6.0,True,True,True,13.910553467610749,0.29104483098490164,,0
P2_S1_P_seed1010,S1,P,"plant@(15.000,5.000)",1,r0.80_a060,60,0.8,15.4,5.692820323027551,True,True,True,13.448570086972467,0.2867477480031084,,0
P2_S1_P_seed1010,S1,P,"plant@(15.000,5.000)",1,r1.20_a000,0,1.2,16.2,5.0,True,True,True,12.475078407033628,0.3125726129801478,,0
P2_S1_P_seed1010,S1,P,"plant@(15.000,5.000)",1,r1.20_a090,90,1.2,15.0,6.2,True,True,True,14.02076719249076,0.3040161709941458,,0
P2_S1_P_seed1010,S1,P,"plant@(15.000,5.000)",1,r1.00_a030,30,1.0,15.86602540378444,5.5,True,True,True,13.03412675222562,0.2775073110242374,,0
P2_S1_P_seed1010,S1,P,"plant@(15.000,5.000)",1,r1.00_a060,60,1.0,15.5,5.866025403784438,True,True,True,13.496447729083005,0.28745733699179254,,0
P2_S1_P_seed1010,S1,P,"plant@(15.000,5.000)",1,r1.20_a030,30,1.2,16.039230484541328,5.6,True,True,True,13.15060416546963,0.2799185730109457,,0
P2_S1_P_seed1010,S1,P,"plant@(15.000,5.000)",1,r1.20_a060,60,1.2,15.6,6.039230484541326,True,True,True,13.644371460735073,0.2708747750148177,,0
P2_S1_P_seed1010,S1,P,"plant@(15.000,5.000)",1,r1.00_a240,240,1.0,14.5,4.133974596215562,False,True,False,,0.31283425699803047,path_infeasible_under_safety_checks,0
P2_S1_P_seed1010,S1,P,"plant@(15.000,5.000)",1,r1.00_a210,210,1.0,14.13397459621556,4.5,False,True,False,,0.2958142709976528,path_infeasible_under_safety_checks,0
P2_S1_P_seed1010,S1,P,"plant@(15.000,5.000)",1,r0.80_a240,240,0.8,14.6,4.307179676972449,False,True,False,,0.3041394589818083,path_infeasible_under_safety_checks,0
P2_S1_P_seed1010,S1,P,"plant@(15.000,5.000)",1,r0.80_a210,210,0.8,14.30717967697245,4.6,False,True,False,,0.3193457899906207,path_infeasible_under_safety_checks,0
P2_S1_P_seed1010,S1,P,"plant@(15.000,5.000)",1,r1.00_a270,270,1.0,15.0,4.0,False,True,False,,0.3548339419940021,path_infeasible_under_safety_checks,0
P2_S2_B2_seed1001,S2,B2,"plant@(2.000,3.000)",1,single_r1.00_a180,180,1.0,1.0,3.0,True,True,True,3.169875174869212,0.20464028001879342,,1
P2_S2_B2_seed1001,S2,B2,"plant@(-6.000,4.500)",1,single_r1.00_a180,180,1.0,-7.0,4.5,True,True,True,10.430294973207115,0.25605173999792896,,1
P2_S2_B2_seed1001,S2,B2,"plant@(12.000,2.000)",1,single_r1.00_a180,180,1.0,11.0,2.0,False,True,False,,0.29082471699803136,nav2_planner_no_path,0
P2_S2_B2_seed1002,S2,B2,"plant@(2.000,3.000)",1,single_r1.00_a180,180,1.0,1.0,3.0,True,True,True,3.169875174869212,0.2136299560079351,,1
P2_S2_B2_seed1002,S2,B2,"plant@(-6.000,4.500)",1,single_r1.00_a180,180,1.0,-7.0,4.5,True,True,True,10.430294973207115,0.26174159700167365,,1
P2_S2_B2_seed1002,S2,B2,"plant@(12.000,2.000)",1,single_r1.00_a180,180,1.0,11.0,2.0,False,True,False,,0.1247538129973691,nav2_planner_no_path,0
P2_S2_B2_seed1003,S2,B2,"plant@(2.000,3.000)",1,single_r1.00_a180,180,1.0,1.0,3.0,True,True,True,3.169875174869212,0.21033999900100753,,1
P2_S2_B2_seed1003,S2,B2,"plant@(-6.000,4.500)",1,single_r1.00_a180,180,1.0,-7.0,4.5,True,True,True,10.400053402858715,0.27983745897654444,,1
P2_S2_B2_seed1003,S2,B2,"plant@(12.000,2.000)",1,single_r1.00_a180,180,1.0,11.0,2.0,False,True,False,,0.12746211601188406,nav2_planner_no_path,0
P2_S2_B2_seed1004,S2,B2,"plant@(2.000,3.000)",1,single_r1.00_a180,180,1.0,1.0,3.0,True,True,True,3.169875174869212,0.2142853080003988,,1
P2_S2_B2_seed1004,S2,B2,"plant@(-6.000,4.500)",1,single_r1.00_a180,180,1.0,-7.0,4.5,True,True,True,10.488666469904006,0.2599427239911165,,1
P2_S2_B2_seed1004,S2,B2,"plant@(12.000,2.000)",1,single_r1.00_a180,180,1.0,11.0,2.0,False,True,False,,0.11996978498063982,nav2_planner_no_path,0
P2_S2_B2_seed1005,S2,B2,"plant@(2.000,3.000)",1,single_r1.00_a180,180,1.0,1.0,3.0,True,True,True,3.169875174869212,0.19668351899599656,,1
P2_S2_B2_seed1005,S2,B2,"plant@(-6.000,4.500)",1,single_r1.00_a180,180,1.0,-7.0,4.5,True,True,True,10.430294973207115,0.2460203509835992,,1
P2_S2_B2_seed1005,S2,B2,"plant@(12.000,2.000)",1,single_r1.00_a180,180,1.0,11.0,2.0,False,True,False,,0.28073343899450265,nav2_planner_no_path,0
P2_S2_B2_seed1006,S2,B2,"plant@(2.000,3.000)",1,single_r1.00_a180,180,1.0,1.0,3.0,True,True,True,3.169875174869212,0.21387504300219007,,1
P2_S2_B2_seed1006,S2,B2,"plant@(-6.000,4.500)",1,single_r1.00_a180,180,1.0,-7.0,4.5,True,True,True,10.430294973207115,0.32533991301897913,,1
P2_S2_B2_seed1006,S2,B2,"plant@(12.000,2.000)",1,single_r1.00_a180,180,1.0,11.0,2.0,False,True,False,,0.12824432001798414,nav2_planner_no_path,0
P2_S2_B2_seed1007,S2,B2,"plant@(2.000,3.000)",1,single_r1.00_a180,180,1.0,1.0,3.0,True,True,True,3.169875174869212,0.2153261189814657,,1
P2_S2_B2_seed1007,S2,B2,"plant@(-6.000,4.500)",1,single_r1.00_a180,180,1.0,-7.0,4.5,True,True,True,10.430294973207115,0.25195455801440403,,1
P2_S2_B2_seed1007,S2,B2,"plant@(12.000,2.000)",1,single_r1.00_a180,180,1.0,11.0,2.0,False,True,False,,0.09757198198349215,nav2_planner_no_path,0
P2_S2_B2_seed1008,S2,B2,"plant@(2.000,3.000)",1,single_r1.00_a180,180,1.0,1.0,3.0,True,True,True,3.169875174869212,0.20490080199670047,,1
P2_S2_B2_seed1008,S2,B2,"plant@(-6.000,4.500)",1,single_r1.00_a180,180,1.0,-7.0,4.5,True,True,True,10.430294973207115,0.26381396999931894,,1
P2_S2_B2_seed1008,S2,B2,"plant@(12.000,2.000)",1,single_r1.00_a180,180,1.0,11.0,2.0,False,True,False,,0.11678032198688015,nav2_planner_no_path,0
P2_S2_B2_seed1009,S2,B2,"plant@(2.000,3.000)",1,single_r1.00_a180,180,1.0,1.0,3.0,True,True,True,3.169875174869212,0.2059324960282538,,1
P2_S2_B2_seed1009,S2,B2,"plant@(-6.000,4.500)",1,single_r1.00_a180,180,1.0,-7.0,4.5,True,True,True,10.430294973207115,0.25864494100096636,,1
P2_S2_B2_seed1009,S2,B2,"plant@(12.000,2.000)",1,single_r1.00_a180,180,1.0,11.0,2.0,False,True,False,,0.12178447999758646,nav2_planner_no_path,0
P2_S2_B2_seed1010,S2,B2,"plant@(2.000,3.000)",1,single_r1.00_a180,180,1.0,1.0,3.0,True,True,True,3.169875174869212,0.2121421689807903,,1
P2_S2_B2_seed1010,S2,B2,"plant@(-6.000,4.500)",1,single_r1.00_a180,180,1.0,-7.0,4.5,True,True,True,10.488666469904006,0.2577281590201892,,1
P2_S2_B2_seed1010,S2,B2,"plant@(12.000,2.000)",1,single_r1.00_a180,180,1.0,11.0,2.0,False,True,False,,0.13221586198778823,nav2_planner_no_path,0
P2_S2_B3_seed1001,S2,B3,"plant@(2.000,3.000)",1,r1.20_a240,240,1.2,1.3999999999999995,1.960769515458674,True,True,True,2.4021980321074725,0.1595261830079835,,1
P2_S2_B3_seed1001,S2,B3,"plant@(2.000,3.000)",1,r1.20_a210,210,1.2,0.9607695154586737,2.4,True,True,True,2.5982584977119902,0.18490630699670874,,0
P2_S2_B3_seed1001,S2,B3,"plant@(2.000,3.000)",1,r1.00_a240,240,1.0,1.4999999999999996,2.1339745962155616,True,True,True,2.602031634036085,0.17345466901315376,,0
P2_S2_B3_seed1001,S2,B3,"plant@(2.000,3.000)",1,r1.20_a270,270,1.2,1.9999999999999998,1.8,True,True,True,2.6786582306225384,0.17804729999625124,,0
P2_S2_B3_seed1001,S2,B3,"plant@(2.000,3.000)",1,r1.00_a210,210,1.0,1.1339745962155614,2.5,True,True,True,2.74531223429477,0.1781762299942784,,0
P2_S2_B3_seed1001,S2,B3,"plant@(2.000,3.000)",1,r0.80_a240,240,0.8,1.5999999999999996,2.3071796769724493,True,True,True,2.803764317979718,0.17875144802383147,,0
P2_S2_B3_seed1001,S2,B3,"plant@(2.000,3.000)",1,r1.00_a270,270,1.0,1.9999999999999998,2.0,True,True,True,2.816025931651265,0.17255751002812758,,0
P2_S2_B3_seed1001,S2,B3,"plant@(2.000,3.000)",1,r0.80_a210,210,0.8,1.307179676972449,2.5999999999999996,True,True,True,2.9198346466490075,0.19265028499648906,,0
P2_S2_B3_seed1001,S2,B3,"plant@(2.000,3.000)",1,r0.80_a270,270,0.8,1.9999999999999998,2.2,True,True,True,2.96247563771313,0.19430871002259664,,0
P2_S2_B3_seed1001,S2,B3,"plant@(2.000,3.000)",1,r1.20_a180,180,1.2,0.8,3.0,True,True,True,3.1847430226150277,0.20957975700730458,,0
P2_S2_B3_seed1001,S2,B3,"plant@(2.000,3.000)",1,r1.00_a180,180,1.0,1.0,3.0,True,True,True,3.169875174869212,0.207317034015432,,0
P2_S2_B3_seed1001,S2,B3,"plant@(2.000,3.000)",1,r0.80_a180,180,0.8,1.2,3.0,True,True,True,3.2416304739555724,0.21675886798766442,,0
P2_S2_B3_seed1001,S2,B3,"plant@(2.000,3.000)",1,r1.20_a300,300,1.2,2.6,1.9607695154586737,True,True,True,3.2493641108315225,0.21972207899671048,,0
P2_S2_B3_seed1001,S2,B3,"plant@(2.000,3.000)",1,r1.00_a300,300,1.0,2.5,2.1339745962155616,True,True,True,3.2803082874835803,0.22314573198673315,,0
P2_S2_B3_seed1001,S2,B3,"plant@(2.000,3.000)",1,r0.80_a300,300,0.8,2.4000000000000004,2.3071796769724493,True,True,True,3.3238474265494395,0.22634669099352323,,0
P2_S2_B3_seed1001,S2,B3,"plant@(2.000,3.000)",1,r0.80_a150,150,0.8,1.3071796769724489,3.4,True,True,True,3.697423411089156,0.24234472299576737,,0
P2_S2_B3_seed1001,S2,B3,"plant@(2.000,3.000)",1,r1.00_a150,150,1.0,1.1339745962155612,3.5,True,True,True,3.688042177210573,0.26062254601856694,,0
P2_S2_B3_seed1001,S2,B3,"plant@(2.000,3.000)",1,r1.20_a150,150,1.2,0.9607695154586735,3.5999999999999996,True,True,True,3.7664397493190878,0.2715123129892163,,0
P2_S2_B3_seed1001,S2,B3,"plant@(2.000,3.000)",1,r0.80_a330,330,0.8,2.6928203230275507,2.5999999999999996,True,True,True,3.7670170039224296,0.26553770498139784,,0
P2_S2_B3_seed1001,S2,B3,"plant@(2.000,3.000)",1,r1.00_a330,330,1.0,2.8660254037844384,2.4999999999999996,True,True,True,3.8177101866375125,0.26555542400456034,,0
P2_S2_B3_seed1001,S2,B3,"plant@(2.000,3.000)",1,r1.20_a330,330,1.2,3.039230484541326,2.3999999999999995,True,True,True,3.862814351084195,0.26173773099435493,,0
P2_S2_B3_seed1001,S2,B3,"plant@(2.000,3.000)",1,r0.80_a000,0,0.8,2.8,3.0,True,True,True,4.198710423429075,0.2689430329774041,,0
P2_S2_B3_seed1001,S2,B3,"plant@(2.000,3.000)",1,r1.00_a120,120,1.0,1.5000000000000002,3.866025403784439,True,True,True,4.349087003878647,0.2943094220245257,,0
P2_S2_B3_seed1001,S2,B3,"plant@(2.000,3.000)",1,r1.00_a000,0,1.0,3.0,3.0,True,True,True,4.262439227569819,0.28564885299419984,,0
P2_S2_B3_seed1001,S2,B3,"plant@(2.000,3.000)",1,r1.20_a120,120,1.2,1.4000000000000004,4.039230484541326,True,True,True,4.307100999716338,0.2938608550175559,,0
P2_S2_B3_seed1001,S2,B3,"plant@(2.000,3.000)",1,r0.80_a030,30,0.8,2.692820323027551,3.4,True,True,True,4.6843439254528665,0.3094304359983653,,0
P2_S2_B3_seed1001,S2,B3,"plant@(2.000,3.000)",1,r1.20_a000,0,1.2,3.2,3.0,True,True,True,4.391661197065614,0.2968161710014101,,0
P2_S2_B3_seed1001,S2,B3,"plant@(2.000,3.000)",1,r1.00_a090,90,1.0,2.0,4.0,True,True,True,4.93275588851247,0.3433425929979421,,0
P2_S2_B3_seed1001,S2,B3,"plant@(2.000,3.000)",1,r1.00_a030,30,1.0,2.866025403784439,3.5,True,True,True,4.733839035284139,0.3171155219897628,,0
P2_S2_B3_seed1001,S2,B3,"plant@(2.000,3.000)",1,r1.00_a060,60,1.0,2.5,3.8660254037844384,True,True,True,5.290531886297779,0.3544036390085239,,0
P2_S2_B3_seed1001,S2,B3,"plant@(2.000,3.000)",1,r1.20_a090,90,1.2,2.0,4.2,True,True,True,4.937109901060667,0.3529036869877018,,0
P2_S2_B3_seed1001,S2,B3,"plant@(2.000,3.000)",1,r1.20_a030,30,1.2,3.0392304845413265,3.5999999999999996,True,True,True,4.865006267629385,0.3297611200250685,,0
P2_S2_B3_seed1001,S2,B3,"plant@(-6.000,4.500)",1,r1.20_a330,330,1.2,-4.960769515458674,3.8999999999999995,True,True,True,7.7786912897878375,0.28016186601598747,,0
P2_S2_B3_seed1001,S2,B3,"plant@(-6.000,4.500)",1,r1.20_a000,0,1.2,-4.8,4.5,True,True,True,7.499035933053501,0.2666291479836218,,1
P2_S2_B3_seed1001,S2,B3,"plant@(-6.000,4.500)",1,r1.00_a330,330,1.0,-5.133974596215562,3.9999999999999996,True,True,True,7.967371928005717,0.2594005230057519,,0
P2_S2_B3_seed1001,S2,B3,"plant@(-6.000,4.500)",1,r1.00_a000,0,1.0,-5.0,4.5,True,True,True,7.741200009825955,0.25746491499012336,,0
P2_S2_B3_seed1001,S2,B3,"plant@(-6.000,4.500)",1,r1.20_a300,300,1.2,-5.4,3.460769515458674,True,True,False,,0.2538864789821673,path_infeasible_under_safety_checks,0
P2_S2_B3_seed1001,S2,B3,"plant@(-6.000,4.500)",1,r0.80_a330,330,0.8,-5.307179676972449,4.1,True,True,True,8.02283584172472,0.27842299998155795,,0
P2_S2_B3_seed1001,S2,B3,"plant@(-6.000,4.500)",1,r0.80_a000,0,0.8,-5.2,4.5,True,True,True,7.861927088163996,0.2820243630267214,,0
P2_S2_B3_seed1001,S2,B3,"plant@(-6.000,4.500)",1,r1.20_a030,30,1.2,-4.960769515458674,5.1,True,True,True,7.759571422100919,0.27432787499856204,,0
P2_S2_B3_seed1001,S2,B3,"plant@(-6.000,4.500)",1,r1.00_a030,30,1.0,-5.133974596215562,5.0,True,True,True,8.139981453404344,0.2605947350093629,,0
P2_S2_B3_seed1001,S2,B3,"plant@(-6.000,4.500)",1,r0.80_a030,30,0.8,-5.307179676972449,4.9,True,True,True,8.01229575904147,0.2821133090183139,,0
P2_S2_B3_seed1001,S2,B3,"plant@(-6.000,4.500)",1,r1.20_a060,60,1.2,-5.4,5.539230484541326,True,True,True,8.319400296132509,0.3177028659847565,,0
P2_S2_B3_seed1001,S2,B3,"plant@(-6.000,4.500)",1,r1.20_a240,240,1.2,-6.6000000000000005,3.460769515458674,True,True,False,,0.18602415901841596,path_infeasible_under_safety_checks,0
P2_S2_B3_seed1001,S2,B3,"plant@(-6.000,4.500)",1,r0.80_a210,210,0.8,-6.692820323027551,4.1,True,True,True,11.552453930606083,0.2809419959958177,,0
P2_S2_B3_seed1001,S2,B3,"plant@(-6.000,4.500)",1,r1.00_a210,210,1.0,-6.866025403784438,4.0,True,True,False,,0.1733511210186407,path_infeasible_under_safety_checks,0
P2_S2_B3_seed1001,S2,B3,"plant@(-6.000,4.500)",1,r0.80_a180,180,0.8,-6.8,4.5,True,True,True,11.102618502045415,0.2716585570015013,,0
P2_S2_B3_seed1001,S2,B3,"plant@(-6.000,4.500)",1,r1.00_a120,120,1.0,-6.5,5.366025403784438,True,True,False,,0.24647850697510876,path_infeasible_under_safety_checks,0
P2_S2_B3_seed1001,S2,B3,"plant@(-6.000,4.500)",1,r0.80_a150,150,0.8,-6.692820323027551,4.9,True,True,True,10.890294239830432,0.27287187802721746,,0
P2_S2_B3_seed1001,S2,B3,"plant@(-6.000,4.500)",1,r1.20_a210,210,1.2,-7.039230484541326,3.9,True,True,False,,0.17260371599695645,path_infeasible_under_safety_checks,0
P2_S2_B3_seed1001,S2,B3,"plant@(-6.000,4.500)",1,r1.20_a120,120,1.2,-6.6,5.539230484541326,True,True,True,10.062821719333614,0.24810298698139377,,0
P2_S2_B3_seed1001,S2,B3,"plant@(-6.000,4.500)",1,r1.00_a180,180,1.0,-7.0,4.5,True,True,True,11.126937983582863,0.2827282720245421,,0
P2_S2_B3_seed1001,S2,B3,"plant@(-6.000,4.500)",1,r1.00_a150,150,1.0,-6.866025403784438,5.0,True,True,True,10.7201005553924,0.25764704000903293,,0
P2_S2_B3_seed1001,S2,B3,"plant@(-6.000,4.500)",1,r1.20_a180,180,1.2,-7.2,4.5,True,True,True,11.157454019179196,0.2629099299956579,,0
P2_S2_B3_seed1001,S2,B3,"plant@(-6.000,4.500)",1,r1.20_a150,150,1.2,-7.039230484541326,5.1,True,True,True,10.547550618129515,0.2618441630038433,,0
P2_S2_B3_seed1001,S2,B3,"plant@(-6.000,4.500)",1,r1.00_a300,300,1.0,-5.5,3.6339745962155616,False,True,False,,0.2654255540110171,path_infeasible_under_safety_checks,0
P2_S2_B3_seed1001,S2,B3,"plant@(-6.000,4.500)",1,r0.80_a300,300,0.8,-5.6,3.8071796769724493,False,True,False,,0.29293202300323173,path_infeasible_under_safety_checks,0
P2_S2_B3_seed1001,S2,B3,"plant@(-6.000,4.500)",1,r1.20_a270,270,1.2,-6.0,3.3,False,True,False,,0.25704026498715393,path_infeasible_under_safety_checks,0
P2_S2_B3_seed1001,S2,B3,"plant@(-6.000,4.500)",1,r1.00_a270,270,1.0,-6.0,3.5,False,True,False,,0.3744650000007823,path_infeasible_under_safety_checks,0
P2_S2_B3_seed1001,S2,B3,"plant@(-6.000,4.500)",1,r0.80_a270,270,0.8,-6.0,3.7,False,True,False,,0.3987232070066966,path_infeasible_under_safety_checks,0
P2_S2_B3_seed1001,S2,B3,"plant@(-6.000,4.500)",1,r1.00_a060,60,1.0,-5.5,5.366025403784438,False,True,False,,0.2905337660049554,path_infeasible_under_safety_checks,0
P2_S2_B3_seed1001,S2,B3,"plant@(-6.000,4.500)",1,r0.80_a060,60,0.8,-5.6,5.192820323027551,False,True,False,,0.29693995299749076,path_infeasible_under_safety_checks,0
P2_S2_B3_seed1001,S2,B3,"plant@(-6.000,4.500)",1,r0.80_a240,240,0.8,-6.4,3.8071796769724493,False,True,False,,0.2124312829982955,path_infeasible_under_safety_checks,0
P2_S2_B3_seed1001,S2,B3,"plant@(-6.000,4.500)",1,r1.00_a240,240,1.0,-6.5,3.6339745962155616,False,True,False,,0.20776807199581526,path_infeasible_under_safety_checks,0
P2_S2_B3_seed1001,S2,B3,"plant@(12.000,2.000)",1,r1.20_a240,240,1.2,11.399999999999999,0.960769515458674,True,True,True,21.39344052248827,0.28721735600265674,,0
P2_S2_B3_seed1001,S2,B3,"plant@(12.000,2.000)",1,r1.20_a090,90,1.2,12.0,3.2,True,True,True,21.176096838124987,0.2788418849813752,,1
P2_S2_B3_seed1001,S2,B3,"plant@(12.000,2.000)",1,r0.80_a060,60,0.8,12.4,2.6928203230275507,True,True,True,21.651930906635023,0.28910533600719646,,0
P2_S2_B3_seed1001,S2,B3,"plant@(12.000,2.000)",1,r1.00_a060,60,1.0,12.5,2.8660254037844384,True,True,True,21.529188700252114,0.3879313970101066,,0
P2_S2_B3_seed1001,S2,B3,"plant@(12.000,2.000)",1,r1.20_a060,60,1.2,12.6,3.039230484541326,True,True,True,21.374406991039727,0.2685556969954632,,0
P2_S2_B3_seed1001,S2,B3,"plant@(12.000,2.000)",1,r0.80_a030,30,0.8,12.69282032302755,2.4,True,True,True,22.066951004142055,0.28157488998840563,,0
P2_S2_B3_seed1001,S2,B3,"plant@(12.000,2.000)",1,r0.80_a330,330,0.8,12.69282032302755,1.5999999999999996,True,True,True,22.896015266855862,0.29553842497989535,,0
P2_S2_B3_seed1001,S2,B3,"plant@(12.000,2.000)",1,r1.00_a030,30,1.0,12.86602540378444,2.5,True,True,True,21.956892363668814,0.2942717330006417,,0
P2_S2_B3_seed1001,S2,B3,"plant@(12.000,2.000)",1,r0.80_a000,0,0.8,12.8,2.0,True,True,True,22.475107819265766,0.2806781219842378,,0
P2_S2_B3_seed1001,S2,B3,"plant@(12.000,2.000)",1,r1.00_a330,330,1.0,12.866025403784437,1.4999999999999996,True,True,True,22.975259679426596,0.3004635939723812,,0
P2_S2_B3_seed1001,S2,B3,"plant@(12.000,2.000)",1,r1.20_a030,30,1.2,13.039230484541326,2.5999999999999996,True,True,True,21.96160434008245,0.28827386000193655,,0
P2_S2_B3_seed1001,S2,B3,"plant@(12.000,2.000)",1,r1.00_a000,0,1.0,13.0,2.0,True,True,True,22.4849649759627,0.2907501889858395,,0
P2_S2_B3_seed1001,S2,B3,"plant@(12.000,2.000)",1,r1.20_a330,330,1.2,13.039230484541326,1.3999999999999995,True,True,True,23.115690358501162,0.30416402901755646,,0
P2_S2_B3_seed1001,S2,B3,"plant@(12.000,2.000)",1,r1.20_a000,0,1.2,13.2,2.0,True,True,True,22.583623587876286,0.28627465199679136,,0
P2_S2_B3_seed1001,S2,B3,"plant@(12.000,2.000)",1,r1.20_a180,180,1.2,10.8,2.0,False,True,False,,0.3011645590013359,path_infeasible_under_safety_checks,0
P2_S2_B3_seed1001,S2,B3,"plant@(12.000,2.000)",1,r1.20_a150,150,1.2,10.960769515458674,2.5999999999999996,False,True,False,,0.2684534619911574,path_infeasible_under_safety_checks,0
P2_S2_B3_seed1001,S2,B3,"plant@(12.000,2.000)",1,r1.00_a180,180,1.0,11.0,2.0,False,True,False,,0.31315626300056465,path_infeasible_under_safety_checks,0
P2_S2_B3_seed1001,S2,B3,"plant@(12.000,2.000)",1,r1.00_a150,150,1.0,11.13397459621556,2.5,False,True,False,,0.30560195399448276,path_infeasible_under_safety_checks,0
P2_S2_B3_seed1001,S2,B3,"plant@(12.000,2.000)",1,r1.20_a210,210,1.2,10.960769515458674,1.4,False,True,False,,0.280623454018496,path_infeasible_under_safety_checks,0
P2_S2_B3_seed1001,S2,B3,"plant@(12.000,2.000)",1,r0.80_a180,180,0.8,11.2,2.0,False,True,False,,0.2861848140018992,path_infeasible_under_safety_checks,0
P2_S2_B3_seed1001,S2,B3,"plant@(12.000,2.000)",1,r1.00_a210,210,1.0,11.13397459621556,1.5,False,True,False,,0.29655769700184464,path_infeasible_under_safety_checks,0
P2_S2_B3_seed1001,S2,B3,"plant@(12.000,2.000)",1,r0.80_a150,150,0.8,11.30717967697245,2.4,False,True,False,,0.28340018598828465,path_infeasible_under_safety_checks,0
P2_S2_B3_seed1001,S2,B3,"plant@(12.000,2.000)",1,r1.20_a120,120,1.2,11.4,3.0392304845413265,False,True,False,,0.2814532789925579,path_infeasible_under_safety_checks,0
P2_S2_B3_seed1001,S2,B3,"plant@(12.000,2.000)",1,r0.80_a210,210,0.8,11.30717967697245,1.5999999999999999,False,True,False,,0.29322910599876195,path_infeasible_under_safety_checks,0
P2_S2_B3_seed1001,S2,B3,"plant@(12.000,2.000)",1,r1.00_a120,120,1.0,11.5,2.866025403784439,False,True,False,,0.29950818201177754,path_infeasible_under_safety_checks,0
P2_S2_B3_seed1001,S2,B3,"plant@(12.000,2.000)",1,r0.80_a120,120,0.8,11.6,2.692820323027551,False,True,False,,0.28651417899527587,path_infeasible_under_safety_checks,0
P2_S2_B3_seed1001,S2,B3,"plant@(12.000,2.000)",1,r1.00_a240,240,1.0,11.5,1.1339745962155616,False,True,False,,0.2719011149893049,path_infeasible_under_safety_checks,0
P2_S2_B3_seed1001,S2,B3,"plant@(12.000,2.000)",1,r0.80_a240,240,0.8,11.6,1.3071796769724493,False,True,False,,0.2966481209732592,path_infeasible_under_safety_checks,0
P2_S2_B3_seed1001,S2,B3,"plant@(12.000,2.000)",1,r1.00_a090,90,1.0,12.0,3.0,False,True,False,,0.28393325599608943,path_infeasible_under_safety_checks,0
P2_S2_B3_seed1001,S2,B3,"plant@(12.000,2.000)",1,r0.80_a090,90,0.8,12.0,2.8,False,True,False,,0.2668264900275972,path_infeasible_under_safety_checks,0
P2_S2_B3_seed1001,S2,B3,"plant@(12.000,2.000)",1,r0.80_a270,270,0.8,12.0,1.2,False,True,False,,0.33883453099406324,path_infeasible_under_safety_checks,0
P2_S2_B3_seed1001,S2,B3,"plant@(12.000,2.000)",1,r1.00_a270,270,1.0,12.0,1.0,False,True,False,,0.30110330099705607,path_infeasible_under_safety_checks,0
P2_S2_B3_seed1002,S2,B3,"plant@(2.000,3.000)",1,r1.20_a240,240,1.2,1.3999999999999995,1.960769515458674,True,True,True,2.4021980321074725,0.16767420101678,,1
P2_S2_B3_seed1002,S2,B3,"plant@(2.000,3.000)",1,r1.20_a210,210,1.2,0.9607695154586737,2.4,True,True,True,2.5982584977119902,0.18612826699973084,,0
P2_S2_B3_seed1002,S2,B3,"plant@(2.000,3.000)",1,r1.00_a240,240,1.0,1.4999999999999996,2.1339745962155616,True,True,True,2.602031634036085,0.16627323199645616,,0
P2_S2_B3_seed1002,S2,B3,"plant@(2.000,3.000)",1,r1.20_a270,270,1.2,1.9999999999999998,1.8,True,True,True,2.6786582306225384,0.17745553099666722,,0
P2_S2_B3_seed1002,S2,B3,"plant@(2.000,3.000)",1,r1.00_a210,210,1.0,1.1339745962155614,2.5,True,True,True,2.74531223429477,0.1838868719933089,,0
P2_S2_B3_seed1002,S2,B3,"plant@(2.000,3.000)",1,r0.80_a240,240,0.8,1.5999999999999996,2.3071796769724493,True,True,True,2.803764317979718,0.19474229798652232,,0
P2_S2_B3_seed1002,S2,B3,"plant@(2.000,3.000)",1,r1.00_a270,270,1.0,1.9999999999999998,2.0,True,True,True,2.816025931651265,0.18716483798925765,,0
P2_S2_B3_seed1002,S2,B3,"plant@(2.000,3.000)",1,r0.80_a210,210,0.8,1.307179676972449,2.5999999999999996,True,True,True,2.9198346466490075,0.18409637999138795,,0
P2_S2_B3_seed1002,S2,B3,"plant@(2.000,3.000)",1,r0.80_a270,270,0.8,1.9999999999999998,2.2,True,True,True,2.96247563771313,0.19124427498900332,,0
P2_S2_B3_seed1002,S2,B3,"plant@(2.000,3.000)",1,r1.20_a180,180,1.2,0.8,3.0,True,True,True,3.1847430226150277,0.20294483099132776,,0
P2_S2_B3_seed1002,S2,B3,"plant@(2.000,3.000)",1,r1.00_a180,180,1.0,1.0,3.0,True,True,True,3.169875174869212,0.20607116899918765,,0
P2_S2_B3_seed1002,S2,B3,"plant@(2.000,3.000)",1,r0.80_a180,180,0.8,1.2,3.0,True,True,True,3.2416304739555724,0.20362961300997995,,0
P2_S2_B3_seed1002,S2,B3,"plant@(2.000,3.000)",1,r1.20_a300,300,1.2,2.6,1.9607695154586737,True,True,True,3.2493641108315225,0.20249898699694313,,0
P2_S2_B3_seed1002,S2,B3,"plant@(2.000,3.000)",1,r1.00_a300,300,1.0,2.5,2.1339745962155616,True,True,True,3.2803082874835803,0.20219307800289243,,0
P2_S2_B3_seed1002,S2,B3,"plant@(2.000,3.000)",1,r0.80_a300,300,0.8,2.4000000000000004,2.3071796769724493,True,True,True,3.3238474265494395,0.2069033150037285,,0
P2_S2_B3_seed1002,S2,B3,"plant@(2.000,3.000)",1,r0.80_a150,150,0.8,1.3071796769724489,3.4,True,True,True,3.697423411089156,0.23756984001374803,,0
P2_S2_B3_seed1002,S2,B3,"plant@(2.000,3.000)",1,r1.00_a150,150,1.0,1.1339745962155612,3.5,True,True,True,3.688042177210573,0.24563392499112524,,0
P2_S2_B3_seed1002,S2,B3,"plant@(2.000,3.000)",1,r1.20_a150,150,1.2,0.9607695154586735,3.5999999999999996,True,True,True,3.7664397493190878,0.27509923800243996,,0
P2_S2_B3_seed1002,S2,B3,"plant@(2.000,3.000)",1,r0.80_a330,330,0.8,2.6928203230275507,2.5999999999999996,True,True,True,3.7670170039224296,0.24664221398415975,,0
P2_S2_B3_seed1002,S2,B3,"plant@(2.000,3.000)",1,r1.00_a330,330,1.0,2.8660254037844384,2.4999999999999996,True,True,True,3.8177101866375125,0.25041921899537556,,0
P2_S2_B3_seed1002,S2,B3,"plant@(2.000,3.000)",1,r1.20_a330,330,1.2,3.039230484541326,2.3999999999999995,True,True,True,3.862814351084195,0.25222015799954534,,0
P2_S2_B3_seed1002,S2,B3,"plant@(2.000,3.000)",1,r0.80_a000,0,0.8,2.8,3.0,True,True,True,4.198710423429075,0.26703427999746054,,0
P2_S2_B3_seed1002,S2,B3,"plant@(2.000,3.000)",1,r1.00_a120,120,1.0,1.5000000000000002,3.866025403784439,True,True,True,4.349087003878647,0.281679890002124,,0
P2_S2_B3_seed1002,S2,B3,"plant@(2.000,3.000)",1,r1.00_a000,0,1.0,3.0,3.0,True,True,True,4.262439227569819,0.2745692339958623,,0
P2_S2_B3_seed1002,S2,B3,"plant@(2.000,3.000)",1,r1.20_a120,120,1.2,1.4000000000000004,4.039230484541326,True,True,True,4.307100999716338,0.2852897900156677,,0
P2_S2_B3_seed1002,S2,B3,"plant@(2.000,3.000)",1,r0.80_a030,30,0.8,2.692820323027551,3.4,True,True,True,4.6843439254528665,0.295187971991254,,0
P2_S2_B3_seed1002,S2,B3,"plant@(2.000,3.000)",1,r1.20_a000,0,1.2,3.2,3.0,True,True,True,4.391661197065614,0.2850977029884234,,0
P2_S2_B3_seed1002,S2,B3,"plant@(2.000,3.000)",1,r1.00_a090,90,1.0,2.0,4.0,True,True,True,4.93275588851247,0.30760147198452614,,0
P2_S2_B3_seed1002,S2,B3,"plant@(2.000,3.000)",1,r1.00_a030,30,1.0,2.866025403784439,3.5,True,True,True,4.733839035284139,0.3024485470086802,,0
P2_S2_B3_seed1002,S2,B3,"plant@(2.000,3.000)",1,r1.00_a060,60,1.0,2.5,3.8660254037844384,True,True,True,5.290531886297779,0.34331815800396726,,0
P2_S2_B3_seed1002,S2,B3,"plant@(2.000,3.000)",1,r1.20_a090,90,1.2,2.0,4.2,True,True,True,4.937109901060667,0.31365600699791685,,0
P2_S2_B3_seed1002,S2,B3,"plant@(2.000,3.000)",1,r1.20_a030,30,1.2,3.0392304845413265,3.5999999999999996,True,True,True,4.865006267629385,0.330870153993601,,0
P2_S2_B3_seed1002,S2,B3,"plant@(-6.000,4.500)",1,r1.20_a330,330,1.2,-4.960769515458674,3.8999999999999995,True,True,True,7.7786912897878375,0.27271300498978235,,0
P2_S2_B3_seed1002,S2,B3,"plant@(-6.000,4.500)",1,r1.20_a000,0,1.2,-4.8,4.5,True,True,True,7.499035933053501,0.2661124730075244,,1
P2_S2_B3_seed1002,S2,B3,"plant@(-6.000,4.500)",1,r1.00_a330,330,1.0,-5.133974596215562,3.9999999999999996,True,True,True,7.967371928005717,0.2607359420217108,,0
P2_S2_B3_seed1002,S2,B3,"plant@(-6.000,4.500)",1,r1.00_a000,0,1.0,-5.0,4.5,True,True,True,7.741200009825955,0.26185306001571007,,0
P2_S2_B3_seed1002,S2,B3,"plant@(-6.000,4.500)",1,r1.20_a300,300,1.2,-5.4,3.460769515458674,True,True,False,,0.2599674469965976,path_infeasible_under_safety_checks,0
P2_S2_B3_seed1002,S2,B3,"plant@(-6.000,4.500)",1,r0.80_a330,330,0.8,-5.307179676972449,4.1,True,True,True,8.02283584172472,0.28528472801554017,,0
P2_S2_B3_seed1002,S2,B3,"plant@(-6.000,4.500)",1,r0.80_a000,0,0.8,-5.2,4.5,True,True,True,7.861927088163996,0.28377292200457305,,0
P2_S2_B3_seed1002,S2,B3,"plant@(-6.000,4.500)",1,r1.20_a030,30,1.2,-4.960769515458674,5.1,True,True,True,7.759571422100919,0.2845029269810766,,0
P2_S2_B3_seed1002,S2,B3,"plant@(-6.000,4.500)",1,r1.00_a030,30,1.0,-5.133974596215562,5.0,True,True,True,8.139981453404344,0.25618721698992886,,0
P2_S2_B3_seed1002,S2,B3,"plant@(-6.000,4.500)",1,r0.80_a030,30,0.8,-5.307179676972449,4.9,True,True,True,8.01229575904147,0.2809560259920545,,0
P2_S2_B3_seed1002,S2,B3,"plant@(-6.000,4.500)",1,r1.20_a060,60,1.2,-5.4,5.539230484541326,True,True,True,8.319400296132509,0.29312758101150393,,0
P2_S2_B3_seed1002,S2,B3,"plant@(-6.000,4.500)",1,r1.20_a240,240,1.2,-6.6000000000000005,3.460769515458674,True,True,False,,0.1726631399942562,path_infeasible_under_safety_checks,0
P2_S2_B3_seed1002,S2,B3,"plant@(-6.000,4.500)",1,r0.80_a210,210,0.8,-6.692820323027551,4.1,True,True,True,11.552453930606083,0.3307568239979446,,0
P2_S2_B3_seed1002,S2,B3,"plant@(-6.000,4.500)",1,r1.00_a210,210,1.0,-6.866025403784438,4.0,True,True,False,,0.1827235280070454,path_infeasible_under_safety_checks,0
P2_S2_B3_seed1002,S2,B3,"plant@(-6.000,4.500)",1,r0.80_a180,180,0.8,-6.8,4.5,True,True,True,11.102618502045415,0.2782119409821462,,0
P2_S2_B3_seed1002,S2,B3,"plant@(-6.000,4.500)",1,r1.00_a120,120,1.0,-6.5,5.366025403784438,True,True,False,,0.2617611030000262,path_infeasible_under_safety_checks,0
P2_S2_B3_seed1002,S2,B3,"plant@(-6.000,4.500)",1,r0.80_a150,150,0.8,-6.692820323027551,4.9,True,True,True,10.890294239830432,0.27580083202337846,,0
P2_S2_B3_seed1002,S2,B3,"plant@(-6.000,4.500)",1,r1.20_a210,210,1.2,-7.039230484541326,3.9,True,True,False,,0.1692757600103505,path_infeasible_under_safety_checks,0
P2_S2_B3_seed1002,S2,B3,"plant@(-6.000,4.500)",1,r1.20_a120,120,1.2,-6.6,5.539230484541326,True,True,True,10.062821719333614,0.25825820499449037,,0
P2_S2_B3_seed1002,S2,B3,"plant@(-6.000,4.500)",1,r1.00_a180,180,1.0,-7.0,4.5,True,True,True,11.126937983582863,0.2758035849838052,,0
P2_S2_B3_seed1002,S2,B3,"plant@(-6.000,4.500)",1,r1.00_a150,150,1.0,-6.866025403784438,5.0,True,True,True,10.7201005553924,0.2658836030168459,,0
P2_S2_B3_seed1002,S2,B3,"plant@(-6.000,4.500)",1,r1.20_a180,180,1.2,-7.2,4.5,True,True,True,11.157454019179196,0.26113252897630446,,0
P2_S2_B3_seed1002,S2,B3,"plant@(-6.000,4.500)",1,r1.20_a150,150,1.2,-7.039230484541326,5.1,True,True,True,10.547550618129515,0.25674069600063376,,0
P2_S2_B3_seed1002,S2,B3,"plant@(-6.000,4.500)",1,r1.00_a300,300,1.0,-5.5,3.6339745962155616,False,True,False,,0.25874504799139686,path_infeasible_under_safety_checks,0
P2_S2_B3_seed1002,S2,B3,"plant@(-6.000,4.500)",1,r0.80_a300,300,0.8,-5.6,3.8071796769724493,False,True,False,,0.2855705430265516,path_infeasible_under_safety_checks,0
P2_S2_B3_seed1002,S2,B3,"plant@(-6.000,4.500)",1,r1.20_a270,270,1.2,-6.0,3.3,False,True,False,,0.25304357398999855,path_infeasible_under_safety_checks,0
P2_S2_B3_seed1002,S2,B3,"plant@(-6.000,4.500)",1,r1.00_a270,270,1.0,-6.0,3.5,False,True,False,,0.29409166300320067,path_infeasible_under_safety_checks,0
P2_S2_B3_seed1002,S2,B3,"plant@(-6.000,4.500)",1,r0.80_a270,270,0.8,-6.0,3.7,False,True,False,,0.3463709949865006,path_infeasible_under_safety_checks,0
P2_S2_B3_seed1002,S2,B3,"plant@(-6.000,4.500)",1,r1.00_a060,60,1.0,-5.5,5.366025403784438,False,True,False,,0.2938449889770709,path_infeasible_under_safety_checks,0
P2_S2_B3_seed1002,S2,B3,"plant@(-6.000,4.500)",1,r0.80_a060,60,0.8,-5.6,5.192820323027551,False,True,False,,0.2845823929819744,path_infeasible_under_safety_checks,0
P2_S2_B3_seed1002,S2,B3,"plant@(-6.000,4.500)",1,r0.80_a240,240,0.8,-6.4,3.8071796769724493,False,True,False,,0.1973797490063589,path_infeasible_under_safety_checks,0
P2_S2_B3_seed1002,S2,B3,"plant@(-6.000,4.500)",1,r1.00_a240,240,1.0,-6.5,3.6339745962155616,False,True,False,,0.20296432700706646,path_infeasible_under_safety_checks,0
P2_S2_B3_seed1002,S2,B3,"plant@(12.000,2.000)",1,r1.20_a240,240,1.2,11.399999999999999,0.960769515458674,True,True,True,21.45288704942165,0.2752846179937478,,0
P2_S2_B3_seed1002,S2,B3,"plant@(12.000,2.000)",1,r1.20_a090,90,1.2,12.0,3.2,True,True,True,21.142581627804493,0.27087370000663213,,1
P2_S2_B3_seed1002,S2,B3,"plant@(12.000,2.000)",1,r0.80_a060,60,0.8,12.4,2.6928203230275507,True,True,True,21.640857425825626,0.269020809995709,,0
P2_S2_B3_seed1002,S2,B3,"plant@(12.000,2.000)",1,r1.00_a060,60,1.0,12.5,2.8660254037844384,True,True,True,21.5009998651301,0.2497133919969201,,0
P2_S2_B3_seed1002,S2,B3,"plant@(12.000,2.000)",1,r1.20_a060,60,1.2,12.6,3.039230484541326,True,True,True,21.39141099248689,0.2909588710172102,,0
P2_S2_B3_seed1002,S2,B3,"plant@(12.000,2.000)",1,r0.80_a030,30,0.8,12.69282032302755,2.4,True,True,True,22.01783120841175,0.27926088401000015,,0
P2_S2_B3_seed1002,S2,B3,"plant@(12.000,2.000)",1,r0.80_a330,330,0.8,12.69282032302755,1.5999999999999996,True,True,True,22.857477607195904,0.289732384000672,,0
P2_S2_B3_seed1002,S2,B3,"plant@(12.000,2.000)",1,r1.00_a030,30,1.0,12.86602540378444,2.5,True,True,True,21.908061591509767,0.28320438700029626,,0
P2_S2_B3_seed1002,S2,B3,"plant@(12.000,2.000)",1,r0.80_a000,0,0.8,12.8,2.0,True,True,True,22.42612719691201,0.29149162501562387,,0
P2_S2_B3_seed1002,S2,B3,"plant@(12.000,2.000)",1,r1.00_a330,330,1.0,12.866025403784437,1.4999999999999996,True,True,True,22.92628159225088,0.2911142260127235,,0
P2_S2_B3_seed1002,S2,B3,"plant@(12.000,2.000)",1,r1.20_a030,30,1.2,13.039230484541326,2.5999999999999996,True,True,True,21.903389570918403,0.2780900169746019,,0
P2_S2_B3_seed1002,S2,B3,"plant@(12.000,2.000)",1,r1.00_a000,0,1.0,13.0,2.0,True,True,True,22.478855110998108,0.28657548601040617,,0
P2_S2_B3_seed1002,S2,B3,"plant@(12.000,2.000)",1,r1.20_a330,330,1.2,13.039230484541326,1.3999999999999995,True,True,True,23.06676229285286,0.29838287999155,,0
P2_S2_B3_seed1002,S2,B3,"plant@(12.000,2.000)",1,r1.20_a000,0,1.2,13.2,2.0,True,True,True,22.529972631912376,0.2830952010117471,,0
P2_S2_B3_seed1002,S2,B3,"plant@(12.000,2.000)",1,r1.20_a180,180,1.2,10.8,2.0,False,True,False,,0.29508693801471964,path_infeasible_under_safety_checks,0
P2_S2_B3_seed1002,S2,B3,"plant@(12.000,2.000)",1,r1.20_a150,150,1.2,10.960769515458674,2.5999999999999996,False,True,False,,0.2684803199954331,path_infeasible_under_safety_checks,0
P2_S2_B3_seed1002,S2,B3,"plant@(12.000,2.000)",1,r1.00_a180,180,1.0,11.0,2.0,False,True,False,,0.2955079789971933,path_infeasible_under_safety_checks,0
P2_S2_B3_seed1002,S2,B3,"plant@(12.000,2.000)",1,r1.00_a150,150,1.0,11.13397459621556,2.5,False,True,False,,0.2738158559950534,path_infeasible_under_safety_checks,0
P2_S2_B3_seed1002,S2,B3,"plant@(12.000,2.000)",1,r1.20_a210,210,1.2,10.960769515458674,1.4,False,True,False,,0.3358310329786036,path_infeasible_under_safety_checks,0
P2_S2_B3_seed1002,S2,B3,"plant@(12.000,2.000)",1,r0.80_a180,180,0.8,11.2,2.0,False,True,False,,0.28651604198967107,path_infeasible_under_safety_checks,0
P2_S2_B3_seed1002,S2,B3,"plant@(12.000,2.000)",1,r1.00_a210,210,1.0,11.13397459621556,1.5,False,True,False,,0.2784504699811805,path_infeasible_under_safety_checks,0
P2_S2_B3_seed1002,S2,B3,"plant@(12.000,2.000)",1,r0.80_a150,150,0.8,11.30717967697245,2.4,False,True,False,,0.2806038899871055,path_infeasible_under_safety_checks,0
P2_S2_B3_seed1002,S2,B3,"plant@(12.000,2.000)",1,r1.20_a120,120,1.2,11.4,3.0392304845413265,False,True,False,,0.2783178839890752,path_infeasible_under_safety_checks,0
P2_S2_B3_seed1002,S2,B3,"plant@(12.000,2.000)",1,r0.80_a210,210,0.8,11.30717967697245,1.5999999999999999,False,True,False,,0.2785316969966516,path_infeasible_under_safety_checks,0
P2_S2_B3_seed1002,S2,B3,"plant@(12.000,2.000)",1,r1.00_a120,120,1.0,11.5,2.866025403784439,False,True,False,,0.2823900009971112,path_infeasible_under_safety_checks,0
P2_S2_B3_seed1002,S2,B3,"plant@(12.000,2.000)",1,r0.80_a120,120,0.8,11.6,2.692820323027551,False,True,False,,0.285442361026071,path_infeasible_under_safety_checks,0
P2_S2_B3_seed1002,S2,B3,"plant@(12.000,2.000)",1,r1.00_a240,240,1.0,11.5,1.1339745962155616,False,True,False,,0.2702203200024087,path_infeasible_under_safety_checks,0
P2_S2_B3_seed1002,S2,B3,"plant@(12.000,2.000)",1,r0.80_a240,240,0.8,11.6,1.3071796769724493,False,True,False,,0.2856780099973548,path_infeasible_under_safety_checks,0
P2_S2_B3_seed1002,S2,B3,"plant@(12.000,2.000)",1,r1.00_a090,90,1.0,12.0,3.0,False,True,False,,0.2721762800065335,path_infeasible_under_safety_checks,0
P2_S2_B3_seed1002,S2,B3,"plant@(12.000,2.000)",1,r0.80_a090,90,0.8,12.0,2.8,False,True,False,,0.26831117397523485,path_infeasible_under_safety_checks,0
P2_S2_B3_seed1002,S2,B3,"plant@(12.000,2.000)",1,r0.80_a270,270,0.8,12.0,1.2,False,True,False,,0.2891907659941353,path_infeasible_under_safety_checks,0
P2_S2_B3_seed1002,S2,B3,"plant@(12.000,2.000)",1,r1.00_a270,270,1.0,12.0,1.0,False,True,False,,0.28303100098855793,path_infeasible_under_safety_checks,0
P2_S2_B3_seed1003,S2,B3,"plant@(2.000,3.000)",1,r1.20_a240,240,1.2,1.3999999999999995,1.960769515458674,True,True,True,2.4021980321074725,0.16382023302139714,,1
P2_S2_B3_seed1003,S2,B3,"plant@(2.000,3.000)",1,r1.20_a210,210,1.2,0.9607695154586737,2.4,True,True,True,2.5982584977119902,0.18416578799951822,,0
P2_S2_B3_seed1003,S2,B3,"plant@(2.000,3.000)",1,r1.00_a240,240,1.0,1.4999999999999996,2.1339745962155616,True,True,True,2.602031634036085,0.17278388899285346,,0
P2_S2_B3_seed1003,S2,B3,"plant@(2.000,3.000)",1,r1.20_a270,270,1.2,1.9999999999999998,1.8,True,True,True,2.6786582306225384,0.17841931799193844,,0
P2_S2_B3_seed1003,S2,B3,"plant@(2.000,3.000)",1,r1.00_a210,210,1.0,1.1339745962155614,2.5,True,True,True,2.74531223429477,0.18816174397943541,,0
P2_S2_B3_seed1003,S2,B3,"plant@(2.000,3.000)",1,r0.80_a240,240,0.8,1.5999999999999996,2.3071796769724493,True,True,True,2.803764317979718,0.18832879600813612,,0
P2_S2_B3_seed1003,S2,B3,"plant@(2.000,3.000)",1,r1.00_a270,270,1.0,1.9999999999999998,2.0,True,True,True,2.816025931651265,0.1829774639918469,,0
P2_S2_B3_seed1003,S2,B3,"plant@(2.000,3.000)",1,r0.80_a210,210,0.8,1.307179676972449,2.5999999999999996,True,True,True,2.9198346466490075,0.1992320379940793,,0
P2_S2_B3_seed1003,S2,B3,"plant@(2.000,3.000)",1,r0.80_a270,270,0.8,1.9999999999999998,2.2,True,True,True,2.96247563771313,0.1981570550124161,,0
P2_S2_B3_seed1003,S2,B3,"plant@(2.000,3.000)",1,r1.20_a180,180,1.2,0.8,3.0,True,True,True,3.1847430226150277,0.22095862901187502,,0
P2_S2_B3_seed1003,S2,B3,"plant@(2.000,3.000)",1,r1.00_a180,180,1.0,1.0,3.0,True,True,True,3.169875174869212,0.21338528202613816,,0
P2_S2_B3_seed1003,S2,B3,"plant@(2.000,3.000)",1,r0.80_a180,180,0.8,1.2,3.0,True,True,True,3.2416304739555724,0.220876817998942,,0
P2_S2_B3_seed1003,S2,B3,"plant@(2.000,3.000)",1,r1.20_a300,300,1.2,2.6,1.9607695154586737,True,True,True,3.2493641108315225,0.21698699501575902,,0
P2_S2_B3_seed1003,S2,B3,"plant@(2.000,3.000)",1,r1.00_a300,300,1.0,2.5,2.1339745962155616,True,True,True,3.2803082874835803,0.22034756999346428,,0
P2_S2_B3_seed1003,S2,B3,"plant@(2.000,3.000)",1,r0.80_a300,300,0.8,2.4000000000000004,2.3071796769724493,True,True,True,3.3238474265494395,0.22569248601212166,,0
P2_S2_B3_seed1003,S2,B3,"plant@(2.000,3.000)",1,r0.80_a150,150,0.8,1.3071796769724489,3.4,True,True,True,3.697423411089156,0.24355927301803604,,0
P2_S2_B3_seed1003,S2,B3,"plant@(2.000,3.000)",1,r1.00_a150,150,1.0,1.1339745962155612,3.5,True,True,True,3.688042177210573,0.2610440950084012,,0
P2_S2_B3_seed1003,S2,B3,"plant@(2.000,3.000)",1,r1.20_a150,150,1.2,0.9607695154586735,3.5999999999999996,True,True,True,3.7664397493190878,0.2612557400134392,,0
P2_S2_B3_seed1003,S2,B3,"plant@(2.000,3.000)",1,r0.80_a330,330,0.8,2.6928203230275507,2.5999999999999996,True,True,True,3.7670170039224296,0.269569030002458,,0
P2_S2_B3_seed1003,S2,B3,"plant@(2.000,3.000)",1,r1.00_a330,330,1.0,2.8660254037844384,2.4999999999999996,True,True,True,3.8177101866375125,0.25711661399691366,,0
P2_S2_B3_seed1003,S2,B3,"plant@(2.000,3.000)",1,r1.20_a330,330,1.2,3.039230484541326,2.3999999999999995,True,True,True,3.862814351084195,0.26703375700162724,,0
P2_S2_B3_seed1003,S2,B3,"plant@(2.000,3.000)",1,r0.80_a000,0,0.8,2.8,3.0,True,True,True,4.198710423429075,0.28998790998593904,,0
P2_S2_B3_seed1003,S2,B3,"plant@(2.000,3.000)",1,r1.00_a120,120,1.0,1.5000000000000002,3.866025403784439,True,True,True,4.349087003878647,0.29932367699802853,,0
P2_S2_B3_seed1003,S2,B3,"plant@(2.000,3.000)",1,r1.00_a000,0,1.0,3.0,3.0,True,True,True,4.262439227569819,0.29039589400053956,,0
P2_S2_B3_seed1003,S2,B3,"plant@(2.000,3.000)",1,r1.20_a120,120,1.2,1.4000000000000004,4.039230484541326,True,True,True,4.307100999716338,0.292551070015179,,0
P2_S2_B3_seed1003,S2,B3,"plant@(2.000,3.000)",1,r0.80_a030,30,0.8,2.692820323027551,3.4,True,True,True,4.6843439254528665,0.3164628309896216,,0
P2_S2_B3_seed1003,S2,B3,"plant@(2.000,3.000)",1,r1.20_a000,0,1.2,3.2,3.0,True,True,True,4.391661197065614,0.2972783249861095,,0
P2_S2_B3_seed1003,S2,B3,"plant@(2.000,3.000)",1,r1.00_a090,90,1.0,2.0,4.0,True,True,True,4.93275588851247,0.33850552298827097,,0
P2_S2_B3_seed1003,S2,B3,"plant@(2.000,3.000)",1,r1.00_a030,30,1.0,2.866025403784439,3.5,True,True,True,4.733839035284139,0.33148193298256956,,0
P2_S2_B3_seed1003,S2,B3,"plant@(2.000,3.000)",1,r1.00_a060,60,1.0,2.5,3.8660254037844384,True,True,True,5.290531886297779,0.3678729360108264,,0
P2_S2_B3_seed1003,S2,B3,"plant@(2.000,3.000)",1,r1.20_a090,90,1.2,2.0,4.2,True,True,True,4.937109901060667,0.35109491102048196,,0
P2_S2_B3_seed1003,S2,B3,"plant@(2.000,3.000)",1,r1.20_a030,30,1.2,3.0392304845413265,3.5999999999999996,True,True,True,4.865006267629385,0.33489107398781925,,0
P2_S2_B3_seed1003,S2,B3,"plant@(-6.000,4.500)",1,r1.20_a330,330,1.2,-4.960769515458674,3.8999999999999995,True,True,True,7.7786912897878375,0.27227574901189655,,0
P2_S2_B3_seed1003,S2,B3,"plant@(-6.000,4.500)",1,r1.20_a000,0,1.2,-4.8,4.5,True,True,True,7.499035933053501,0.26927864699973725,,1
P2_S2_B3_seed1003,S2,B3,"plant@(-6.000,4.500)",1,r1.00_a330,330,1.0,-5.133974596215562,3.9999999999999996,True,True,True,7.967371928005717,0.2695422449905891,,0
P2_S2_B3_seed1003,S2,B3,"plant@(-6.000,4.500)",1,r1.00_a000,0,1.0,-5.0,4.5,True,True,True,7.741200009825955,0.25719225298962556,,0
P2_S2_B3_seed1003,S2,B3,"plant@(-6.000,4.500)",1,r1.20_a300,300,1.2,-5.4,3.460769515458674,True,True,False,,0.2647440870059654,path_infeasible_under_safety_checks,0
P2_S2_B3_seed1003,S2,B3,"plant@(-6.000,4.500)",1,r0.80_a330,330,0.8,-5.307179676972449,4.1,True,True,True,8.02283584172472,0.2859817160060629,,0
P2_S2_B3_seed1003,S2,B3,"plant@(-6.000,4.500)",1,r0.80_a000,0,0.8,-5.2,4.5,True,True,True,7.861927088163996,0.2788736459915526,,0
P2_S2_B3_seed1003,S2,B3,"plant@(-6.000,4.500)",1,r1.20_a030,30,1.2,-4.960769515458674,5.1,True,True,True,7.759571422100919,0.26521744299679995,,0
P2_S2_B3_seed1003,S2,B3,"plant@(-6.000,4.500)",1,r1.00_a030,30,1.0,-5.133974596215562,5.0,True,True,True,8.139981453404344,0.25638825801433995,,0
P2_S2_B3_seed1003,S2,B3,"plant@(-6.000,4.500)",1,r0.80_a030,30,0.8,-5.307179676972449,4.9,True,True,True,8.01229575904147,0.2720874799997546,,0
P2_S2_B3_seed1003,S2,B3,"plant@(-6.000,4.500)",1,r1.20_a060,60,1.2,-5.4,5.539230484541326,True,True,True,8.319400296132509,0.31001067598117515,,0
P2_S2_B3_seed1003,S2,B3,"plant@(-6.000,4.500)",1,r1.20_a240,240,1.2,-6.6000000000000005,3.460769515458674,True,True,False,,0.2002924099797383,path_infeasible_under_safety_checks,0
P2_S2_B3_seed1003,S2,B3,"plant@(-6.000,4.500)",1,r0.80_a210,210,0.8,-6.692820323027551,4.1,True,True,True,11.552453930606083,0.29502577299717814,,0
P2_S2_B3_seed1003,S2,B3,"plant@(-6.000,4.500)",1,r1.00_a210,210,1.0,-6.866025403784438,4.0,True,True,False,,0.16582022700458765,path_infeasible_under_safety_checks,0
P2_S2_B3_seed1003,S2,B3,"plant@(-6.000,4.500)",1,r0.80_a180,180,0.8,-6.8,4.5,True,True,True,11.102618502045415,0.27204857699689455,,0
P2_S2_B3_seed1003,S2,B3,"plant@(-6.000,4.500)",1,r1.00_a120,120,1.0,-6.5,5.366025403784438,True,True,False,,0.2543841890001204,path_infeasible_under_safety_checks,0
P2_S2_B3_seed1003,S2,B3,"plant@(-6.000,4.500)",1,r0.80_a150,150,0.8,-6.692820323027551,4.9,True,True,True,10.890294239830432,0.27749866899102926,,0
P2_S2_B3_seed1003,S2,B3,"plant@(-6.000,4.500)",1,r1.20_a210,210,1.2,-7.039230484541326,3.9,True,True,False,,0.17424627099535428,path_infeasible_under_safety_checks,0
P2_S2_B3_seed1003,S2,B3,"plant@(-6.000,4.500)",1,r1.20_a120,120,1.2,-6.6,5.539230484541326,True,True,True,10.062821719333614,0.2552309430029709,,0
P2_S2_B3_seed1003,S2,B3,"plant@(-6.000,4.500)",1,r1.00_a180,180,1.0,-7.0,4.5,True,True,True,11.126937983582863,0.2786022849904839,,0
P2_S2_B3_seed1003,S2,B3,"plant@(-6.000,4.500)",1,r1.00_a150,150,1.0,-6.866025403784438,5.0,True,True,True,10.7201005553924,0.2734157799859531,,0
P2_S2_B3_seed1003,S2,B3,"plant@(-6.000,4.500)",1,r1.20_a180,180,1.2,-7.2,4.5,True,True,True,11.157454019179196,0.27914725299342535,,0
P2_S2_B3_seed1003,S2,B3,"plant@(-6.000,4.500)",1,r1.20_a150,150,1.2,-7.039230484541326,5.1,True,True,True,10.547550618129515,0.2734379199973773,,0
P2_S2_B3_seed1003,S2,B3,"plant@(-6.000,4.500)",1,r1.00_a300,300,1.0,-5.5,3.6339745962155616,False,True,False,,0.27438257000176236,path_infeasible_under_safety_checks,0
P2_S2_B3_seed1003,S2,B3,"plant@(-6.000,4.500)",1,r0.80_a300,300,0.8,-5.6,3.8071796769724493,False,True,False,,0.29361099799280055,path_infeasible_under_safety_checks,0
P2_S2_B3_seed1003,S2,B3,"plant@(-6.000,4.500)",1,r1.20_a270,270,1.2,-6.0,3.3,False,True,False,,0.2685578979726415,path_infeasible_under_safety_checks,0
P2_S2_B3_seed1003,S2,B3,"plant@(-6.000,4.500)",1,r1.00_a270,270,1.0,-6.0,3.5,False,True,False,,0.3030905489868019,path_infeasible_under_safety_checks,0
P2_S2_B3_seed1003,S2,B3,"plant@(-6.000,4.500)",1,r0.80_a270,270,0.8,-6.0,3.7,False,True,False,,0.36207051799283363,path_infeasible_under_safety_checks,0
P2_S2_B3_seed1003,S2,B3,"plant@(-6.000,4.500)",1,r1.00_a060,60,1.0,-5.5,5.366025403784438,False,True,False,,0.29743082099594176,path_infeasible_under_safety_checks,0
P2_S2_B3_seed1003,S2,B3,"plant@(-6.000,4.500)",1,r0.80_a060,60,0.8,-5.6,5.192820323027551,False,True,False,,0.3003174769983161,path_infeasible_under_safety_checks,0
P2_S2_B3_seed1003,S2,B3,"plant@(-6.000,4.500)",1,r0.80_a240,240,0.8,-6.4,3.8071796769724493,False,True,False,,0.21478408700204454,path_infeasible_under_safety_checks,0
P2_S2_B3_seed1003,S2,B3,"plant@(-6.000,4.500)",1,r1.00_a240,240,1.0,-6.5,3.6339745962155616,False,True,False,,0.21951274800812826,path_infeasible_under_safety_checks,0
P2_S2_B3_seed1003,S2,B3,"plant@(12.000,2.000)",1,r1.20_a240,240,1.2,11.399999999999999,0.960769515458674,True,True,True,21.573673375448898,0.2781306100077927,,0
P2_S2_B3_seed1003,S2,B3,"plant@(12.000,2.000)",1,r1.20_a090,90,1.2,12.0,3.2,True,True,True,21.139744397078086,0.2712428669910878,,1
P2_S2_B3_seed1003,S2,B3,"plant@(12.000,2.000)",1,r0.80_a060,60,0.8,12.4,2.6928203230275507,True,True,True,21.659476474518783,0.2701394899922889,,0
P2_S2_B3_seed1003,S2,B3,"plant@(12.000,2.000)",1,r1.00_a060,60,1.0,12.5,2.8660254037844384,True,True,True,21.51719522553854,0.274177358020097,,0
P2_S2_B3_seed1003,S2,B3,"plant@(12.000,2.000)",1,r1.20_a060,60,1.2,12.6,3.039230484541326,True,True,True,21.4234662551374,0.30077145900577307,,0
P2_S2_B3_seed1003,S2,B3,"plant@(12.000,2.000)",1,r0.80_a030,30,0.8,12.69282032302755,2.4,True,True,True,22.036992070902034,0.2723985050106421,,0
P2_S2_B3_seed1003,S2,B3,"plant@(12.000,2.000)",1,r0.80_a330,330,0.8,12.69282032302755,1.5999999999999996,True,True,True,22.9227243625352,0.28967264099628665,,0
P2_S2_B3_seed1003,S2,B3,"plant@(12.000,2.000)",1,r1.00_a030,30,1.0,12.86602540378444,2.5,True,True,True,21.97627878641527,0.281544405996101,,0
P2_S2_B3_seed1003,S2,B3,"plant@(12.000,2.000)",1,r0.80_a000,0,0.8,12.8,2.0,True,True,True,22.501933650574763,0.30567654699552804,,0
P2_S2_B3_seed1003,S2,B3,"plant@(12.000,2.000)",1,r1.00_a330,330,1.0,12.866025403784437,1.4999999999999996,True,True,True,23.043424084726134,0.2849957289872691,,0
P2_S2_B3_seed1003,S2,B3,"plant@(12.000,2.000)",1,r1.20_a030,30,1.2,13.039230484541326,2.5999999999999996,True,True,True,21.982062881050325,0.2708999100141227,,0
P2_S2_B3_seed1003,S2,B3,"plant@(12.000,2.000)",1,r1.00_a000,0,1.0,13.0,2.0,True,True,True,22.524807723902704,0.27942339799483307,,0
P2_S2_B3_seed1003,S2,B3,"plant@(12.000,2.000)",1,r1.20_a330,330,1.2,13.039230484541326,1.3999999999999995,True,True,True,23.097655193296184,0.2935047700011637,,0
P2_S2_B3_seed1003,S2,B3,"plant@(12.000,2.000)",1,r1.20_a000,0,1.2,13.2,2.0,True,True,True,22.580929531995736,0.2854976759990677,,0
P2_S2_B3_seed1003,S2,B3,"plant@(12.000,2.000)",1,r1.20_a180,180,1.2,10.8,2.0,False,True,False,,0.28437275398755446,path_infeasible_under_safety_checks,0
P2_S2_B3_seed1003,S2,B3,"plant@(12.000,2.000)",1,r1.20_a150,150,1.2,10.960769515458674,2.5999999999999996,False,True,False,,0.25642634701216593,path_infeasible_under_safety_checks,0
P2_S2_B3_seed1003,S2,B3,"plant@(12.000,2.000)",1,r1.00_a180,180,1.0,11.0,2.0,False,True,False,,0.2889997160236817,path_infeasible_under_safety_checks,0
P2_S2_B3_seed1003,S2,B3,"plant@(12.000,2.000)",1,r1.00_a150,150,1.0,11.13397459621556,2.5,False,True,False,,0.2970982120023109,path_infeasible_under_safety_checks,0
P2_S2_B3_seed1003,S2,B3,"plant@(12.000,2.000)",1,r1.20_a210,210,1.2,10.960769515458674,1.4,False,True,False,,0.3025852120190393,path_infeasible_under_safety_checks,0
P2_S2_B3_seed1003,S2,B3,"plant@(12.000,2.000)",1,r0.80_a180,180,0.8,11.2,2.0,False,True,False,,0.2783478310157079,path_infeasible_under_safety_checks,0
P2_S2_B3_seed1003,S2,B3,"plant@(12.000,2.000)",1,r1.00_a210,210,1.0,11.13397459621556,1.5,False,True,False,,0.3009044860082213,path_infeasible_under_safety_checks,0
P2_S2_B3_seed1003,S2,B3,"plant@(12.000,2.000)",1,r0.80_a150,150,0.8,11.30717967697245,2.4,False,True,False,,0.2855717309867032,path_infeasible_under_safety_checks,0
P2_S2_B3_seed1003,S2,B3,"plant@(12.000,2.000)",1,r1.20_a120,120,1.2,11.4,3.0392304845413265,False,True,False,,0.2901835160155315,path_infeasible_under_safety_checks,0
P2_S2_B3_seed1003,S2,B3,"plant@(12.000,2.000)",1,r0.80_a210,210,0.8,11.30717967697245,1.5999999999999999,False,True,False,,0.3107609639992006,path_infeasible_under_safety_checks,0
P2_S2_B3_seed1003,S2,B3,"plant@(12.000,2.000)",1,r1.00_a120,120,1.0,11.5,2.866025403784439,False,True,False,,0.3077486529946327,path_infeasible_under_safety_checks,0
P2_S2_B3_seed1003,S2,B3,"plant@(12.000,2.000)",1,r0.80_a120,120,0.8,11.6,2.692820323027551,False,True,False,,0.30517084599705413,path_infeasible_under_safety_checks,0
P2_S2_B3_seed1003,S2,B3,"plant@(12.000,2.000)",1,r1.00_a240,240,1.0,11.5,1.1339745962155616,False,True,False,,0.2760636000020895,path_infeasible_under_safety_checks,0
P2_S2_B3_seed1003,S2,B3,"plant@(12.000,2.000)",1,r0.80_a240,240,0.8,11.6,1.3071796769724493,False,True,False,,0.30442082599620335,path_infeasible_under_safety_checks,0
P2_S2_B3_seed1003,S2,B3,"plant@(12.000,2.000)",1,r1.00_a090,90,1.0,12.0,3.0,False,True,False,,0.2860857420018874,path_infeasible_under_safety_checks,0
P2_S2_B3_seed1003,S2,B3,"plant@(12.000,2.000)",1,r0.80_a090,90,0.8,12.0,2.8,False,True,False,,0.2849530139937997,path_infeasible_under_safety_checks,0
P2_S2_B3_seed1003,S2,B3,"plant@(12.000,2.000)",1,r0.80_a270,270,0.8,12.0,1.2,False,True,False,,0.3095023600035347,path_infeasible_under_safety_checks,0
P2_S2_B3_seed1003,S2,B3,"plant@(12.000,2.000)",1,r1.00_a270,270,1.0,12.0,1.0,False,True,False,,0.3007525680004619,path_infeasible_under_safety_checks,0
P2_S2_B3_seed1004,S2,B3,"plant@(2.000,3.000)",1,r1.20_a240,240,1.2,1.3999999999999995,1.960769515458674,True,True,True,2.4021980321074725,0.1633433410024736,,1
P2_S2_B3_seed1004,S2,B3,"plant@(2.000,3.000)",1,r1.20_a210,210,1.2,0.9607695154586737,2.4,True,True,True,2.5982584977119902,0.18241853901417926,,0
P2_S2_B3_seed1004,S2,B3,"plant@(2.000,3.000)",1,r1.00_a240,240,1.0,1.4999999999999996,2.1339745962155616,True,True,True,2.602031634036085,0.17051260900916532,,0
P2_S2_B3_seed1004,S2,B3,"plant@(2.000,3.000)",1,r1.20_a270,270,1.2,1.9999999999999998,1.8,True,True,True,2.6786582306225384,0.1769204760203138,,0
P2_S2_B3_seed1004,S2,B3,"plant@(2.000,3.000)",1,r1.00_a210,210,1.0,1.1339745962155614,2.5,True,True,True,2.74531223429477,0.18160717902355827,,0
P2_S2_B3_seed1004,S2,B3,"plant@(2.000,3.000)",1,r0.80_a240,240,0.8,1.5999999999999996,2.3071796769724493,True,True,True,2.803764317979718,0.18475347800995223,,0
P2_S2_B3_seed1004,S2,B3,"plant@(2.000,3.000)",1,r1.00_a270,270,1.0,1.9999999999999998,2.0,True,True,True,2.816025931651265,0.18647628501639701,,0
P2_S2_B3_seed1004,S2,B3,"plant@(2.000,3.000)",1,r0.80_a210,210,0.8,1.307179676972449,2.5999999999999996,True,True,True,2.9198346466490075,0.18750056199496612,,0
P2_S2_B3_seed1004,S2,B3,"plant@(2.000,3.000)",1,r0.80_a270,270,0.8,1.9999999999999998,2.2,True,True,True,2.96247563771313,0.18892298600985669,,0
P2_S2_B3_seed1004,S2,B3,"plant@(2.000,3.000)",1,r1.20_a180,180,1.2,0.8,3.0,True,True,True,3.1847430226150277,0.20900905699818395,,0
P2_S2_B3_seed1004,S2,B3,"plant@(2.000,3.000)",1,r1.00_a180,180,1.0,1.0,3.0,True,True,True,3.169875174869212,0.21363596100127324,,0
P2_S2_B3_seed1004,S2,B3,"plant@(2.000,3.000)",1,r0.80_a180,180,0.8,1.2,3.0,True,True,True,3.2416304739555724,0.21423553201020695,,0
P2_S2_B3_seed1004,S2,B3,"plant@(2.000,3.000)",1,r1.20_a300,300,1.2,2.6,1.9607695154586737,True,True,True,3.2493641108315225,0.21605218897457235,,0
P2_S2_B3_seed1004,S2,B3,"plant@(2.000,3.000)",1,r1.00_a300,300,1.0,2.5,2.1339745962155616,True,True,True,3.2803082874835803,0.21895428700372577,,0
P2_S2_B3_seed1004,S2,B3,"plant@(2.000,3.000)",1,r0.80_a300,300,0.8,2.4000000000000004,2.3071796769724493,True,True,True,3.3238474265494395,0.2177209910005331,,0
P2_S2_B3_seed1004,S2,B3,"plant@(2.000,3.000)",1,r0.80_a150,150,0.8,1.3071796769724489,3.4,True,True,True,3.697423411089156,0.242426559998421,,0
P2_S2_B3_seed1004,S2,B3,"plant@(2.000,3.000)",1,r1.00_a150,150,1.0,1.1339745962155612,3.5,True,True,True,3.688042177210573,0.2511880820093211,,0
P2_S2_B3_seed1004,S2,B3,"plant@(2.000,3.000)",1,r1.20_a150,150,1.2,0.9607695154586735,3.5999999999999996,True,True,True,3.7664397493190878,0.2677135249832645,,0
P2_S2_B3_seed1004,S2,B3,"plant@(2.000,3.000)",1,r0.80_a330,330,0.8,2.6928203230275507,2.5999999999999996,True,True,True,3.7670170039224296,0.25979645299958065,,0
P2_S2_B3_seed1004,S2,B3,"plant@(2.000,3.000)",1,r1.00_a330,330,1.0,2.8660254037844384,2.4999999999999996,True,True,True,3.8177101866375125,0.25785999599611387,,0
P2_S2_B3_seed1004,S2,B3,"plant@(2.000,3.000)",1,r1.20_a330,330,1.2,3.039230484541326,2.3999999999999995,True,True,True,3.862814351084195,0.2535743089974858,,0
P2_S2_B3_seed1004,S2,B3,"plant@(2.000,3.000)",1,r0.80_a000,0,0.8,2.8,3.0,True,True,True,4.198710423429075,0.2799991730134934,,0
P2_S2_B3_seed1004,S2,B3,"plant@(2.000,3.000)",1,r1.00_a120,120,1.0,1.5000000000000002,3.866025403784439,True,True,True,4.349087003878647,0.28846081500523724,,0
P2_S2_B3_seed1004,S2,B3,"plant@(2.000,3.000)",1,r1.00_a000,0,1.0,3.0,3.0,True,True,True,4.262439227569819,0.281760079000378,,0
P2_S2_B3_seed1004,S2,B3,"plant@(2.000,3.000)",1,r1.20_a120,120,1.2,1.4000000000000004,4.039230484541326,True,True,True,4.307100999716338,0.2958930980239529,,0
P2_S2_B3_seed1004,S2,B3,"plant@(2.000,3.000)",1,r0.80_a030,30,0.8,2.692820323027551,3.4,True,True,True,4.6843439254528665,0.3112026739981957,,0
P2_S2_B3_seed1004,S2,B3,"plant@(2.000,3.000)",1,r1.20_a000,0,1.2,3.2,3.0,True,True,True,4.391661197065614,0.2942808280058671,,0
P2_S2_B3_seed1004,S2,B3,"plant@(2.000,3.000)",1,r1.00_a090,90,1.0,2.0,4.0,True,True,True,4.93275588851247,0.3226743980194442,,0
P2_S2_B3_seed1004,S2,B3,"plant@(2.000,3.000)",1,r1.00_a030,30,1.0,2.866025403784439,3.5,True,True,True,4.733839035284139,0.3225866940047126,,0
P2_S2_B3_seed1004,S2,B3,"plant@(2.000,3.000)",1,r1.00_a060,60,1.0,2.5,3.8660254037844384,True,True,True,5.290531886297779,0.3576495439920109,,0
P2_S2_B3_seed1004,S2,B3,"plant@(2.000,3.000)",1,r1.20_a090,90,1.2,2.0,4.2,True,True,True,4.937109901060667,0.3258629970077891,,0
P2_S2_B3_seed1004,S2,B3,"plant@(2.000,3.000)",1,r1.20_a030,30,1.2,3.0392304845413265,3.5999999999999996,True,True,True,4.865006267629385,0.3364973060088232,,0
P2_S2_B3_seed1004,S2,B3,"plant@(-6.000,4.500)",1,r1.20_a330,330,1.2,-4.960769515458674,3.8999999999999995,True,True,True,7.791318019268132,0.27078904799418524,,0
P2_S2_B3_seed1004,S2,B3,"plant@(-6.000,4.500)",1,r1.20_a000,0,1.2,-4.8,4.5,True,True,True,7.592004018360777,0.2696599189948756,,1
P2_S2_B3_seed1004,S2,B3,"plant@(-6.000,4.500)",1,r1.00_a330,330,1.0,-5.133974596215562,3.9999999999999996,True,True,True,7.922451298013273,0.2869927819992881,,0
P2_S2_B3_seed1004,S2,B3,"plant@(-6.000,4.500)",1,r1.00_a000,0,1.0,-5.0,4.5,True,True,True,7.705130894592871,0.2825749659969006,,0
P2_S2_B3_seed1004,S2,B3,"plant@(-6.000,4.500)",1,r1.20_a300,300,1.2,-5.4,3.460769515458674,True,True,False,,0.2653072650136892,path_infeasible_under_safety_checks,0
P2_S2_B3_seed1004,S2,B3,"plant@(-6.000,4.500)",1,r0.80_a330,330,0.8,-5.307179676972449,4.1,True,True,True,8.031974997784543,0.2951774679822847,,0
P2_S2_B3_seed1004,S2,B3,"plant@(-6.000,4.500)",1,r0.80_a000,0,0.8,-5.2,4.5,True,True,True,7.899903364513001,0.2895259420038201,,0
P2_S2_B3_seed1004,S2,B3,"plant@(-6.000,4.500)",1,r1.20_a030,30,1.2,-4.960769515458674,5.1,True,True,True,7.720120417866004,0.2770074429863598,,0
P2_S2_B3_seed1004,S2,B3,"plant@(-6.000,4.500)",1,r1.00_a030,30,1.0,-5.133974596215562,5.0,True,True,True,8.138973600238801,0.2512167360109743,,0
P2_S2_B3_seed1004,S2,B3,"plant@(-6.000,4.500)",1,r0.80_a030,30,0.8,-5.307179676972449,4.9,True,True,True,8.030881616638638,0.27393750799819827,,0
P2_S2_B3_seed1004,S2,B3,"plant@(-6.000,4.500)",1,r1.20_a060,60,1.2,-5.4,5.539230484541326,True,True,False,,0.29515484400326386,path_infeasible_under_safety_checks,0
P2_S2_B3_seed1004,S2,B3,"plant@(-6.000,4.500)",1,r1.20_a240,240,1.2,-6.6000000000000005,3.460769515458674,True,True,False,,0.1780849880015012,path_infeasible_under_safety_checks,0
P2_S2_B3_seed1004,S2,B3,"plant@(-6.000,4.500)",1,r0.80_a210,210,0.8,-6.692820323027551,4.1,True,True,True,11.469268701222969,0.2989791249856353,,0
P2_S2_B3_seed1004,S2,B3,"plant@(-6.000,4.500)",1,r1.00_a210,210,1.0,-6.866025403784438,4.0,True,True,False,,0.18215414800215513,path_infeasible_under_safety_checks,0
P2_S2_B3_seed1004,S2,B3,"plant@(-6.000,4.500)",1,r0.80_a180,180,0.8,-6.8,4.5,True,True,True,11.045268313355834,0.26939037500415,,0
P2_S2_B3_seed1004,S2,B3,"plant@(-6.000,4.500)",1,r1.00_a120,120,1.0,-6.5,5.366025403784438,True,True,False,,0.24941282399231568,path_infeasible_under_safety_checks,0
P2_S2_B3_seed1004,S2,B3,"plant@(-6.000,4.500)",1,r0.80_a150,150,0.8,-6.692820323027551,4.9,True,True,True,10.891309171877168,0.2758795610279776,,0
P2_S2_B3_seed1004,S2,B3,"plant@(-6.000,4.500)",1,r1.20_a210,210,1.2,-7.039230484541326,3.9,True,True,False,,0.17968684699735604,path_infeasible_under_safety_checks,0
P2_S2_B3_seed1004,S2,B3,"plant@(-6.000,4.500)",1,r1.20_a120,120,1.2,-6.6,5.539230484541326,True,True,True,9.958275131913988,0.2544957530044485,,0
P2_S2_B3_seed1004,S2,B3,"plant@(-6.000,4.500)",1,r1.00_a180,180,1.0,-7.0,4.5,True,True,True,11.095473163869553,0.2772838620003313,,0
P2_S2_B3_seed1004,S2,B3,"plant@(-6.000,4.500)",1,r1.00_a150,150,1.0,-6.866025403784438,5.0,True,True,True,10.541131584929841,0.26761933497618884,,0
P2_S2_B3_seed1004,S2,B3,"plant@(-6.000,4.500)",1,r1.20_a180,180,1.2,-7.2,4.5,True,True,True,11.158284081011002,0.282072864996735,,0
P2_S2_B3_seed1004,S2,B3,"plant@(-6.000,4.500)",1,r1.20_a150,150,1.2,-7.039230484541326,5.1,True,True,True,10.53322450001952,0.2543375749955885,,0
P2_S2_B3_seed1004,S2,B3,"plant@(-6.000,4.500)",1,r1.00_a300,300,1.0,-5.5,3.6339745962155616,False,True,False,,0.295503154018661,path_infeasible_under_safety_checks,0
P2_S2_B3_seed1004,S2,B3,"plant@(-6.000,4.500)",1,r0.80_a300,300,0.8,-5.6,3.8071796769724493,False,True,False,,0.2948929459962528,path_infeasible_under_safety_checks,0
P2_S2_B3_seed1004,S2,B3,"plant@(-6.000,4.500)",1,r1.20_a270,270,1.2,-6.0,3.3,False,True,False,,0.25949864598806016,path_infeasible_under_safety_checks,0
P2_S2_B3_seed1004,S2,B3,"plant@(-6.000,4.500)",1,r1.00_a270,270,1.0,-6.0,3.5,False,True,False,,0.29116471600718796,path_infeasible_under_safety_checks,0
P2_S2_B3_seed1004,S2,B3,"plant@(-6.000,4.500)",1,r0.80_a270,270,0.8,-6.0,3.7,False,True,False,,0.3293972469982691,path_infeasible_under_safety_checks,0
P2_S2_B3_seed1004,S2,B3,"plant@(-6.000,4.500)",1,r1.00_a060,60,1.0,-5.5,5.366025403784438,False,True,False,,0.3047172680089716,path_infeasible_under_safety_checks,0
P2_S2_B3_seed1004,S2,B3,"plant@(-6.000,4.500)",1,r0.80_a060,60,0.8,-5.6,5.192820323027551,False,True,False,,0.2929815179959405,path_infeasible_under_safety_checks,0
P2_S2_B3_seed1004,S2,B3,"plant@(-6.000,4.500)",1,r0.80_a240,240,0.8,-6.4,3.8071796769724493,False,True,False,,0.2084706220193766,path_infeasible_under_safety_checks,0
P2_S2_B3_seed1004,S2,B3,"plant@(-6.000,4.500)",1,r1.00_a240,240,1.0,-6.5,3.6339745962155616,False,True,False,,0.19267782699898817,path_infeasible_under_safety_checks,0
P2_S2_B3_seed1004,S2,B3,"plant@(12.000,2.000)",1,r1.20_a240,240,1.2,11.399999999999999,0.960769515458674,True,True,True,21.573673375448898,0.27209200998186134,,0
P2_S2_B3_seed1004,S2,B3,"plant@(12.000,2.000)",1,r1.20_a090,90,1.2,12.0,3.2,True,True,True,21.139744397078086,0.26732519597862847,,1
P2_S2_B3_seed1004,S2,B3,"plant@(12.000,2.000)",1,r0.80_a060,60,0.8,12.4,2.6928203230275507,True,True,True,21.659476474518783,0.26928010999108665,,0
P2_S2_B3_seed1004,S2,B3,"plant@(12.000,2.000)",1,r1.00_a060,60,1.0,12.5,2.8660254037844384,True,True,True,21.51719522553854,0.27652372600277886,,0
P2_S2_B3_seed1004,S2,B3,"plant@(12.000,2.000)",1,r1.20_a060,60,1.2,12.6,3.039230484541326,True,True,True,21.4234662551374,0.2618626990006305,,0
P2_S2_B3_seed1004,S2,B3,"plant@(12.000,2.000)",1,r0.80_a030,30,0.8,12.69282032302755,2.4,True,True,True,22.036992070902034,0.30189036097726785,,0
P2_S2_B3_seed1004,S2,B3,"plant@(12.000,2.000)",1,r0.80_a330,330,0.8,12.69282032302755,1.5999999999999996,True,True,True,22.9227243625352,0.28792132998933084,,0
P2_S2_B3_seed1004,S2,B3,"plant@(12.000,2.000)",1,r1.00_a030,30,1.0,12.86602540378444,2.5,True,True,True,21.97627878641527,0.27071544298087247,,0
P2_S2_B3_seed1004,S2,B3,"plant@(12.000,2.000)",1,r0.80_a000,0,0.8,12.8,2.0,True,True,True,22.501933650574763,0.2953605480142869,,0
P2_S2_B3_seed1004,S2,B3,"plant@(12.000,2.000)",1,r1.00_a330,330,1.0,12.866025403784437,1.4999999999999996,True,True,True,23.043424084726134,0.2854183210001793,,0
P2_S2_B3_seed1004,S2,B3,"plant@(12.000,2.000)",1,r1.20_a030,30,1.2,13.039230484541326,2.5999999999999996,True,True,True,21.982062881050325,0.2788233699975535,,0
P2_S2_B3_seed1004,S2,B3,"plant@(12.000,2.000)",1,r1.00_a000,0,1.0,13.0,2.0,True,True,True,22.524807723902704,0.2839012950134929,,0
P2_S2_B3_seed1004,S2,B3,"plant@(12.000,2.000)",1,r1.20_a330,330,1.2,13.039230484541326,1.3999999999999995,True,True,True,23.097655193296184,0.28911538200918585,,0
P2_S2_B3_seed1004,S2,B3,"plant@(12.000,2.000)",1,r1.20_a000,0,1.2,13.2,2.0,True,True,True,22.580929531995736,0.27960005798377097,,0
P2_S2_B3_seed1004,S2,B3,"plant@(12.000,2.000)",1,r1.20_a180,180,1.2,10.8,2.0,False,True,False,,0.274801670020679,path_infeasible_under_safety_checks,0
P2_S2_B3_seed1004,S2,B3,"plant@(12.000,2.000)",1,r1.20_a150,150,1.2,10.960769515458674,2.5999999999999996,False,True,False,,0.25754777100519277,path_infeasible_under_safety_checks,0
P2_S2_B3_seed1004,S2,B3,"plant@(12.000,2.000)",1,r1.00_a180,180,1.0,11.0,2.0,False,True,False,,0.290685271989787,path_infeasible_under_safety_checks,0
P2_S2_B3_seed1004,S2,B3,"plant@(12.000,2.000)",1,r1.00_a150,150,1.0,11.13397459621556,2.5,False,True,False,,0.2907085310143884,path_infeasible_under_safety_checks,0
P2_S2_B3_seed1004,S2,B3,"plant@(12.000,2.000)",1,r1.20_a210,210,1.2,10.960769515458674,1.4,False,True,False,,0.28228556201793253,path_infeasible_under_safety_checks,0
P2_S2_B3_seed1004,S2,B3,"plant@(12.000,2.000)",1,r0.80_a180,180,0.8,11.2,2.0,False,True,False,,0.40016034900327213,path_infeasible_under_safety_checks,0
P2_S2_B3_seed1004,S2,B3,"plant@(12.000,2.000)",1,r1.00_a210,210,1.0,11.13397459621556,1.5,False,True,False,,0.3071695459948387,path_infeasible_under_safety_checks,0
P2_S2_B3_seed1004,S2,B3,"plant@(12.000,2.000)",1,r0.80_a150,150,0.8,11.30717967697245,2.4,False,True,False,,0.27274942901567556,path_infeasible_under_safety_checks,0
P2_S2_B3_seed1004,S2,B3,"plant@(12.000,2.000)",1,r1.20_a120,120,1.2,11.4,3.0392304845413265,False,True,False,,0.2863724689814262,path_infeasible_under_safety_checks,0
P2_S2_B3_seed1004,S2,B3,"plant@(12.000,2.000)",1,r0.80_a210,210,0.8,11.30717967697245,1.5999999999999999,False,True,False,,0.28941865102387965,path_infeasible_under_safety_checks,0
P2_S2_B3_seed1004,S2,B3,"plant@(12.000,2.000)",1,r1.00_a120,120,1.0,11.5,2.866025403784439,False,True,False,,0.2965377499931492,path_infeasible_under_safety_checks,0
P2_S2_B3_seed1004,S2,B3,"plant@(12.000,2.000)",1,r0.80_a120,120,0.8,11.6,2.692820323027551,False,True,False,,0.29336318498826586,path_infeasible_under_safety_checks,0
P2_S2_B3_seed1004,S2,B3,"plant@(12.000,2.000)",1,r1.00_a240,240,1.0,11.5,1.1339745962155616,False,True,False,,0.2745891110098455,path_infeasible_under_safety_checks,0
P2_S2_B3_seed1004,S2,B3,"plant@(12.000,2.000)",1,r0.80_a240,240,0.8,11.6,1.3071796769724493,False,True,False,,0.2926959829928819,path_infeasible_under_safety_checks,0
P2_S2_B3_seed1004,S2,B3,"plant@(12.000,2.000)",1,r1.00_a090,90,1.0,12.0,3.0,False,True,False,,0.2652117820107378,path_infeasible_under_safety_checks,0
P2_S2_B3_seed1004,S2,B3,"plant@(12.000,2.000)",1,r0.80_a090,90,0.8,12.0,2.8,False,True,False,,0.2943048949819058,path_infeasible_under_safety_checks,0
P2_S2_B3_seed1004,S2,B3,"plant@(12.000,2.000)",1,r0.80_a270,270,0.8,12.0,1.2,False,True,False,,0.3058146239782218,path_infeasible_under_safety_checks,0
P2_S2_B3_seed1004,S2,B3,"plant@(12.000,2.000)",1,r1.00_a270,270,1.0,12.0,1.0,False,True,False,,0.30686863997834735,path_infeasible_under_safety_checks,0
P2_S2_B3_seed1005,S2,B3,"plant@(2.000,3.000)",1,r1.20_a240,240,1.2,1.3999999999999995,1.960769515458674,True,True,True,2.4021980321074725,0.15440220601158217,,1
P2_S2_B3_seed1005,S2,B3,"plant@(2.000,3.000)",1,r1.20_a210,210,1.2,0.9607695154586737,2.4,True,True,True,2.5982584977119902,0.18550889298785478,,0
P2_S2_B3_seed1005,S2,B3,"plant@(2.000,3.000)",1,r1.00_a240,240,1.0,1.4999999999999996,2.1339745962155616,True,True,True,2.602031634036085,0.17426242600777186,,0
P2_S2_B3_seed1005,S2,B3,"plant@(2.000,3.000)",1,r1.20_a270,270,1.2,1.9999999999999998,1.8,True,True,True,2.6786582306225384,0.16589209498488344,,0
P2_S2_B3_seed1005,S2,B3,"plant@(2.000,3.000)",1,r1.00_a210,210,1.0,1.1339745962155614,2.5,True,True,True,2.74531223429477,0.18967428200994618,,0
P2_S2_B3_seed1005,S2,B3,"plant@(2.000,3.000)",1,r0.80_a240,240,0.8,1.5999999999999996,2.3071796769724493,True,True,True,2.803764317979718,0.18460824200883508,,0
P2_S2_B3_seed1005,S2,B3,"plant@(2.000,3.000)",1,r1.00_a270,270,1.0,1.9999999999999998,2.0,True,True,True,2.816025931651265,0.17533471100614406,,0
P2_S2_B3_seed1005,S2,B3,"plant@(2.000,3.000)",1,r0.80_a210,210,0.8,1.307179676972449,2.5999999999999996,True,True,True,2.9198346466490075,0.19261349600856192,,0
P2_S2_B3_seed1005,S2,B3,"plant@(2.000,3.000)",1,r0.80_a270,270,0.8,1.9999999999999998,2.2,True,True,True,2.96247563771313,0.19681981901521794,,0
P2_S2_B3_seed1005,S2,B3,"plant@(2.000,3.000)",1,r1.20_a180,180,1.2,0.8,3.0,True,True,True,3.1847430226150277,0.19815407201531343,,0
P2_S2_B3_seed1005,S2,B3,"plant@(2.000,3.000)",1,r1.00_a180,180,1.0,1.0,3.0,True,True,True,3.169875174869212,0.20319554000161588,,0
P2_S2_B3_seed1005,S2,B3,"plant@(2.000,3.000)",1,r0.80_a180,180,0.8,1.2,3.0,True,True,True,3.2416304739555724,0.20147227501729503,,0
P2_S2_B3_seed1005,S2,B3,"plant@(2.000,3.000)",1,r1.20_a300,300,1.2,2.6,1.9607695154586737,True,True,True,3.2493641108315225,0.21380933400359936,,0
P2_S2_B3_seed1005,S2,B3,"plant@(2.000,3.000)",1,r1.00_a300,300,1.0,2.5,2.1339745962155616,True,True,True,3.2803082874835803,0.2138463080045767,,0
P2_S2_B3_seed1005,S2,B3,"plant@(2.000,3.000)",1,r0.80_a300,300,0.8,2.4000000000000004,2.3071796769724493,True,True,True,3.3238474265494395,0.21366284700343385,,0
P2_S2_B3_seed1005,S2,B3,"plant@(2.000,3.000)",1,r0.80_a150,150,0.8,1.3071796769724489,3.4,True,True,True,3.697423411089156,0.24794121400918812,,0
P2_S2_B3_seed1005,S2,B3,"plant@(2.000,3.000)",1,r1.00_a150,150,1.0,1.1339745962155612,3.5,True,True,True,3.688042177210573,0.3074122959806118,,0
P2_S2_B3_seed1005,S2,B3,"plant@(2.000,3.000)",1,r1.20_a150,150,1.2,0.9607695154586735,3.5999999999999996,True,True,True,3.7664397493190878,0.2441280680068303,,0
P2_S2_B3_seed1005,S2,B3,"plant@(2.000,3.000)",1,r0.80_a330,330,0.8,2.6928203230275507,2.5999999999999996,True,True,True,3.7670170039224296,0.2555519749876112,,0
P2_S2_B3_seed1005,S2,B3,"plant@(2.000,3.000)",1,r1.00_a330,330,1.0,2.8660254037844384,2.4999999999999996,True,True,True,3.8177101866375125,0.320621797000058,,0
P2_S2_B3_seed1005,S2,B3,"plant@(2.000,3.000)",1,r1.20_a330,330,1.2,3.039230484541326,2.3999999999999995,True,True,True,3.862814351084195,0.29865607200190425,,0
P2_S2_B3_seed1005,S2,B3,"plant@(2.000,3.000)",1,r0.80_a000,0,0.8,2.8,3.0,True,True,True,4.198710423429075,0.3021135699818842,,0
P2_S2_B3_seed1005,S2,B3,"plant@(2.000,3.000)",1,r1.00_a120,120,1.0,1.5000000000000002,3.866025403784439,True,True,True,4.349087003878647,0.2747023180127144,,0
P2_S2_B3_seed1005,S2,B3,"plant@(2.000,3.000)",1,r1.00_a000,0,1.0,3.0,3.0,True,True,True,4.262439227569819,0.2840028039936442,,0
P2_S2_B3_seed1005,S2,B3,"plant@(2.000,3.000)",1,r1.20_a120,120,1.2,1.4000000000000004,4.039230484541326,True,True,True,4.307100999716338,0.2728602090210188,,0
P2_S2_B3_seed1005,S2,B3,"plant@(2.000,3.000)",1,r0.80_a030,30,0.8,2.692820323027551,3.4,True,True,True,4.6843439254528665,0.29883217200404033,,0
P2_S2_B3_seed1005,S2,B3,"plant@(2.000,3.000)",1,r1.20_a000,0,1.2,3.2,3.0,True,True,True,4.391661197065614,0.29052748501999304,,0
P2_S2_B3_seed1005,S2,B3,"plant@(2.000,3.000)",1,r1.00_a090,90,1.0,2.0,4.0,True,True,True,4.93275588851247,0.3053639169957023,,0
P2_S2_B3_seed1005,S2,B3,"plant@(2.000,3.000)",1,r1.00_a030,30,1.0,2.866025403784439,3.5,True,True,True,4.733839035284139,0.3048784410057124,,0
P2_S2_B3_seed1005,S2,B3,"plant@(2.000,3.000)",1,r1.00_a060,60,1.0,2.5,3.8660254037844384,True,True,True,5.290531886297779,0.360843663016567,,0
P2_S2_B3_seed1005,S2,B3,"plant@(2.000,3.000)",1,r1.20_a090,90,1.2,2.0,4.2,True,True,True,4.937109901060667,0.31455620998167433,,0
P2_S2_B3_seed1005,S2,B3,"plant@(2.000,3.000)",1,r1.20_a030,30,1.2,3.0392304845413265,3.5999999999999996,True,True,True,4.865006267629385,0.30837461299961433,,0
P2_S2_B3_seed1005,S2,B3,"plant@(-6.000,4.500)",1,r1.20_a330,330,1.2,-4.960769515458674,3.8999999999999995,True,True,True,7.832056685611166,0.2553585899877362,,0
P2_S2_B3_seed1005,S2,B3,"plant@(-6.000,4.500)",1,r1.20_a000,0,1.2,-4.8,4.5,True,True,True,7.559676541631446,0.2725448049895931,,1
P2_S2_B3_seed1005,S2,B3,"plant@(-6.000,4.500)",1,r1.00_a330,330,1.0,-5.133974596215562,3.9999999999999996,True,True,True,7.955890769916943,0.2655156620021444,,0
P2_S2_B3_seed1005,S2,B3,"plant@(-6.000,4.500)",1,r1.00_a000,0,1.0,-5.0,4.5,True,True,True,7.792765602262169,0.27664389699930325,,0
P2_S2_B3_seed1005,S2,B3,"plant@(-6.000,4.500)",1,r1.20_a300,300,1.2,-5.4,3.460769515458674,True,True,False,,0.24188981199404225,path_infeasible_under_safety_checks,0
P2_S2_B3_seed1005,S2,B3,"plant@(-6.000,4.500)",1,r0.80_a330,330,0.8,-5.307179676972449,4.1,True,True,True,8.112350965749572,0.26335374399786815,,0
P2_S2_B3_seed1005,S2,B3,"plant@(-6.000,4.500)",1,r0.80_a000,0,0.8,-5.2,4.5,True,True,True,8.037328944500278,0.2490166529896669,,0
P2_S2_B3_seed1005,S2,B3,"plant@(-6.000,4.500)",1,r1.20_a030,30,1.2,-4.960769515458674,5.1,True,True,True,7.737090983060241,0.2502324639935978,,0
P2_S2_B3_seed1005,S2,B3,"plant@(-6.000,4.500)",1,r1.00_a030,30,1.0,-5.133974596215562,5.0,True,True,True,7.8958288666604455,0.26329199798055924,,0
P2_S2_B3_seed1005,S2,B3,"plant@(-6.000,4.500)",1,r0.80_a030,30,0.8,-5.307179676972449,4.9,True,True,True,8.08779242377641,0.2810606010025367,,0
P2_S2_B3_seed1005,S2,B3,"plant@(-6.000,4.500)",1,r1.20_a060,60,1.2,-5.4,5.539230484541326,True,True,True,8.296113656462888,0.33529099900624715,,0
P2_S2_B3_seed1005,S2,B3,"plant@(-6.000,4.500)",1,r1.20_a240,240,1.2,-6.6000000000000005,3.460769515458674,True,True,False,,0.17427950102137402,path_infeasible_under_safety_checks,0
P2_S2_B3_seed1005,S2,B3,"plant@(-6.000,4.500)",1,r0.80_a210,210,0.8,-6.692820323027551,4.1,True,True,True,11.515321717276208,0.30333075602538884,,0
P2_S2_B3_seed1005,S2,B3,"plant@(-6.000,4.500)",1,r1.00_a210,210,1.0,-6.866025403784438,4.0,True,True,True,11.576862806227714,0.27943695199792273,,0
P2_S2_B3_seed1005,S2,B3,"plant@(-6.000,4.500)",1,r0.80_a180,180,0.8,-6.8,4.5,True,True,True,11.123093576335343,0.2602692170185037,,0
P2_S2_B3_seed1005,S2,B3,"plant@(-6.000,4.500)",1,r1.00_a120,120,1.0,-6.5,5.366025403784438,True,True,False,,0.24545871900045313,path_infeasible_under_safety_checks,0
P2_S2_B3_seed1005,S2,B3,"plant@(-6.000,4.500)",1,r0.80_a150,150,0.8,-6.692820323027551,4.9,True,True,True,10.710190622172602,0.25212630099849775,,0
P2_S2_B3_seed1005,S2,B3,"plant@(-6.000,4.500)",1,r1.20_a210,210,1.2,-7.039230484541326,3.9,True,True,False,,0.1720116689975839,path_infeasible_under_safety_checks,0
P2_S2_B3_seed1005,S2,B3,"plant@(-6.000,4.500)",1,r1.20_a120,120,1.2,-6.6,5.539230484541326,True,True,True,10.111402770381877,0.2531127769907471,,0
P2_S2_B3_seed1005,S2,B3,"plant@(-6.000,4.500)",1,r1.00_a180,180,1.0,-7.0,4.5,True,True,True,11.108166689821285,0.26054456300335005,,0
P2_S2_B3_seed1005,S2,B3,"plant@(-6.000,4.500)",1,r1.00_a150,150,1.0,-6.866025403784438,5.0,True,True,True,10.641693161743765,0.2429672910075169,,0
P2_S2_B3_seed1005,S2,B3,"plant@(-6.000,4.500)",1,r1.20_a180,180,1.2,-7.2,4.5,True,True,True,11.17730654231644,0.2666208910231944,,0
P2_S2_B3_seed1005,S2,B3,"plant@(-6.000,4.500)",1,r1.20_a150,150,1.2,-7.039230484541326,5.1,True,True,True,10.71333578498776,0.2552726720168721,,0
P2_S2_B3_seed1005,S2,B3,"plant@(-6.000,4.500)",1,r1.00_a300,300,1.0,-5.5,3.6339745962155616,False,True,False,,0.28911074699135497,path_infeasible_under_safety_checks,0
P2_S2_B3_seed1005,S2,B3,"plant@(-6.000,4.500)",1,r0.80_a300,300,0.8,-5.6,3.8071796769724493,False,True,False,,0.3023943959851749,path_infeasible_under_safety_checks,0
P2_S2_B3_seed1005,S2,B3,"plant@(-6.000,4.500)",1,r1.20_a270,270,1.2,-6.0,3.3,False,True,False,,0.27383860701229423,path_infeasible_under_safety_checks,0
P2_S2_B3_seed1005,S2,B3,"plant@(-6.000,4.500)",1,r1.00_a270,270,1.0,-6.0,3.5,False,True,False,,0.2982163730193861,path_infeasible_under_safety_checks,0
P2_S2_B3_seed1005,S2,B3,"plant@(-6.000,4.500)",1,r0.80_a270,270,0.8,-6.0,3.7,False,True,False,,0.3149267870176118,path_infeasible_under_safety_checks,0
P2_S2_B3_seed1005,S2,B3,"plant@(-6.000,4.500)",1,r1.00_a060,60,1.0,-5.5,5.366025403784438,False,True,False,,0.2819998130144086,path_infeasible_under_safety_checks,0
P2_S2_B3_seed1005,S2,B3,"plant@(-6.000,4.500)",1,r0.80_a060,60,0.8,-5.6,5.192820323027551,False,True,False,,0.28256312300800346,path_infeasible_under_safety_checks,0
P2_S2_B3_seed1005,S2,B3,"plant@(-6.000,4.500)",1,r0.80_a240,240,0.8,-6.4,3.8071796769724493,False,True,False,,0.21377139099058695,path_infeasible_under_safety_checks,0
P2_S2_B3_seed1005,S2,B3,"plant@(-6.000,4.500)",1,r1.00_a240,240,1.0,-6.5,3.6339745962155616,False,True,False,,0.18312112899729982,path_infeasible_under_safety_checks,0
P2_S2_B3_seed1005,S2,B3,"plant@(12.000,2.000)",1,r1.20_a240,240,1.2,11.399999999999999,0.960769515458674,True,True,True,21.55284868593104,0.2868601079971995,,0
P2_S2_B3_seed1005,S2,B3,"plant@(12.000,2.000)",1,r1.20_a090,90,1.2,12.0,3.2,True,True,True,21.185038809675927,0.27046913001686335,,1
P2_S2_B3_seed1005,S2,B3,"plant@(12.000,2.000)",1,r0.80_a060,60,0.8,12.4,2.6928203230275507,True,True,True,21.644740507011758,0.28322819800814614,,0
P2_S2_B3_seed1005,S2,B3,"plant@(12.000,2.000)",1,r1.00_a060,60,1.0,12.5,2.8660254037844384,True,True,True,21.539585154847963,0.2718304820009507,,0
P2_S2_B3_seed1005,S2,B3,"plant@(12.000,2.000)",1,r1.20_a060,60,1.2,12.6,3.039230484541326,True,True,True,21.344075148725725,0.2842386480187997,,0
P2_S2_B3_seed1005,S2,B3,"plant@(12.000,2.000)",1,r0.80_a030,30,0.8,12.69282032302755,2.4,True,True,True,22.315602419425353,0.28356353400158696,,0
P2_S2_B3_seed1005,S2,B3,"plant@(12.000,2.000)",1,r0.80_a330,330,0.8,12.69282032302755,1.5999999999999996,True,True,True,22.87893768237165,0.2970754650013987,,0
P2_S2_B3_seed1005,S2,B3,"plant@(12.000,2.000)",1,r1.00_a030,30,1.0,12.86602540378444,2.5,True,True,True,21.94941243331613,0.28256166700157337,,0
P2_S2_B3_seed1005,S2,B3,"plant@(12.000,2.000)",1,r0.80_a000,0,0.8,12.8,2.0,True,True,True,22.40912818910854,0.2773060309991706,,0
P2_S2_B3_seed1005,S2,B3,"plant@(12.000,2.000)",1,r1.00_a330,330,1.0,12.866025403784437,1.4999999999999996,True,True,True,22.918138862523456,0.29298024499439634,,0
P2_S2_B3_seed1005,S2,B3,"plant@(12.000,2.000)",1,r1.20_a030,30,1.2,13.039230484541326,2.5999999999999996,True,True,True,21.942828499844016,0.26811465399805456,,0
P2_S2_B3_seed1005,S2,B3,"plant@(12.000,2.000)",1,r1.00_a000,0,1.0,13.0,2.0,True,True,True,22.505589494760837,0.2802264460187871,,0
P2_S2_B3_seed1005,S2,B3,"plant@(12.000,2.000)",1,r1.20_a330,330,1.2,13.039230484541326,1.3999999999999995,True,True,True,23.04898970780503,0.2991086690162774,,0
P2_S2_B3_seed1005,S2,B3,"plant@(12.000,2.000)",1,r1.20_a000,0,1.2,13.2,2.0,True,True,True,22.5633559617044,0.2959677219914738,,0
P2_S2_B3_seed1005,S2,B3,"plant@(12.000,2.000)",1,r1.20_a180,180,1.2,10.8,2.0,False,True,False,,0.30711133999284357,path_infeasible_under_safety_checks,0
P2_S2_B3_seed1005,S2,B3,"plant@(12.000,2.000)",1,r1.20_a150,150,1.2,10.960769515458674,2.5999999999999996,False,True,False,,0.272927460988285,path_infeasible_under_safety_checks,0
P2_S2_B3_seed1005,S2,B3,"plant@(12.000,2.000)",1,r1.00_a180,180,1.0,11.0,2.0,False,True,False,,0.30816358199808747,path_infeasible_under_safety_checks,0
P2_S2_B3_seed1005,S2,B3,"plant@(12.000,2.000)",1,r1.00_a150,150,1.0,11.13397459621556,2.5,False,True,False,,0.28536326298490167,path_infeasible_under_safety_checks,0
P2_S2_B3_seed1005,S2,B3,"plant@(12.000,2.000)",1,r1.20_a210,210,1.2,10.960769515458674,1.4,False,True,False,,0.27648623098502867,path_infeasible_under_safety_checks,0
P2_S2_B3_seed1005,S2,B3,"plant@(12.000,2.000)",1,r0.80_a180,180,0.8,11.2,2.0,False,True,False,,0.2860984680010006,path_infeasible_under_safety_checks,0
P2_S2_B3_seed1005,S2,B3,"plant@(12.000,2.000)",1,r1.00_a210,210,1.0,11.13397459621556,1.5,False,True,False,,0.30370316599146463,path_infeasible_under_safety_checks,0
P2_S2_B3_seed1005,S2,B3,"plant@(12.000,2.000)",1,r0.80_a150,150,0.8,11.30717967697245,2.4,False,True,False,,0.2885944620065857,path_infeasible_under_safety_checks,0
P2_S2_B3_seed1005,S2,B3,"plant@(12.000,2.000)",1,r1.20_a120,120,1.2,11.4,3.0392304845413265,False,True,False,,0.28430442200624384,path_infeasible_under_safety_checks,0
P2_S2_B3_seed1005,S2,B3,"plant@(12.000,2.000)",1,r1.00_a120,120,1.0,11.5,2.866025403784439,False,True,False,,0.29229872999712825,path_infeasible_under_safety_checks,0
P2_S2_B3_seed1005,S2,B3,"plant@(12.000,2.000)",1,r0.80_a210,210,0.8,11.30717967697245,1.5999999999999999,False,True,False,,0.30166338602430187,path_infeasible_under_safety_checks,0
P2_S2_B3_seed1005,S2,B3,"plant@(12.000,2.000)",1,r0.80_a120,120,0.8,11.6,2.692820323027551,False,True,False,,0.29709999600891024,path_infeasible_under_safety_checks,0
P2_S2_B3_seed1005,S2,B3,"plant@(12.000,2.000)",1,r1.00_a240,240,1.0,11.5,1.1339745962155616,False,True,False,,0.31474924299982376,path_infeasible_under_safety_checks,0
P2_S2_B3_seed1005,S2,B3,"plant@(12.000,2.000)",1,r0.80_a240,240,0.8,11.6,1.3071796769724493,False,True,False,,0.29810228099813685,path_infeasible_under_safety_checks,0
P2_S2_B3_seed1005,S2,B3,"plant@(12.000,2.000)",1,r1.00_a090,90,1.0,12.0,3.0,False,True,False,,0.26828314998419955,path_infeasible_under_safety_checks,0
P2_S2_B3_seed1005,S2,B3,"plant@(12.000,2.000)",1,r0.80_a090,90,0.8,12.0,2.8,False,True,False,,0.2788864279864356,path_infeasible_under_safety_checks,0
P2_S2_B3_seed1005,S2,B3,"plant@(12.000,2.000)",1,r0.80_a270,270,0.8,12.0,1.2,False,True,False,,0.2825855489936657,path_infeasible_under_safety_checks,0
P2_S2_B3_seed1005,S2,B3,"plant@(12.000,2.000)",1,r1.00_a270,270,1.0,12.0,1.0,False,True,False,,0.2951528789999429,path_infeasible_under_safety_checks,0
P2_S2_B3_seed1006,S2,B3,"plant@(2.000,3.000)",1,r1.20_a240,240,1.2,1.3999999999999995,1.960769515458674,True,True,True,2.4021980321074725,0.16526698498637415,,1
P2_S2_B3_seed1006,S2,B3,"plant@(2.000,3.000)",1,r1.20_a210,210,1.2,0.9607695154586737,2.4,True,True,True,2.5982584977119902,0.19234918101574294,,0
P2_S2_B3_seed1006,S2,B3,"plant@(2.000,3.000)",1,r1.00_a240,240,1.0,1.4999999999999996,2.1339745962155616,True,True,True,2.602031634036085,0.17338636101339944,,0
P2_S2_B3_seed1006,S2,B3,"plant@(2.000,3.000)",1,r1.20_a270,270,1.2,1.9999999999999998,1.8,True,True,True,2.6786582306225384,0.17400445000384934,,0
P2_S2_B3_seed1006,S2,B3,"plant@(2.000,3.000)",1,r1.00_a210,210,1.0,1.1339745962155614,2.5,True,True,True,2.74531223429477,0.1862543339957483,,0
P2_S2_B3_seed1006,S2,B3,"plant@(2.000,3.000)",1,r0.80_a240,240,0.8,1.5999999999999996,2.3071796769724493,True,True,True,2.803764317979718,0.18436952598858625,,0
P2_S2_B3_seed1006,S2,B3,"plant@(2.000,3.000)",1,r1.00_a270,270,1.0,1.9999999999999998,2.0,True,True,True,2.816025931651265,0.18362512299790978,,0
P2_S2_B3_seed1006,S2,B3,"plant@(2.000,3.000)",1,r0.80_a210,210,0.8,1.307179676972449,2.5999999999999996,True,True,True,2.9198346466490075,0.20024428199394606,,0
P2_S2_B3_seed1006,S2,B3,"plant@(2.000,3.000)",1,r0.80_a270,270,0.8,1.9999999999999998,2.2,True,True,True,2.96247563771313,0.1965956420172006,,0
P2_S2_B3_seed1006,S2,B3,"plant@(2.000,3.000)",1,r1.20_a180,180,1.2,0.8,3.0,True,True,True,3.1847430226150277,0.21625064601539634,,0
P2_S2_B3_seed1006,S2,B3,"plant@(2.000,3.000)",1,r1.00_a180,180,1.0,1.0,3.0,True,True,True,3.169875174869212,0.21138163600699045,,0
P2_S2_B3_seed1006,S2,B3,"plant@(2.000,3.000)",1,r0.80_a180,180,0.8,1.2,3.0,True,True,True,3.2416304739555724,0.21714870500727557,,0
P2_S2_B3_seed1006,S2,B3,"plant@(2.000,3.000)",1,r1.20_a300,300,1.2,2.6,1.9607695154586737,True,True,True,3.2493641108315225,0.2180376430042088,,0
P2_S2_B3_seed1006,S2,B3,"plant@(2.000,3.000)",1,r1.00_a300,300,1.0,2.5,2.1339745962155616,True,True,True,3.2803082874835803,0.21452281600795686,,0
P2_S2_B3_seed1006,S2,B3,"plant@(2.000,3.000)",1,r0.80_a300,300,0.8,2.4000000000000004,2.3071796769724493,True,True,True,3.3238474265494395,0.23230594699271023,,0
P2_S2_B3_seed1006,S2,B3,"plant@(2.000,3.000)",1,r0.80_a150,150,0.8,1.3071796769724489,3.4,True,True,True,3.697423411089156,0.24354622699320316,,0
P2_S2_B3_seed1006,S2,B3,"plant@(2.000,3.000)",1,r1.00_a150,150,1.0,1.1339745962155612,3.5,True,True,True,3.688042177210573,0.24698274699039757,,0
P2_S2_B3_seed1006,S2,B3,"plant@(2.000,3.000)",1,r1.20_a150,150,1.2,0.9607695154586735,3.5999999999999996,True,True,True,3.7664397493190878,0.24084599799243733,,0
P2_S2_B3_seed1006,S2,B3,"plant@(2.000,3.000)",1,r0.80_a330,330,0.8,2.6928203230275507,2.5999999999999996,True,True,True,3.7670170039224296,0.2500992779969238,,0
P2_S2_B3_seed1006,S2,B3,"plant@(2.000,3.000)",1,r1.00_a330,330,1.0,2.8660254037844384,2.4999999999999996,True,True,True,3.8177101866375125,0.2506656759942416,,0
P2_S2_B3_seed1006,S2,B3,"plant@(2.000,3.000)",1,r1.20_a330,330,1.2,3.039230484541326,2.3999999999999995,True,True,True,3.862814351084195,0.2602776550047565,,0
P2_S2_B3_seed1006,S2,B3,"plant@(2.000,3.000)",1,r0.80_a000,0,0.8,2.8,3.0,True,True,True,4.198710423429075,0.2627879520005081,,0
P2_S2_B3_seed1006,S2,B3,"plant@(2.000,3.000)",1,r1.00_a120,120,1.0,1.5000000000000002,3.866025403784439,True,True,True,4.349087003878647,0.2756404089741409,,0
P2_S2_B3_seed1006,S2,B3,"plant@(2.000,3.000)",1,r1.00_a000,0,1.0,3.0,3.0,True,True,True,4.262439227569819,0.2745726050052326,,0
P2_S2_B3_seed1006,S2,B3,"plant@(2.000,3.000)",1,r1.20_a120,120,1.2,1.4000000000000004,4.039230484541326,True,True,True,4.307100999716338,0.2752306089969352,,0
P2_S2_B3_seed1006,S2,B3,"plant@(2.000,3.000)",1,r0.80_a030,30,0.8,2.692820323027551,3.4,True,True,True,4.6843439254528665,0.30705636701895855,,0
P2_S2_B3_seed1006,S2,B3,"plant@(2.000,3.000)",1,r1.20_a000,0,1.2,3.2,3.0,True,True,True,4.391661197065614,0.2887775370036252,,0
P2_S2_B3_seed1006,S2,B3,"plant@(2.000,3.000)",1,r1.00_a090,90,1.0,2.0,4.0,True,True,True,4.93275588851247,0.30815634899772704,,0
P2_S2_B3_seed1006,S2,B3,"plant@(2.000,3.000)",1,r1.00_a030,30,1.0,2.866025403784439,3.5,True,True,True,4.733839035284139,0.3025016939791385,,0
P2_S2_B3_seed1006,S2,B3,"plant@(2.000,3.000)",1,r1.00_a060,60,1.0,2.5,3.8660254037844384,True,True,True,5.290531886297779,0.35963985198759474,,0
P2_S2_B3_seed1006,S2,B3,"plant@(2.000,3.000)",1,r1.20_a090,90,1.2,2.0,4.2,True,True,True,4.937109901060667,0.3308442239940632,,0
P2_S2_B3_seed1006,S2,B3,"plant@(2.000,3.000)",1,r1.20_a030,30,1.2,3.0392304845413265,3.5999999999999996,True,True,True,4.865006267629385,0.3237225319899153,,0
P2_S2_B3_seed1006,S2,B3,"plant@(-6.000,4.500)",1,r1.20_a330,330,1.2,-4.960769515458674,3.8999999999999995,True,True,True,7.7786912897878375,0.2794014819955919,,0
P2_S2_B3_seed1006,S2,B3,"plant@(-6.000,4.500)",1,r1.20_a000,0,1.2,-4.8,4.5,True,True,True,7.499035933053501,0.27313466800842434,,1
P2_S2_B3_seed1006,S2,B3,"plant@(-6.000,4.500)",1,r1.00_a330,330,1.0,-5.133974596215562,3.9999999999999996,True,True,True,7.967371928005717,0.2642234390077647,,0
P2_S2_B3_seed1006,S2,B3,"plant@(-6.000,4.500)",1,r1.00_a000,0,1.0,-5.0,4.5,True,True,True,7.741200009825955,0.2724696240038611,,0
P2_S2_B3_seed1006,S2,B3,"plant@(-6.000,4.500)",1,r1.20_a300,300,1.2,-5.4,3.460769515458674,True,True,False,,0.2572125500009861,path_infeasible_under_safety_checks,0
P2_S2_B3_seed1006,S2,B3,"plant@(-6.000,4.500)",1,r0.80_a330,330,0.8,-5.307179676972449,4.1,True,True,True,8.02283584172472,0.2979491130099632,,0
P2_S2_B3_seed1006,S2,B3,"plant@(-6.000,4.500)",1,r0.80_a000,0,0.8,-5.2,4.5,True,True,True,7.861927088163996,0.28457830799743533,,0
P2_S2_B3_seed1006,S2,B3,"plant@(-6.000,4.500)",1,r1.20_a030,30,1.2,-4.960769515458674,5.1,True,True,True,7.759571422100919,0.3480016620014794,,0
P2_S2_B3_seed1006,S2,B3,"plant@(-6.000,4.500)",1,r1.00_a030,30,1.0,-5.133974596215562,5.0,True,True,True,8.139981453404344,0.27914138400228694,,0
P2_S2_B3_seed1006,S2,B3,"plant@(-6.000,4.500)",1,r0.80_a030,30,0.8,-5.307179676972449,4.9,True,True,True,8.01229575904147,0.2842365630203858,,0
P2_S2_B3_seed1006,S2,B3,"plant@(-6.000,4.500)",1,r1.20_a060,60,1.2,-5.4,5.539230484541326,True,True,True,8.319400296132509,0.2970061030064244,,0
P2_S2_B3_seed1006,S2,B3,"plant@(-6.000,4.500)",1,r1.20_a240,240,1.2,-6.6000000000000005,3.460769515458674,True,True,False,,0.1772275170078501,path_infeasible_under_safety_checks,0
P2_S2_B3_seed1006,S2,B3,"plant@(-6.000,4.500)",1,r0.80_a210,210,0.8,-6.692820323027551,4.1,True,True,True,11.552453930606083,0.291524667001795,,0
P2_S2_B3_seed1006,S2,B3,"plant@(-6.000,4.500)",1,r1.00_a210,210,1.0,-6.866025403784438,4.0,True,True,False,,0.17567957201390527,path_infeasible_under_safety_checks,0
P2_S2_B3_seed1006,S2,B3,"plant@(-6.000,4.500)",1,r0.80_a180,180,0.8,-6.8,4.5,True,True,True,11.102618502045415,0.27378194997436367,,0
P2_S2_B3_seed1006,S2,B3,"plant@(-6.000,4.500)",1,r1.00_a120,120,1.0,-6.5,5.366025403784438,True,True,False,,0.25088789098663256,path_infeasible_under_safety_checks,0
P2_S2_B3_seed1006,S2,B3,"plant@(-6.000,4.500)",1,r0.80_a150,150,0.8,-6.692820323027551,4.9,True,True,True,10.890294239830432,0.2704837860073894,,0
P2_S2_B3_seed1006,S2,B3,"plant@(-6.000,4.500)",1,r1.20_a210,210,1.2,-7.039230484541326,3.9,True,True,False,,0.18002246800460853,path_infeasible_under_safety_checks,0
P2_S2_B3_seed1006,S2,B3,"plant@(-6.000,4.500)",1,r1.20_a120,120,1.2,-6.6,5.539230484541326,True,True,True,10.062821719333614,0.25048900800175034,,0
P2_S2_B3_seed1006,S2,B3,"plant@(-6.000,4.500)",1,r1.00_a180,180,1.0,-7.0,4.5,True,True,True,11.126937983582863,0.2654553530155681,,0
P2_S2_B3_seed1006,S2,B3,"plant@(-6.000,4.500)",1,r1.00_a150,150,1.0,-6.866025403784438,5.0,True,True,True,10.7201005553924,0.26579561800463125,,0
P2_S2_B3_seed1006,S2,B3,"plant@(-6.000,4.500)",1,r1.20_a180,180,1.2,-7.2,4.5,True,True,True,11.157454019179196,0.267613159987377,,0
P2_S2_B3_seed1006,S2,B3,"plant@(-6.000,4.500)",1,r1.20_a150,150,1.2,-7.039230484541326,5.1,True,True,True,10.547550618129515,0.2651590080058668,,0
P2_S2_B3_seed1006,S2,B3,"plant@(-6.000,4.500)",1,r1.00_a300,300,1.0,-5.5,3.6339745962155616,False,True,False,,0.2807731599896215,path_infeasible_under_safety_checks,0
P2_S2_B3_seed1006,S2,B3,"plant@(-6.000,4.500)",1,r0.80_a300,300,0.8,-5.6,3.8071796769724493,False,True,False,,0.2981496540014632,path_infeasible_under_safety_checks,0
P2_S2_B3_seed1006,S2,B3,"plant@(-6.000,4.500)",1,r1.20_a270,270,1.2,-6.0,3.3,False,True,False,,0.26627818000270054,path_infeasible_under_safety_checks,0
P2_S2_B3_seed1006,S2,B3,"plant@(-6.000,4.500)",1,r1.00_a270,270,1.0,-6.0,3.5,False,True,False,,0.2873055890086107,path_infeasible_under_safety_checks,0
P2_S2_B3_seed1006,S2,B3,"plant@(-6.000,4.500)",1,r0.80_a270,270,0.8,-6.0,3.7,False,True,False,,0.31681225399370305,path_infeasible_under_safety_checks,0
P2_S2_B3_seed1006,S2,B3,"plant@(-6.000,4.500)",1,r1.00_a060,60,1.0,-5.5,5.366025403784438,False,True,False,,0.2948287769977469,path_infeasible_under_safety_checks,0
P2_S2_B3_seed1006,S2,B3,"plant@(-6.000,4.500)",1,r0.80_a060,60,0.8,-5.6,5.192820323027551,False,True,False,,0.28478811201057397,path_infeasible_under_safety_checks,0
P2_S2_B3_seed1006,S2,B3,"plant@(-6.000,4.500)",1,r0.80_a240,240,0.8,-6.4,3.8071796769724493,False,True,False,,0.20927536900853738,path_infeasible_under_safety_checks,0
P2_S2_B3_seed1006,S2,B3,"plant@(-6.000,4.500)",1,r1.00_a240,240,1.0,-6.5,3.6339745962155616,False,True,False,,0.21474214299814776,path_infeasible_under_safety_checks,0
P2_S2_B3_seed1006,S2,B3,"plant@(12.000,2.000)",1,r1.20_a240,240,1.2,11.399999999999999,0.960769515458674,True,True,True,21.573673375448898,0.2926898429868743,,0
P2_S2_B3_seed1006,S2,B3,"plant@(12.000,2.000)",1,r1.20_a090,90,1.2,12.0,3.2,True,True,True,21.139744397078086,0.27072854299331084,,1
P2_S2_B3_seed1006,S2,B3,"plant@(12.000,2.000)",1,r0.80_a060,60,0.8,12.4,2.6928203230275507,True,True,True,21.659476474518783,0.2770868889929261,,0
P2_S2_B3_seed1006,S2,B3,"plant@(12.000,2.000)",1,r1.00_a060,60,1.0,12.5,2.8660254037844384,True,True,True,21.51719522553854,0.2709214439964853,,0
P2_S2_B3_seed1006,S2,B3,"plant@(12.000,2.000)",1,r1.20_a060,60,1.2,12.6,3.039230484541326,True,True,True,21.4234662551374,0.2701664950000122,,0
P2_S2_B3_seed1006,S2,B3,"plant@(12.000,2.000)",1,r0.80_a030,30,0.8,12.69282032302755,2.4,True,True,True,22.036992070902034,0.27651229899493046,,0
P2_S2_B3_seed1006,S2,B3,"plant@(12.000,2.000)",1,r0.80_a330,330,0.8,12.69282032302755,1.5999999999999996,True,True,True,22.9227243625352,0.3108725539932493,,0
P2_S2_B3_seed1006,S2,B3,"plant@(12.000,2.000)",1,r1.00_a030,30,1.0,12.86602540378444,2.5,True,True,True,21.97627878641527,0.30794163202517666,,0
P2_S2_B3_seed1006,S2,B3,"plant@(12.000,2.000)",1,r0.80_a000,0,0.8,12.8,2.0,True,True,True,22.501933650574763,0.2896606120048091,,0
P2_S2_B3_seed1006,S2,B3,"plant@(12.000,2.000)",1,r1.00_a330,330,1.0,12.866025403784437,1.4999999999999996,True,True,True,23.043424084726134,0.2941628340049647,,0
P2_S2_B3_seed1006,S2,B3,"plant@(12.000,2.000)",1,r1.20_a030,30,1.2,13.039230484541326,2.5999999999999996,True,True,True,21.982062881050325,0.2790473400091287,,0
P2_S2_B3_seed1006,S2,B3,"plant@(12.000,2.000)",1,r1.00_a000,0,1.0,13.0,2.0,True,True,True,22.524807723902704,0.2865013779955916,,0
P2_S2_B3_seed1006,S2,B3,"plant@(12.000,2.000)",1,r1.20_a330,330,1.2,13.039230484541326,1.3999999999999995,True,True,True,23.097655193296184,0.30214946999331005,,0
P2_S2_B3_seed1006,S2,B3,"plant@(12.000,2.000)",1,r1.20_a000,0,1.2,13.2,2.0,True,True,True,22.580929531995736,0.28218902298249304,,0
P2_S2_B3_seed1006,S2,B3,"plant@(12.000,2.000)",1,r1.20_a180,180,1.2,10.8,2.0,False,True,False,,0.28499645899864845,path_infeasible_under_safety_checks,0
P2_S2_B3_seed1006,S2,B3,"plant@(12.000,2.000)",1,r1.20_a150,150,1.2,10.960769515458674,2.5999999999999996,False,True,False,,0.26232308501494117,path_infeasible_under_safety_checks,0
P2_S2_B3_seed1006,S2,B3,"plant@(12.000,2.000)",1,r1.00_a180,180,1.0,11.0,2.0,False,True,False,,0.31432962900726125,path_infeasible_under_safety_checks,0
P2_S2_B3_seed1006,S2,B3,"plant@(12.000,2.000)",1,r1.00_a150,150,1.0,11.13397459621556,2.5,False,True,False,,0.2863785779918544,path_infeasible_under_safety_checks,0
P2_S2_B3_seed1006,S2,B3,"plant@(12.000,2.000)",1,r1.20_a210,210,1.2,10.960769515458674,1.4,False,True,False,,0.27553355100099,path_infeasible_under_safety_checks,0
P2_S2_B3_seed1006,S2,B3,"plant@(12.000,2.000)",1,r0.80_a180,180,0.8,11.2,2.0,False,True,False,,0.2825401499867439,path_infeasible_under_safety_checks,0
P2_S2_B3_seed1006,S2,B3,"plant@(12.000,2.000)",1,r1.00_a210,210,1.0,11.13397459621556,1.5,False,True,False,,0.37771787800011225,path_infeasible_under_safety_checks,0
P2_S2_B3_seed1006,S2,B3,"plant@(12.000,2.000)",1,r0.80_a150,150,0.8,11.30717967697245,2.4,False,True,False,,0.3050726579967886,path_infeasible_under_safety_checks,0
P2_S2_B3_seed1006,S2,B3,"plant@(12.000,2.000)",1,r1.20_a120,120,1.2,11.4,3.0392304845413265,False,True,False,,0.27981660701334476,path_infeasible_under_safety_checks,0
P2_S2_B3_seed1006,S2,B3,"plant@(12.000,2.000)",1,r0.80_a210,210,0.8,11.30717967697245,1.5999999999999999,False,True,False,,0.2946505259897094,path_infeasible_under_safety_checks,0
P2_S2_B3_seed1006,S2,B3,"plant@(12.000,2.000)",1,r1.00_a120,120,1.0,11.5,2.866025403784439,False,True,False,,0.30301636198419146,path_infeasible_under_safety_checks,0
P2_S2_B3_seed1006,S2,B3,"plant@(12.000,2.000)",1,r0.80_a120,120,0.8,11.6,2.692820323027551,False,True,False,,0.30234819900942966,path_infeasible_under_safety_checks,0
P2_S2_B3_seed1006,S2,B3,"plant@(12.000,2.000)",1,r1.00_a240,240,1.0,11.5,1.1339745962155616,False,True,False,,0.2730886570061557,path_infeasible_under_safety_checks,0
P2_S2_B3_seed1006,S2,B3,"plant@(12.000,2.000)",1,r0.80_a240,240,0.8,11.6,1.3071796769724493,False,True,False,,0.3026573650131468,path_infeasible_under_safety_checks,0
P2_S2_B3_seed1006,S2,B3,"plant@(12.000,2.000)",1,r1.00_a090,90,1.0,12.0,3.0,False,True,False,,0.2669815910048783,path_infeasible_under_safety_checks,0
P2_S2_B3_seed1006,S2,B3,"plant@(12.000,2.000)",1,r0.80_a090,90,0.8,12.0,2.8,False,True,False,,0.2719434440077748,path_infeasible_under_safety_checks,0
P2_S2_B3_seed1006,S2,B3,"plant@(12.000,2.000)",1,r0.80_a270,270,0.8,12.0,1.2,False,True,False,,0.30502634699223563,path_infeasible_under_safety_checks,0
P2_S2_B3_seed1006,S2,B3,"plant@(12.000,2.000)",1,r1.00_a270,270,1.0,12.0,1.0,False,True,False,,0.30487930501112714,path_infeasible_under_safety_checks,0
P2_S2_B3_seed1007,S2,B3,"plant@(2.000,3.000)",1,r1.20_a240,240,1.2,1.3999999999999995,1.960769515458674,True,True,True,2.4021980321074725,0.15144448998034932,,1
P2_S2_B3_seed1007,S2,B3,"plant@(2.000,3.000)",1,r1.20_a210,210,1.2,0.9607695154586737,2.4,True,True,True,2.5982584977119902,0.18590071800281294,,0
P2_S2_B3_seed1007,S2,B3,"plant@(2.000,3.000)",1,r1.00_a240,240,1.0,1.4999999999999996,2.1339745962155616,True,True,True,2.602031634036085,0.16942087898496538,,0
P2_S2_B3_seed1007,S2,B3,"plant@(2.000,3.000)",1,r1.20_a270,270,1.2,1.9999999999999998,1.8,True,True,True,2.6786582306225384,0.16567092097830027,,0
P2_S2_B3_seed1007,S2,B3,"plant@(2.000,3.000)",1,r1.00_a210,210,1.0,1.1339745962155614,2.5,True,True,True,2.74531223429477,0.1778167819720693,,0
P2_S2_B3_seed1007,S2,B3,"plant@(2.000,3.000)",1,r0.80_a240,240,0.8,1.5999999999999996,2.3071796769724493,True,True,True,2.803764317979718,0.17926897999132052,,0
P2_S2_B3_seed1007,S2,B3,"plant@(2.000,3.000)",1,r1.00_a270,270,1.0,1.9999999999999998,2.0,True,True,True,2.816025931651265,0.18279533699387684,,0
P2_S2_B3_seed1007,S2,B3,"plant@(2.000,3.000)",1,r0.80_a210,210,0.8,1.307179676972449,2.5999999999999996,True,True,True,2.9198346466490075,0.1912732599885203,,0
P2_S2_B3_seed1007,S2,B3,"plant@(2.000,3.000)",1,r0.80_a270,270,0.8,1.9999999999999998,2.2,True,True,True,2.96247563771313,0.18989436299307272,,0
P2_S2_B3_seed1007,S2,B3,"plant@(2.000,3.000)",1,r1.20_a180,180,1.2,0.8,3.0,True,True,True,3.1847430226150277,0.2186591739882715,,0
P2_S2_B3_seed1007,S2,B3,"plant@(2.000,3.000)",1,r1.00_a180,180,1.0,1.0,3.0,True,True,True,3.169875174869212,0.20844615300302394,,0
P2_S2_B3_seed1007,S2,B3,"plant@(2.000,3.000)",1,r0.80_a180,180,0.8,1.2,3.0,True,True,True,3.2416304739555724,0.2124910459970124,,0
P2_S2_B3_seed1007,S2,B3,"plant@(2.000,3.000)",1,r1.20_a300,300,1.2,2.6,1.9607695154586737,True,True,True,3.2493641108315225,0.20951124400016852,,0
P2_S2_B3_seed1007,S2,B3,"plant@(2.000,3.000)",1,r1.00_a300,300,1.0,2.5,2.1339745962155616,True,True,True,3.2803082874835803,0.21288806397933513,,0
P2_S2_B3_seed1007,S2,B3,"plant@(2.000,3.000)",1,r0.80_a300,300,0.8,2.4000000000000004,2.3071796769724493,True,True,True,3.3238474265494395,0.21705905799171887,,0
P2_S2_B3_seed1007,S2,B3,"plant@(2.000,3.000)",1,r0.80_a150,150,0.8,1.3071796769724489,3.4,True,True,True,3.697423411089156,0.23932293697725981,,0
P2_S2_B3_seed1007,S2,B3,"plant@(2.000,3.000)",1,r1.00_a150,150,1.0,1.1339745962155612,3.5,True,True,True,3.688042177210573,0.24061397498007864,,0
P2_S2_B3_seed1007,S2,B3,"plant@(2.000,3.000)",1,r1.20_a150,150,1.2,0.9607695154586735,3.5999999999999996,True,True,True,3.7664397493190878,0.2654639300017152,,0
P2_S2_B3_seed1007,S2,B3,"plant@(2.000,3.000)",1,r0.80_a330,330,0.8,2.6928203230275507,2.5999999999999996,True,True,True,3.7670170039224296,0.25034522800706327,,0
P2_S2_B3_seed1007,S2,B3,"plant@(2.000,3.000)",1,r1.00_a330,330,1.0,2.8660254037844384,2.4999999999999996,True,True,True,3.8177101866375125,0.2473939790215809,,0
P2_S2_B3_seed1007,S2,B3,"plant@(2.000,3.000)",1,r1.20_a330,330,1.2,3.039230484541326,2.3999999999999995,True,True,True,3.862814351084195,0.2551367609994486,,0
P2_S2_B3_seed1007,S2,B3,"plant@(2.000,3.000)",1,r0.80_a000,0,0.8,2.8,3.0,True,True,True,4.198710423429075,0.2632456099963747,,0
P2_S2_B3_seed1007,S2,B3,"plant@(2.000,3.000)",1,r1.00_a120,120,1.0,1.5000000000000002,3.866025403784439,True,True,True,4.349087003878647,0.2854368049884215,,0
P2_S2_B3_seed1007,S2,B3,"plant@(2.000,3.000)",1,r1.00_a000,0,1.0,3.0,3.0,True,True,True,4.262439227569819,0.28641492599854246,,0
P2_S2_B3_seed1007,S2,B3,"plant@(2.000,3.000)",1,r1.20_a120,120,1.2,1.4000000000000004,4.039230484541326,True,True,True,4.307100999716338,0.2782235959894024,,0
P2_S2_B3_seed1007,S2,B3,"plant@(2.000,3.000)",1,r0.80_a030,30,0.8,2.692820323027551,3.4,True,True,True,4.6843439254528665,0.30356624600244686,,0
P2_S2_B3_seed1007,S2,B3,"plant@(2.000,3.000)",1,r1.20_a000,0,1.2,3.2,3.0,True,True,True,4.391661197065614,0.27879156099515967,,0
P2_S2_B3_seed1007,S2,B3,"plant@(2.000,3.000)",1,r1.00_a090,90,1.0,2.0,4.0,True,True,True,4.93275588851247,0.33487930800765753,,0
P2_S2_B3_seed1007,S2,B3,"plant@(2.000,3.000)",1,r1.00_a030,30,1.0,2.866025403784439,3.5,True,True,True,4.733839035284139,0.30352067001513205,,0
P2_S2_B3_seed1007,S2,B3,"plant@(2.000,3.000)",1,r1.00_a060,60,1.0,2.5,3.8660254037844384,True,True,True,5.290531886297779,0.3484505339874886,,0
P2_S2_B3_seed1007,S2,B3,"plant@(2.000,3.000)",1,r1.20_a090,90,1.2,2.0,4.2,True,True,True,4.937109901060667,0.3162190270086285,,0
P2_S2_B3_seed1007,S2,B3,"plant@(2.000,3.000)",1,r1.20_a030,30,1.2,3.0392304845413265,3.5999999999999996,True,True,True,4.865006267629385,0.3745002819923684,,0
P2_S2_B3_seed1007,S2,B3,"plant@(-6.000,4.500)",1,r1.20_a330,330,1.2,-4.960769515458674,3.8999999999999995,True,True,True,7.7786912897878375,0.28032103800796904,,0
P2_S2_B3_seed1007,S2,B3,"plant@(-6.000,4.500)",1,r1.20_a000,0,1.2,-4.8,4.5,True,True,True,7.499035933053501,0.26688711598399095,,1
P2_S2_B3_seed1007,S2,B3,"plant@(-6.000,4.500)",1,r1.00_a330,330,1.0,-5.133974596215562,3.9999999999999996,True,True,True,7.967371928005717,0.2680960400030017,,0
P2_S2_B3_seed1007,S2,B3,"plant@(-6.000,4.500)",1,r1.00_a000,0,1.0,-5.0,4.5,True,True,True,7.741200009825955,0.2628314839967061,,0
P2_S2_B3_seed1007,S2,B3,"plant@(-6.000,4.500)",1,r1.20_a300,300,1.2,-5.4,3.460769515458674,True,True,False,,0.2637058469990734,path_infeasible_under_safety_checks,0
P2_S2_B3_seed1007,S2,B3,"plant@(-6.000,4.500)",1,r0.80_a330,330,0.8,-5.307179676972449,4.1,True,True,True,8.02283584172472,0.2991391879913863,,0
P2_S2_B3_seed1007,S2,B3,"plant@(-6.000,4.500)",1,r0.80_a000,0,0.8,-5.2,4.5,True,True,True,7.861927088163996,0.28420862401253544,,0
P2_S2_B3_seed1007,S2,B3,"plant@(-6.000,4.500)",1,r1.20_a030,30,1.2,-4.960769515458674,5.1,True,True,True,7.759571422100919,0.2905894379946403,,0
P2_S2_B3_seed1007,S2,B3,"plant@(-6.000,4.500)",1,r1.00_a030,30,1.0,-5.133974596215562,5.0,True,True,True,8.139981453404344,0.26347202400211245,,0
P2_S2_B3_seed1007,S2,B3,"plant@(-6.000,4.500)",1,r0.80_a030,30,0.8,-5.307179676972449,4.9,True,True,True,8.01229575904147,0.28987734601832926,,0
P2_S2_B3_seed1007,S2,B3,"plant@(-6.000,4.500)",1,r1.20_a060,60,1.2,-5.4,5.539230484541326,True,True,True,8.319400296132509,0.30999456500285305,,0
P2_S2_B3_seed1007,S2,B3,"plant@(-6.000,4.500)",1,r1.20_a240,240,1.2,-6.6000000000000005,3.460769515458674,True,True,False,,0.18330813400098123,path_infeasible_under_safety_checks,0
P2_S2_B3_seed1007,S2,B3,"plant@(-6.000,4.500)",1,r0.80_a210,210,0.8,-6.692820323027551,4.1,True,True,True,11.552453930606083,0.3265400030068122,,0
P2_S2_B3_seed1007,S2,B3,"plant@(-6.000,4.500)",1,r1.00_a210,210,1.0,-6.866025403784438,4.0,True,True,False,,0.17200287600280717,path_infeasible_under_safety_checks,0
P2_S2_B3_seed1007,S2,B3,"plant@(-6.000,4.500)",1,r0.80_a180,180,0.8,-6.8,4.5,True,True,True,11.102618502045415,0.2876722590008285,,0
P2_S2_B3_seed1007,S2,B3,"plant@(-6.000,4.500)",1,r1.00_a120,120,1.0,-6.5,5.366025403784438,True,True,False,,0.24452319802367128,path_infeasible_under_safety_checks,0
P2_S2_B3_seed1007,S2,B3,"plant@(-6.000,4.500)",1,r0.80_a150,150,0.8,-6.692820323027551,4.9,True,True,True,10.890294239830432,0.2755024789948948,,0
P2_S2_B3_seed1007,S2,B3,"plant@(-6.000,4.500)",1,r1.20_a210,210,1.2,-7.039230484541326,3.9,True,True,False,,0.18658643899834715,path_infeasible_under_safety_checks,0
P2_S2_B3_seed1007,S2,B3,"plant@(-6.000,4.500)",1,r1.20_a120,120,1.2,-6.6,5.539230484541326,True,True,True,10.062821719333614,0.2742280059901532,,0
P2_S2_B3_seed1007,S2,B3,"plant@(-6.000,4.500)",1,r1.00_a180,180,1.0,-7.0,4.5,True,True,True,11.126937983582863,0.2612454289919697,,0
P2_S2_B3_seed1007,S2,B3,"plant@(-6.000,4.500)",1,r1.00_a150,150,1.0,-6.866025403784438,5.0,True,True,True,10.7201005553924,0.2579655779991299,,0
P2_S2_B3_seed1007,S2,B3,"plant@(-6.000,4.500)",1,r1.20_a180,180,1.2,-7.2,4.5,True,True,True,11.157454019179196,0.27730852700187825,,0
P2_S2_B3_seed1007,S2,B3,"plant@(-6.000,4.500)",1,r1.20_a150,150,1.2,-7.039230484541326,5.1,True,True,True,10.547550618129515,0.2549071469984483,,0
P2_S2_B3_seed1007,S2,B3,"plant@(-6.000,4.500)",1,r1.00_a300,300,1.0,-5.5,3.6339745962155616,False,True,False,,0.25931830902118236,path_infeasible_under_safety_checks,0
P2_S2_B3_seed1007,S2,B3,"plant@(-6.000,4.500)",1,r0.80_a300,300,0.8,-5.6,3.8071796769724493,False,True,False,,0.29190188299980946,path_infeasible_under_safety_checks,0
P2_S2_B3_seed1007,S2,B3,"plant@(-6.000,4.500)",1,r1.20_a270,270,1.2,-6.0,3.3,False,True,False,,0.2567342889960855,path_infeasible_under_safety_checks,0
P2_S2_B3_seed1007,S2,B3,"plant@(-6.000,4.500)",1,r1.00_a270,270,1.0,-6.0,3.5,False,True,False,,0.2827406119904481,path_infeasible_under_safety_checks,0
P2_S2_B3_seed1007,S2,B3,"plant@(-6.000,4.500)",1,r0.80_a270,270,0.8,-6.0,3.7,False,True,False,,0.42237229499733075,path_infeasible_under_safety_checks,0
P2_S2_B3_seed1007,S2,B3,"plant@(-6.000,4.500)",1,r1.00_a060,60,1.0,-5.5,5.366025403784438,False,True,False,,0.2958310889953282,path_infeasible_under_safety_checks,0
P2_S2_B3_seed1007,S2,B3,"plant@(-6.000,4.500)",1,r0.80_a060,60,0.8,-5.6,5.192820323027551,False,True,False,,0.2799526290036738,path_infeasible_under_safety_checks,0
P2_S2_B3_seed1007,S2,B3,"plant@(-6.000,4.500)",1,r0.80_a240,240,0.8,-6.4,3.8071796769724493,False,True,False,,0.20405055899755098,path_infeasible_under_safety_checks,0
P2_S2_B3_seed1007,S2,B3,"plant@(-6.000,4.500)",1,r1.00_a240,240,1.0,-6.5,3.6339745962155616,False,True,False,,0.20022213199990802,path_infeasible_under_safety_checks,0
P2_S2_B3_seed1007,S2,B3,"plant@(12.000,2.000)",1,r1.20_a240,240,1.2,11.399999999999999,0.960769515458674,True,True,True,21.45288704942165,0.29819022602168843,,0
P2_S2_B3_seed1007,S2,B3,"plant@(12.000,2.000)",1,r1.20_a090,90,1.2,12.0,3.2,True,True,True,21.142581627804493,0.27911134099122137,,1
P2_S2_B3_seed1007,S2,B3,"plant@(12.000,2.000)",1,r0.80_a060,60,0.8,12.4,2.6928203230275507,True,True,True,21.640857425825626,0.2800541940086987,,0
P2_S2_B3_seed1007,S2,B3,"plant@(12.000,2.000)",1,r1.00_a060,60,1.0,12.5,2.8660254037844384,True,True,True,21.5009998651301,0.2791214259923436,,0
P2_S2_B3_seed1007,S2,B3,"plant@(12.000,2.000)",1,r1.20_a060,60,1.2,12.6,3.039230484541326,True,True,True,21.39141099248689,0.2772533640090842,,0
P2_S2_B3_seed1007,S2,B3,"plant@(12.000,2.000)",1,r0.80_a030,30,0.8,12.69282032302755,2.4,True,True,True,22.01783120841175,0.27459427699795924,,0
P2_S2_B3_seed1007,S2,B3,"plant@(12.000,2.000)",1,r0.80_a330,330,0.8,12.69282032302755,1.5999999999999996,True,True,True,22.857477607195904,0.2861216370074544,,0
P2_S2_B3_seed1007,S2,B3,"plant@(12.000,2.000)",1,r1.00_a030,30,1.0,12.86602540378444,2.5,True,True,True,21.908061591509767,0.2676135940128006,,0
P2_S2_B3_seed1007,S2,B3,"plant@(12.000,2.000)",1,r0.80_a000,0,0.8,12.8,2.0,True,True,True,22.42612719691201,0.2796250400133431,,0
P2_S2_B3_seed1007,S2,B3,"plant@(12.000,2.000)",1,r1.00_a330,330,1.0,12.866025403784437,1.4999999999999996,True,True,True,22.92628159225088,0.28873394199763425,,0
P2_S2_B3_seed1007,S2,B3,"plant@(12.000,2.000)",1,r1.20_a030,30,1.2,13.039230484541326,2.5999999999999996,True,True,True,21.903389570918403,0.278312290989561,,0
P2_S2_B3_seed1007,S2,B3,"plant@(12.000,2.000)",1,r1.00_a000,0,1.0,13.0,2.0,True,True,True,22.478855110998108,0.27803574700374156,,0
P2_S2_B3_seed1007,S2,B3,"plant@(12.000,2.000)",1,r1.20_a330,330,1.2,13.039230484541326,1.3999999999999995,True,True,True,23.06676229285286,0.28919359599240124,,0
P2_S2_B3_seed1007,S2,B3,"plant@(12.000,2.000)",1,r1.20_a000,0,1.2,13.2,2.0,True,True,True,22.529972631912376,0.34156828199047595,,0
P2_S2_B3_seed1007,S2,B3,"plant@(12.000,2.000)",1,r1.20_a180,180,1.2,10.8,2.0,False,True,False,,0.30053974999464117,path_infeasible_under_safety_checks,0
P2_S2_B3_seed1007,S2,B3,"plant@(12.000,2.000)",1,r1.20_a150,150,1.2,10.960769515458674,2.5999999999999996,False,True,False,,0.2639698750281241,path_infeasible_under_safety_checks,0
P2_S2_B3_seed1007,S2,B3,"plant@(12.000,2.000)",1,r1.00_a180,180,1.0,11.0,2.0,False,True,False,,0.28667280499939807,path_infeasible_under_safety_checks,0
P2_S2_B3_seed1007,S2,B3,"plant@(12.000,2.000)",1,r1.00_a150,150,1.0,11.13397459621556,2.5,False,True,False,,0.26649292098591104,path_infeasible_under_safety_checks,0
P2_S2_B3_seed1007,S2,B3,"plant@(12.000,2.000)",1,r1.20_a210,210,1.2,10.960769515458674,1.4,False,True,False,,0.2799420749943238,path_infeasible_under_safety_checks,0
P2_S2_B3_seed1007,S2,B3,"plant@(12.000,2.000)",1,r0.80_a180,180,0.8,11.2,2.0,False,True,False,,0.2813598189968616,path_infeasible_under_safety_checks,0
P2_S2_B3_seed1007,S2,B3,"plant@(12.000,2.000)",1,r1.00_a210,210,1.0,11.13397459621556,1.5,False,True,False,,0.2879791140148882,path_infeasible_under_safety_checks,0
P2_S2_B3_seed1007,S2,B3,"plant@(12.000,2.000)",1,r0.80_a150,150,0.8,11.30717967697245,2.4,False,True,False,,0.27947922301245853,path_infeasible_under_safety_checks,0
P2_S2_B3_seed1007,S2,B3,"plant@(12.000,2.000)",1,r1.20_a120,120,1.2,11.4,3.0392304845413265,False,True,False,,0.28730930501478724,path_infeasible_under_safety_checks,0
P2_S2_B3_seed1007,S2,B3,"plant@(12.000,2.000)",1,r0.80_a210,210,0.8,11.30717967697245,1.5999999999999999,False,True,False,,0.2874070359976031,path_infeasible_under_safety_checks,0
P2_S2_B3_seed1007,S2,B3,"plant@(12.000,2.000)",1,r1.00_a120,120,1.0,11.5,2.866025403784439,False,True,False,,0.30245271799503826,path_infeasible_under_safety_checks,0
P2_S2_B3_seed1007,S2,B3,"plant@(12.000,2.000)",1,r0.80_a120,120,0.8,11.6,2.692820323027551,False,True,False,,0.2916484409943223,path_infeasible_under_safety_checks,0
P2_S2_B3_seed1007,S2,B3,"plant@(12.000,2.000)",1,r1.00_a240,240,1.0,11.5,1.1339745962155616,False,True,False,,0.2650019339926075,path_infeasible_under_safety_checks,0
P2_S2_B3_seed1007,S2,B3,"plant@(12.000,2.000)",1,r0.80_a240,240,0.8,11.6,1.3071796769724493,False,True,False,,0.36816208498203196,path_infeasible_under_safety_checks,0
P2_S2_B3_seed1007,S2,B3,"plant@(12.000,2.000)",1,r1.00_a090,90,1.0,12.0,3.0,False,True,False,,0.26897846901556477,path_infeasible_under_safety_checks,0
P2_S2_B3_seed1007,S2,B3,"plant@(12.000,2.000)",1,r0.80_a090,90,0.8,12.0,2.8,False,True,False,,0.2675210470042657,path_infeasible_under_safety_checks,0
P2_S2_B3_seed1007,S2,B3,"plant@(12.000,2.000)",1,r0.80_a270,270,0.8,12.0,1.2,False,True,False,,0.2856008429953363,path_infeasible_under_safety_checks,0
P2_S2_B3_seed1007,S2,B3,"plant@(12.000,2.000)",1,r1.00_a270,270,1.0,12.0,1.0,False,True,False,,0.2845253110281192,path_infeasible_under_safety_checks,0
P2_S2_B3_seed1008,S2,B3,"plant@(2.000,3.000)",1,r1.20_a240,240,1.2,1.3999999999999995,1.960769515458674,True,True,True,2.4021980321074725,0.15728306499659084,,1
P2_S2_B3_seed1008,S2,B3,"plant@(2.000,3.000)",1,r1.20_a210,210,1.2,0.9607695154586737,2.4,True,True,True,2.5982584977119902,0.18933339198702015,,0
P2_S2_B3_seed1008,S2,B3,"plant@(2.000,3.000)",1,r1.00_a240,240,1.0,1.4999999999999996,2.1339745962155616,True,True,True,2.602031634036085,0.17125932397902943,,0
P2_S2_B3_seed1008,S2,B3,"plant@(2.000,3.000)",1,r1.20_a270,270,1.2,1.9999999999999998,1.8,True,True,True,2.6786582306225384,0.1835207080002874,,0
P2_S2_B3_seed1008,S2,B3,"plant@(2.000,3.000)",1,r1.00_a210,210,1.0,1.1339745962155614,2.5,True,True,True,2.74531223429477,0.18432844799826853,,0
P2_S2_B3_seed1008,S2,B3,"plant@(2.000,3.000)",1,r0.80_a240,240,0.8,1.5999999999999996,2.3071796769724493,True,True,True,2.803764317979718,0.18514535500435159,,0
P2_S2_B3_seed1008,S2,B3,"plant@(2.000,3.000)",1,r1.00_a270,270,1.0,1.9999999999999998,2.0,True,True,True,2.816025931651265,0.18793048500083387,,0
P2_S2_B3_seed1008,S2,B3,"plant@(2.000,3.000)",1,r0.80_a210,210,0.8,1.307179676972449,2.5999999999999996,True,True,True,2.9198346466490075,0.19829389100777917,,0
P2_S2_B3_seed1008,S2,B3,"plant@(2.000,3.000)",1,r0.80_a270,270,0.8,1.9999999999999998,2.2,True,True,True,2.96247563771313,0.1941167330078315,,0
P2_S2_B3_seed1008,S2,B3,"plant@(2.000,3.000)",1,r1.20_a180,180,1.2,0.8,3.0,True,True,True,3.1847430226150277,0.20676923001883551,,0
P2_S2_B3_seed1008,S2,B3,"plant@(2.000,3.000)",1,r1.00_a180,180,1.0,1.0,3.0,True,True,True,3.169875174869212,0.2117803669825662,,0
P2_S2_B3_seed1008,S2,B3,"plant@(2.000,3.000)",1,r0.80_a180,180,0.8,1.2,3.0,True,True,True,3.2416304739555724,0.21387347098789178,,0
P2_S2_B3_seed1008,S2,B3,"plant@(2.000,3.000)",1,r1.20_a300,300,1.2,2.6,1.9607695154586737,True,True,True,3.2493641108315225,0.21611327401478775,,0
P2_S2_B3_seed1008,S2,B3,"plant@(2.000,3.000)",1,r1.00_a300,300,1.0,2.5,2.1339745962155616,True,True,True,3.2803082874835803,0.21928810302051716,,0
P2_S2_B3_seed1008,S2,B3,"plant@(2.000,3.000)",1,r0.80_a300,300,0.8,2.4000000000000004,2.3071796769724493,True,True,True,3.3238474265494395,0.2258176530012861,,0
P2_S2_B3_seed1008,S2,B3,"plant@(2.000,3.000)",1,r0.80_a150,150,0.8,1.3071796769724489,3.4,True,True,True,3.697423411089156,0.24503668601391837,,0
P2_S2_B3_seed1008,S2,B3,"plant@(2.000,3.000)",1,r1.00_a150,150,1.0,1.1339745962155612,3.5,True,True,True,3.688042177210573,0.30275653599528596,,0
P2_S2_B3_seed1008,S2,B3,"plant@(2.000,3.000)",1,r1.20_a150,150,1.2,0.9607695154586735,3.5999999999999996,True,True,True,3.7664397493190878,0.30347081398940645,,0
P2_S2_B3_seed1008,S2,B3,"plant@(2.000,3.000)",1,r0.80_a330,330,0.8,2.6928203230275507,2.5999999999999996,True,True,True,3.7670170039224296,0.2604096879949793,,0
P2_S2_B3_seed1008,S2,B3,"plant@(2.000,3.000)",1,r1.00_a330,330,1.0,2.8660254037844384,2.4999999999999996,True,True,True,3.8177101866375125,0.25390229900949635,,0
P2_S2_B3_seed1008,S2,B3,"plant@(2.000,3.000)",1,r1.20_a330,330,1.2,3.039230484541326,2.3999999999999995,True,True,True,3.862814351084195,0.26052387899835594,,0
P2_S2_B3_seed1008,S2,B3,"plant@(2.000,3.000)",1,r0.80_a000,0,0.8,2.8,3.0,True,True,True,4.198710423429075,0.26661110899294727,,0
P2_S2_B3_seed1008,S2,B3,"plant@(2.000,3.000)",1,r1.00_a120,120,1.0,1.5000000000000002,3.866025403784439,True,True,True,4.349087003878647,0.28663861798122525,,0
P2_S2_B3_seed1008,S2,B3,"plant@(2.000,3.000)",1,r1.00_a000,0,1.0,3.0,3.0,True,True,True,4.262439227569819,0.28476221099845134,,0
P2_S2_B3_seed1008,S2,B3,"plant@(2.000,3.000)",1,r1.20_a120,120,1.2,1.4000000000000004,4.039230484541326,True,True,True,4.307100999716338,0.28416582601494156,,0
P2_S2_B3_seed1008,S2,B3,"plant@(2.000,3.000)",1,r0.80_a030,30,0.8,2.692820323027551,3.4,True,True,True,4.6843439254528665,0.3128398940025363,,0
P2_S2_B3_seed1008,S2,B3,"plant@(2.000,3.000)",1,r1.20_a000,0,1.2,3.2,3.0,True,True,True,4.391661197065614,0.29404880400397815,,0
P2_S2_B3_seed1008,S2,B3,"plant@(2.000,3.000)",1,r1.00_a090,90,1.0,2.0,4.0,True,True,True,4.93275588851247,0.3314384259865619,,0
P2_S2_B3_seed1008,S2,B3,"plant@(2.000,3.000)",1,r1.00_a030,30,1.0,2.866025403784439,3.5,True,True,True,4.733839035284139,0.3021153809968382,,0
P2_S2_B3_seed1008,S2,B3,"plant@(2.000,3.000)",1,r1.00_a060,60,1.0,2.5,3.8660254037844384,True,True,True,5.290531886297779,0.3472745739854872,,0
P2_S2_B3_seed1008,S2,B3,"plant@(2.000,3.000)",1,r1.20_a090,90,1.2,2.0,4.2,True,True,True,4.937109901060667,0.3351259549963288,,0
P2_S2_B3_seed1008,S2,B3,"plant@(2.000,3.000)",1,r1.20_a030,30,1.2,3.0392304845413265,3.5999999999999996,True,True,True,4.865006267629385,0.32134683601907454,,0
P2_S2_B3_seed1008,S2,B3,"plant@(-6.000,4.500)",1,r1.20_a330,330,1.2,-4.960769515458674,3.8999999999999995,True,True,True,7.791318019268132,0.2483010750147514,,0
P2_S2_B3_seed1008,S2,B3,"plant@(-6.000,4.500)",1,r1.20_a000,0,1.2,-4.8,4.5,True,True,True,7.592004018360777,0.2594305709935725,,1
P2_S2_B3_seed1008,S2,B3,"plant@(-6.000,4.500)",1,r1.00_a330,330,1.0,-5.133974596215562,3.9999999999999996,True,True,True,7.922451298013273,0.2690189410059247,,0
P2_S2_B3_seed1008,S2,B3,"plant@(-6.000,4.500)",1,r1.00_a000,0,1.0,-5.0,4.5,True,True,True,7.705130894592871,0.2604796590167098,,0
P2_S2_B3_seed1008,S2,B3,"plant@(-6.000,4.500)",1,r1.20_a300,300,1.2,-5.4,3.460769515458674,True,True,False,,0.2514095889928285,path_infeasible_under_safety_checks,0
P2_S2_B3_seed1008,S2,B3,"plant@(-6.000,4.500)",1,r0.80_a330,330,0.8,-5.307179676972449,4.1,True,True,True,8.031974997784543,0.2754553830018267,,0
P2_S2_B3_seed1008,S2,B3,"plant@(-6.000,4.500)",1,r0.80_a000,0,0.8,-5.2,4.5,True,True,True,7.899903364513001,0.2727356770192273,,0
P2_S2_B3_seed1008,S2,B3,"plant@(-6.000,4.500)",1,r1.20_a030,30,1.2,-4.960769515458674,5.1,True,True,True,7.720120417866004,0.2657619700185023,,0
P2_S2_B3_seed1008,S2,B3,"plant@(-6.000,4.500)",1,r1.00_a030,30,1.0,-5.133974596215562,5.0,True,True,True,8.138973600238801,0.24815584099269472,,0
P2_S2_B3_seed1008,S2,B3,"plant@(-6.000,4.500)",1,r0.80_a030,30,0.8,-5.307179676972449,4.9,True,True,True,8.030881616638638,0.31251912398147397,,0
P2_S2_B3_seed1008,S2,B3,"plant@(-6.000,4.500)",1,r1.20_a060,60,1.2,-5.4,5.539230484541326,True,True,False,,0.3060898840194568,path_infeasible_under_safety_checks,0
P2_S2_B3_seed1008,S2,B3,"plant@(-6.000,4.500)",1,r1.20_a240,240,1.2,-6.6000000000000005,3.460769515458674,True,True,False,,0.1749908879864961,path_infeasible_under_safety_checks,0
P2_S2_B3_seed1008,S2,B3,"plant@(-6.000,4.500)",1,r0.80_a210,210,0.8,-6.692820323027551,4.1,True,True,True,11.469268701222969,0.27308986100251786,,0
P2_S2_B3_seed1008,S2,B3,"plant@(-6.000,4.500)",1,r1.00_a210,210,1.0,-6.866025403784438,4.0,True,True,False,,0.17920924900681712,path_infeasible_under_safety_checks,0
P2_S2_B3_seed1008,S2,B3,"plant@(-6.000,4.500)",1,r0.80_a180,180,0.8,-6.8,4.5,True,True,True,11.045268313355834,0.27054784598294646,,0
P2_S2_B3_seed1008,S2,B3,"plant@(-6.000,4.500)",1,r1.00_a120,120,1.0,-6.5,5.366025403784438,True,True,False,,0.24342136000632308,path_infeasible_under_safety_checks,0
P2_S2_B3_seed1008,S2,B3,"plant@(-6.000,4.500)",1,r0.80_a150,150,0.8,-6.692820323027551,4.9,True,True,True,10.891309171877168,0.2708651499997359,,0
P2_S2_B3_seed1008,S2,B3,"plant@(-6.000,4.500)",1,r1.20_a210,210,1.2,-7.039230484541326,3.9,True,True,False,,0.17590815701987594,path_infeasible_under_safety_checks,0
P2_S2_B3_seed1008,S2,B3,"plant@(-6.000,4.500)",1,r1.20_a120,120,1.2,-6.6,5.539230484541326,True,True,True,9.958275131913988,0.2363345960038714,,0
P2_S2_B3_seed1008,S2,B3,"plant@(-6.000,4.500)",1,r1.00_a180,180,1.0,-7.0,4.5,True,True,True,11.095473163869553,0.27515607100212947,,0
P2_S2_B3_seed1008,S2,B3,"plant@(-6.000,4.500)",1,r1.00_a150,150,1.0,-6.866025403784438,5.0,True,True,True,10.541131584929841,0.24646567899617366,,0
P2_S2_B3_seed1008,S2,B3,"plant@(-6.000,4.500)",1,r1.20_a180,180,1.2,-7.2,4.5,True,True,True,11.158284081011002,0.2658544360019732,,0
P2_S2_B3_seed1008,S2,B3,"plant@(-6.000,4.500)",1,r1.20_a150,150,1.2,-7.039230484541326,5.1,True,True,True,10.53322450001952,0.26098727600765415,,0
P2_S2_B3_seed1008,S2,B3,"plant@(-6.000,4.500)",1,r1.00_a300,300,1.0,-5.5,3.6339745962155616,False,True,False,,0.2882267629902344,path_infeasible_under_safety_checks,0
P2_S2_B3_seed1008,S2,B3,"plant@(-6.000,4.500)",1,r0.80_a300,300,0.8,-5.6,3.8071796769724493,False,True,False,,0.29889235997688957,path_infeasible_under_safety_checks,0
P2_S2_B3_seed1008,S2,B3,"plant@(-6.000,4.500)",1,r1.20_a270,270,1.2,-6.0,3.3,False,True,False,,0.2660180460079573,path_infeasible_under_safety_checks,0
P2_S2_B3_seed1008,S2,B3,"plant@(-6.000,4.500)",1,r1.00_a270,270,1.0,-6.0,3.5,False,True,False,,0.28482508700108156,path_infeasible_under_safety_checks,0
P2_S2_B3_seed1008,S2,B3,"plant@(-6.000,4.500)",1,r0.80_a270,270,0.8,-6.0,3.7,False,True,False,,0.3355493889830541,path_infeasible_under_safety_checks,0
P2_S2_B3_seed1008,S2,B3,"plant@(-6.000,4.500)",1,r1.00_a060,60,1.0,-5.5,5.366025403784438,False,True,False,,0.31213797998498194,path_infeasible_under_safety_checks,0
P2_S2_B3_seed1008,S2,B3,"plant@(-6.000,4.500)",1,r0.80_a060,60,0.8,-5.6,5.192820323027551,False,True,False,,0.28288680099649355,path_infeasible_under_safety_checks,0
P2_S2_B3_seed1008,S2,B3,"plant@(-6.000,4.500)",1,r0.80_a240,240,0.8,-6.4,3.8071796769724493,False,True,False,,0.20600058601121418,path_infeasible_under_safety_checks,0
P2_S2_B3_seed1008,S2,B3,"plant@(-6.000,4.500)",1,r1.00_a240,240,1.0,-6.5,3.6339745962155616,False,True,False,,0.18555097799981013,path_infeasible_under_safety_checks,0
P2_S2_B3_seed1008,S2,B3,"plant@(12.000,2.000)",1,r1.20_a240,240,1.2,11.399999999999999,0.960769515458674,True,True,True,21.5267224825696,0.27068128902465105,,0
P2_S2_B3_seed1008,S2,B3,"plant@(12.000,2.000)",1,r1.20_a090,90,1.2,12.0,3.2,True,True,True,21.091193875044745,0.26773692897404544,,1
P2_S2_B3_seed1008,S2,B3,"plant@(12.000,2.000)",1,r0.80_a060,60,0.8,12.4,2.6928203230275507,True,True,True,21.610288787385567,0.28108700600569136,,0
P2_S2_B3_seed1008,S2,B3,"plant@(12.000,2.000)",1,r1.00_a060,60,1.0,12.5,2.8660254037844384,True,True,True,21.468049184861442,0.2989755690214224,,0
P2_S2_B3_seed1008,S2,B3,"plant@(12.000,2.000)",1,r1.20_a060,60,1.2,12.6,3.039230484541326,True,True,True,21.375155289152342,0.2697467199759558,,0
P2_S2_B3_seed1008,S2,B3,"plant@(12.000,2.000)",1,r0.80_a030,30,0.8,12.69282032302755,2.4,True,True,True,21.987202838289555,0.27772292101872154,,0
P2_S2_B3_seed1008,S2,B3,"plant@(12.000,2.000)",1,r0.80_a330,330,0.8,12.69282032302755,1.5999999999999996,True,True,True,22.87370010755171,0.2912056820059661,,0
P2_S2_B3_seed1008,S2,B3,"plant@(12.000,2.000)",1,r1.00_a030,30,1.0,12.86602540378444,2.5,True,True,True,21.98226637701068,0.2788643589883577,,0
P2_S2_B3_seed1008,S2,B3,"plant@(12.000,2.000)",1,r0.80_a000,0,0.8,12.8,2.0,True,True,True,22.44784488867917,0.2795437120075803,,0
P2_S2_B3_seed1008,S2,B3,"plant@(12.000,2.000)",1,r1.00_a330,330,1.0,12.866025403784437,1.4999999999999996,True,True,True,22.994695547116855,0.28529656800674275,,0
P2_S2_B3_seed1008,S2,B3,"plant@(12.000,2.000)",1,r1.20_a030,30,1.2,13.039230484541326,2.5999999999999996,True,True,True,21.93289313135144,0.2802846219856292,,0
P2_S2_B3_seed1008,S2,B3,"plant@(12.000,2.000)",1,r1.00_a000,0,1.0,13.0,2.0,True,True,True,22.484543315765247,0.27963480399921536,,0
P2_S2_B3_seed1008,S2,B3,"plant@(12.000,2.000)",1,r1.20_a330,330,1.2,13.039230484541326,1.3999999999999995,True,True,True,23.049202580857457,0.2926133630098775,,0
P2_S2_B3_seed1008,S2,B3,"plant@(12.000,2.000)",1,r1.20_a000,0,1.2,13.2,2.0,True,True,True,22.531894796490473,0.28492858199751936,,0
P2_S2_B3_seed1008,S2,B3,"plant@(12.000,2.000)",1,r1.20_a180,180,1.2,10.8,2.0,False,True,False,,0.27723858898389153,path_infeasible_under_safety_checks,0
P2_S2_B3_seed1008,S2,B3,"plant@(12.000,2.000)",1,r1.20_a150,150,1.2,10.960769515458674,2.5999999999999996,False,True,False,,0.26556786498986185,path_infeasible_under_safety_checks,0
P2_S2_B3_seed1008,S2,B3,"plant@(12.000,2.000)",1,r1.00_a180,180,1.0,11.0,2.0,False,True,False,,0.31900466402294114,path_infeasible_under_safety_checks,0
P2_S2_B3_seed1008,S2,B3,"plant@(12.000,2.000)",1,r1.00_a150,150,1.0,11.13397459621556,2.5,False,True,False,,0.3189426829922013,path_infeasible_under_safety_checks,0
P2_S2_B3_seed1008,S2,B3,"plant@(12.000,2.000)",1,r1.20_a210,210,1.2,10.960769515458674,1.4,False,True,False,,0.27871427798527293,path_infeasible_under_safety_checks,0
P2_S2_B3_seed1008,S2,B3,"plant@(12.000,2.000)",1,r0.80_a180,180,0.8,11.2,2.0,False,True,False,,0.28087869798764586,path_infeasible_under_safety_checks,0
P2_S2_B3_seed1008,S2,B3,"plant@(12.000,2.000)",1,r1.00_a210,210,1.0,11.13397459621556,1.5,False,True,False,,0.2949257389991544,path_infeasible_under_safety_checks,0
P2_S2_B3_seed1008,S2,B3,"plant@(12.000,2.000)",1,r0.80_a150,150,0.8,11.30717967697245,2.4,False,True,False,,0.2878664149902761,path_infeasible_under_safety_checks,0
P2_S2_B3_seed1008,S2,B3,"plant@(12.000,2.000)",1,r1.20_a120,120,1.2,11.4,3.0392304845413265,False,True,False,,0.2817853550077416,path_infeasible_under_safety_checks,0
P2_S2_B3_seed1008,S2,B3,"plant@(12.000,2.000)",1,r0.80_a210,210,0.8,11.30717967697245,1.5999999999999999,False,True,False,,0.30129586000111885,path_infeasible_under_safety_checks,0
P2_S2_B3_seed1008,S2,B3,"plant@(12.000,2.000)",1,r1.00_a120,120,1.0,11.5,2.866025403784439,False,True,False,,0.30154432900599204,path_infeasible_under_safety_checks,0
P2_S2_B3_seed1008,S2,B3,"plant@(12.000,2.000)",1,r0.80_a120,120,0.8,11.6,2.692820323027551,False,True,False,,0.295761686982587,path_infeasible_under_safety_checks,0
P2_S2_B3_seed1008,S2,B3,"plant@(12.000,2.000)",1,r1.00_a240,240,1.0,11.5,1.1339745962155616,False,True,False,,0.26868989900685847,path_infeasible_under_safety_checks,0
P2_S2_B3_seed1008,S2,B3,"plant@(12.000,2.000)",1,r0.80_a240,240,0.8,11.6,1.3071796769724493,False,True,False,,0.2928014119970612,path_infeasible_under_safety_checks,0
P2_S2_B3_seed1008,S2,B3,"plant@(12.000,2.000)",1,r1.00_a090,90,1.0,12.0,3.0,False,True,False,,0.2734058640198782,path_infeasible_under_safety_checks,0
P2_S2_B3_seed1008,S2,B3,"plant@(12.000,2.000)",1,r0.80_a090,90,0.8,12.0,2.8,False,True,False,,0.2720031529897824,path_infeasible_under_safety_checks,0
P2_S2_B3_seed1008,S2,B3,"plant@(12.000,2.000)",1,r0.80_a270,270,0.8,12.0,1.2,False,True,False,,0.2888719219772611,path_infeasible_under_safety_checks,0
P2_S2_B3_seed1008,S2,B3,"plant@(12.000,2.000)",1,r1.00_a270,270,1.0,12.0,1.0,False,True,False,,0.3038470140018035,path_infeasible_under_safety_checks,0
P2_S2_B3_seed1009,S2,B3,"plant@(2.000,3.000)",1,r1.20_a240,240,1.2,1.3999999999999995,1.960769515458674,True,True,True,2.4021980321074725,0.16687411000020802,,1
P2_S2_B3_seed1009,S2,B3,"plant@(2.000,3.000)",1,r1.20_a210,210,1.2,0.9607695154586737,2.4,True,True,True,2.5982584977119902,0.18777016800595447,,0
P2_S2_B3_seed1009,S2,B3,"plant@(2.000,3.000)",1,r1.00_a240,240,1.0,1.4999999999999996,2.1339745962155616,True,True,True,2.602031634036085,0.16803578299004585,,0
P2_S2_B3_seed1009,S2,B3,"plant@(2.000,3.000)",1,r1.20_a270,270,1.2,1.9999999999999998,1.8,True,True,True,2.6786582306225384,0.1739416680065915,,0
P2_S2_B3_seed1009,S2,B3,"plant@(2.000,3.000)",1,r1.00_a210,210,1.0,1.1339745962155614,2.5,True,True,True,2.74531223429477,0.18067636899650097,,0
P2_S2_B3_seed1009,S2,B3,"plant@(2.000,3.000)",1,r0.80_a240,240,0.8,1.5999999999999996,2.3071796769724493,True,True,True,2.803764317979718,0.18041018300573342,,0
P2_S2_B3_seed1009,S2,B3,"plant@(2.000,3.000)",1,r1.00_a270,270,1.0,1.9999999999999998,2.0,True,True,True,2.816025931651265,0.1943221589899622,,0
P2_S2_B3_seed1009,S2,B3,"plant@(2.000,3.000)",1,r0.80_a210,210,0.8,1.307179676972449,2.5999999999999996,True,True,True,2.9198346466490075,0.19252118401345797,,0
P2_S2_B3_seed1009,S2,B3,"plant@(2.000,3.000)",1,r0.80_a270,270,0.8,1.9999999999999998,2.2,True,True,True,2.96247563771313,0.19434404198545963,,0
P2_S2_B3_seed1009,S2,B3,"plant@(2.000,3.000)",1,r1.20_a180,180,1.2,0.8,3.0,True,True,True,3.1847430226150277,0.20380928000668064,,0
P2_S2_B3_seed1009,S2,B3,"plant@(2.000,3.000)",1,r1.00_a180,180,1.0,1.0,3.0,True,True,True,3.169875174869212,0.20753784402040765,,0
P2_S2_B3_seed1009,S2,B3,"plant@(2.000,3.000)",1,r0.80_a180,180,0.8,1.2,3.0,True,True,True,3.2416304739555724,0.21021320699946955,,0
P2_S2_B3_seed1009,S2,B3,"plant@(2.000,3.000)",1,r1.20_a300,300,1.2,2.6,1.9607695154586737,True,True,True,3.2493641108315225,0.2057313300028909,,0
P2_S2_B3_seed1009,S2,B3,"plant@(2.000,3.000)",1,r1.00_a300,300,1.0,2.5,2.1339745962155616,True,True,True,3.2803082874835803,0.2170815150020644,,0
P2_S2_B3_seed1009,S2,B3,"plant@(2.000,3.000)",1,r0.80_a300,300,0.8,2.4000000000000004,2.3071796769724493,True,True,True,3.3238474265494395,0.22499238298041746,,0
P2_S2_B3_seed1009,S2,B3,"plant@(2.000,3.000)",1,r0.80_a150,150,0.8,1.3071796769724489,3.4,True,True,True,3.697423411089156,0.29785591101972386,,0
P2_S2_B3_seed1009,S2,B3,"plant@(2.000,3.000)",1,r1.00_a150,150,1.0,1.1339745962155612,3.5,True,True,True,3.688042177210573,0.315517484996235,,0
P2_S2_B3_seed1009,S2,B3,"plant@(2.000,3.000)",1,r1.20_a150,150,1.2,0.9607695154586735,3.5999999999999996,True,True,True,3.7664397493190878,0.23298163499566726,,0
P2_S2_B3_seed1009,S2,B3,"plant@(2.000,3.000)",1,r0.80_a330,330,0.8,2.6928203230275507,2.5999999999999996,True,True,True,3.7670170039224296,0.23773585597518831,,0
P2_S2_B3_seed1009,S2,B3,"plant@(2.000,3.000)",1,r1.00_a330,330,1.0,2.8660254037844384,2.4999999999999996,True,True,True,3.8177101866375125,0.2488371939980425,,0
P2_S2_B3_seed1009,S2,B3,"plant@(2.000,3.000)",1,r1.20_a330,330,1.2,3.039230484541326,2.3999999999999995,True,True,True,3.862814351084195,0.2584862450021319,,0
P2_S2_B3_seed1009,S2,B3,"plant@(2.000,3.000)",1,r0.80_a000,0,0.8,2.8,3.0,True,True,True,4.198710423429075,0.26459413301199675,,0
P2_S2_B3_seed1009,S2,B3,"plant@(2.000,3.000)",1,r1.00_a120,120,1.0,1.5000000000000002,3.866025403784439,True,True,True,4.349087003878647,0.29438657601713203,,0
P2_S2_B3_seed1009,S2,B3,"plant@(2.000,3.000)",1,r1.00_a000,0,1.0,3.0,3.0,True,True,True,4.262439227569819,0.27581820299383253,,0
P2_S2_B3_seed1009,S2,B3,"plant@(2.000,3.000)",1,r1.20_a120,120,1.2,1.4000000000000004,4.039230484541326,True,True,True,4.307100999716338,0.279582143004518,,0
P2_S2_B3_seed1009,S2,B3,"plant@(2.000,3.000)",1,r0.80_a030,30,0.8,2.692820323027551,3.4,True,True,True,4.6843439254528665,0.3001815800089389,,0
P2_S2_B3_seed1009,S2,B3,"plant@(2.000,3.000)",1,r1.20_a000,0,1.2,3.2,3.0,True,True,True,4.391661197065614,0.2963560239877552,,0
P2_S2_B3_seed1009,S2,B3,"plant@(2.000,3.000)",1,r1.00_a090,90,1.0,2.0,4.0,True,True,True,4.93275588851247,0.3217195089964662,,0
P2_S2_B3_seed1009,S2,B3,"plant@(2.000,3.000)",1,r1.00_a030,30,1.0,2.866025403784439,3.5,True,True,True,4.733839035284139,0.30584903300041333,,0
P2_S2_B3_seed1009,S2,B3,"plant@(2.000,3.000)",1,r1.00_a060,60,1.0,2.5,3.8660254037844384,True,True,True,5.290531886297779,0.3634647029975895,,0
P2_S2_B3_seed1009,S2,B3,"plant@(2.000,3.000)",1,r1.20_a090,90,1.2,2.0,4.2,True,True,True,4.937109901060667,0.319493266986683,,0
P2_S2_B3_seed1009,S2,B3,"plant@(2.000,3.000)",1,r1.20_a030,30,1.2,3.0392304845413265,3.5999999999999996,True,True,True,4.865006267629385,0.31163570799981244,,0
P2_S2_B3_seed1009,S2,B3,"plant@(-6.000,4.500)",1,r1.20_a330,330,1.2,-4.960769515458674,3.8999999999999995,True,True,True,7.7786912897878375,0.2618744419887662,,0
P2_S2_B3_seed1009,S2,B3,"plant@(-6.000,4.500)",1,r1.20_a000,0,1.2,-4.8,4.5,True,True,True,7.499035933053501,0.2623091049899813,,1
P2_S2_B3_seed1009,S2,B3,"plant@(-6.000,4.500)",1,r1.00_a330,330,1.0,-5.133974596215562,3.9999999999999996,True,True,True,7.967371928005717,0.2597831610182766,,0
P2_S2_B3_seed1009,S2,B3,"plant@(-6.000,4.500)",1,r1.00_a000,0,1.0,-5.0,4.5,True,True,True,7.741200009825955,0.24913069800822996,,0
P2_S2_B3_seed1009,S2,B3,"plant@(-6.000,4.500)",1,r1.20_a300,300,1.2,-5.4,3.460769515458674,True,True,False,,0.25452973900246434,path_infeasible_under_safety_checks,0
P2_S2_B3_seed1009,S2,B3,"plant@(-6.000,4.500)",1,r0.80_a330,330,0.8,-5.307179676972449,4.1,True,True,True,8.02283584172472,0.2830836030188948,,0
P2_S2_B3_seed1009,S2,B3,"plant@(-6.000,4.500)",1,r0.80_a000,0,0.8,-5.2,4.5,True,True,True,7.861927088163996,0.2702721490059048,,0
P2_S2_B3_seed1009,S2,B3,"plant@(-6.000,4.500)",1,r1.20_a030,30,1.2,-4.960769515458674,5.1,True,True,True,7.759571422100919,0.2662694540049415,,0
P2_S2_B3_seed1009,S2,B3,"plant@(-6.000,4.500)",1,r1.00_a030,30,1.0,-5.133974596215562,5.0,True,True,True,8.139981453404344,0.2552856699912809,,0
P2_S2_B3_seed1009,S2,B3,"plant@(-6.000,4.500)",1,r0.80_a030,30,0.8,-5.307179676972449,4.9,True,True,True,8.01229575904147,0.2945983690151479,,0
P2_S2_B3_seed1009,S2,B3,"plant@(-6.000,4.500)",1,r1.20_a060,60,1.2,-5.4,5.539230484541326,True,True,True,8.319400296132509,0.29717483499553055,,0
P2_S2_B3_seed1009,S2,B3,"plant@(-6.000,4.500)",1,r1.20_a240,240,1.2,-6.6000000000000005,3.460769515458674,True,True,False,,0.1720485989935696,path_infeasible_under_safety_checks,0
P2_S2_B3_seed1009,S2,B3,"plant@(-6.000,4.500)",1,r0.80_a210,210,0.8,-6.692820323027551,4.1,True,True,True,11.552453930606083,0.2826627790054772,,0
P2_S2_B3_seed1009,S2,B3,"plant@(-6.000,4.500)",1,r1.00_a210,210,1.0,-6.866025403784438,4.0,True,True,False,,0.17675509801483713,path_infeasible_under_safety_checks,0
P2_S2_B3_seed1009,S2,B3,"plant@(-6.000,4.500)",1,r0.80_a180,180,0.8,-6.8,4.5,True,True,True,11.102618502045415,0.2643182439787779,,0
P2_S2_B3_seed1009,S2,B3,"plant@(-6.000,4.500)",1,r1.00_a120,120,1.0,-6.5,5.366025403784438,True,True,False,,0.239797347021522,path_infeasible_under_safety_checks,0
P2_S2_B3_seed1009,S2,B3,"plant@(-6.000,4.500)",1,r0.80_a150,150,0.8,-6.692820323027551,4.9,True,True,True,10.890294239830432,0.25465148701914586,,0
P2_S2_B3_seed1009,S2,B3,"plant@(-6.000,4.500)",1,r1.20_a210,210,1.2,-7.039230484541326,3.9,True,True,False,,0.18018254201160744,path_infeasible_under_safety_checks,0
P2_S2_B3_seed1009,S2,B3,"plant@(-6.000,4.500)",1,r1.20_a120,120,1.2,-6.6,5.539230484541326,True,True,True,10.062821719333614,0.2505123199953232,,0
P2_S2_B3_seed1009,S2,B3,"plant@(-6.000,4.500)",1,r1.00_a180,180,1.0,-7.0,4.5,True,True,True,11.126937983582863,0.2744564480090048,,0
P2_S2_B3_seed1009,S2,B3,"plant@(-6.000,4.500)",1,r1.00_a150,150,1.0,-6.866025403784438,5.0,True,True,True,10.7201005553924,0.24332879701978527,,0
P2_S2_B3_seed1009,S2,B3,"plant@(-6.000,4.500)",1,r1.20_a180,180,1.2,-7.2,4.5,True,True,True,11.157454019179196,0.27969822799786925,,0
P2_S2_B3_seed1009,S2,B3,"plant@(-6.000,4.500)",1,r1.20_a150,150,1.2,-7.039230484541326,5.1,True,True,True,10.547550618129515,0.2507732409867458,,0
P2_S2_B3_seed1009,S2,B3,"plant@(-6.000,4.500)",1,r1.00_a300,300,1.0,-5.5,3.6339745962155616,False,True,False,,0.2661903690022882,path_infeasible_under_safety_checks,0
P2_S2_B3_seed1009,S2,B3,"plant@(-6.000,4.500)",1,r0.80_a300,300,0.8,-5.6,3.8071796769724493,False,True,False,,0.30073971598176286,path_infeasible_under_safety_checks,0
P2_S2_B3_seed1009,S2,B3,"plant@(-6.000,4.500)",1,r1.20_a270,270,1.2,-6.0,3.3,False,True,False,,0.2889018499990925,path_infeasible_under_safety_checks,0
P2_S2_B3_seed1009,S2,B3,"plant@(-6.000,4.500)",1,r1.00_a270,270,1.0,-6.0,3.5,False,True,False,,0.27744225098285824,path_infeasible_under_safety_checks,0
P2_S2_B3_seed1009,S2,B3,"plant@(-6.000,4.500)",1,r0.80_a270,270,0.8,-6.0,3.7,False,True,False,,0.3146260009962134,path_infeasible_under_safety_checks,0
P2_S2_B3_seed1009,S2,B3,"plant@(-6.000,4.500)",1,r1.00_a060,60,1.0,-5.5,5.366025403784438,False,True,False,,0.2955395079916343,path_infeasible_under_safety_checks,0
P2_S2_B3_seed1009,S2,B3,"plant@(-6.000,4.500)",1,r0.80_a060,60,0.8,-5.6,5.192820323027551,False,True,False,,0.2907699970237445,path_infeasible_under_safety_checks,0
P2_S2_B3_seed1009,S2,B3,"plant@(-6.000,4.500)",1,r0.80_a240,240,0.8,-6.4,3.8071796769724493,False,True,False,,0.2027768499974627,path_infeasible_under_safety_checks,0
P2_S2_B3_seed1009,S2,B3,"plant@(-6.000,4.500)",1,r1.00_a240,240,1.0,-6.5,3.6339745962155616,False,True,False,,0.20606800701352768,path_infeasible_under_safety_checks,0
P2_S2_B3_seed1009,S2,B3,"plant@(12.000,2.000)",1,r1.20_a240,240,1.2,11.399999999999999,0.960769515458674,True,True,True,21.573673375448898,0.31314032900263555,,0
P2_S2_B3_seed1009,S2,B3,"plant@(12.000,2.000)",1,r1.20_a090,90,1.2,12.0,3.2,True,True,True,21.139744397078086,0.28357955400133505,,1
P2_S2_B3_seed1009,S2,B3,"plant@(12.000,2.000)",1,r0.80_a060,60,0.8,12.4,2.6928203230275507,True,True,True,21.659476474518783,0.2828361860010773,,0
P2_S2_B3_seed1009,S2,B3,"plant@(12.000,2.000)",1,r1.00_a060,60,1.0,12.5,2.8660254037844384,True,True,True,21.51719522553854,0.26751975002116524,,0
P2_S2_B3_seed1009,S2,B3,"plant@(12.000,2.000)",1,r1.20_a060,60,1.2,12.6,3.039230484541326,True,True,True,21.4234662551374,0.2807657830126118,,0
P2_S2_B3_seed1009,S2,B3,"plant@(12.000,2.000)",1,r0.80_a030,30,0.8,12.69282032302755,2.4,True,True,True,22.036992070902034,0.28703350300202146,,0
P2_S2_B3_seed1009,S2,B3,"plant@(12.000,2.000)",1,r0.80_a330,330,0.8,12.69282032302755,1.5999999999999996,True,True,True,22.9227243625352,0.29125339799793437,,0
P2_S2_B3_seed1009,S2,B3,"plant@(12.000,2.000)",1,r1.00_a030,30,1.0,12.86602540378444,2.5,True,True,True,21.97627878641527,0.28300217000651173,,0
P2_S2_B3_seed1009,S2,B3,"plant@(12.000,2.000)",1,r0.80_a000,0,0.8,12.8,2.0,True,True,True,22.501933650574763,0.2906134530203417,,0
P2_S2_B3_seed1009,S2,B3,"plant@(12.000,2.000)",1,r1.00_a330,330,1.0,12.866025403784437,1.4999999999999996,True,True,True,23.043424084726134,0.27737065200926736,,0
P2_S2_B3_seed1009,S2,B3,"plant@(12.000,2.000)",1,r1.20_a030,30,1.2,13.039230484541326,2.5999999999999996,True,True,True,21.982062881050325,0.26081537699792534,,0
P2_S2_B3_seed1009,S2,B3,"plant@(12.000,2.000)",1,r1.00_a000,0,1.0,13.0,2.0,True,True,True,22.524807723902704,0.3070545980008319,,0
P2_S2_B3_seed1009,S2,B3,"plant@(12.000,2.000)",1,r1.20_a330,330,1.2,13.039230484541326,1.3999999999999995,True,True,True,23.097655193296184,0.29623528401134536,,0
P2_S2_B3_seed1009,S2,B3,"plant@(12.000,2.000)",1,r1.20_a000,0,1.2,13.2,2.0,True,True,True,22.580929531995736,0.2842950630001724,,0
P2_S2_B3_seed1009,S2,B3,"plant@(12.000,2.000)",1,r1.20_a180,180,1.2,10.8,2.0,False,True,False,,0.3965343930176459,path_infeasible_under_safety_checks,0
P2_S2_B3_seed1009,S2,B3,"plant@(12.000,2.000)",1,r1.20_a150,150,1.2,10.960769515458674,2.5999999999999996,False,True,False,,0.2870821410033386,path_infeasible_under_safety_checks,0
P2_S2_B3_seed1009,S2,B3,"plant@(12.000,2.000)",1,r1.00_a180,180,1.0,11.0,2.0,False,True,False,,0.3026843489788007,path_infeasible_under_safety_checks,0
P2_S2_B3_seed1009,S2,B3,"plant@(12.000,2.000)",1,r1.00_a150,150,1.0,11.13397459621556,2.5,False,True,False,,0.28154108600574546,path_infeasible_under_safety_checks,0
P2_S2_B3_seed1009,S2,B3,"plant@(12.000,2.000)",1,r1.20_a210,210,1.2,10.960769515458674,1.4,False,True,False,,0.28934868998476304,path_infeasible_under_safety_checks,0
P2_S2_B3_seed1009,S2,B3,"plant@(12.000,2.000)",1,r0.80_a180,180,0.8,11.2,2.0,False,True,False,,0.29072630300652236,path_infeasible_under_safety_checks,0
P2_S2_B3_seed1009,S2,B3,"plant@(12.000,2.000)",1,r1.00_a210,210,1.0,11.13397459621556,1.5,False,True,False,,0.3102714699925855,path_infeasible_under_safety_checks,0
P2_S2_B3_seed1009,S2,B3,"plant@(12.000,2.000)",1,r0.80_a150,150,0.8,11.30717967697245,2.4,False,True,False,,0.2894064559950493,path_infeasible_under_safety_checks,0
P2_S2_B3_seed1009,S2,B3,"plant@(12.000,2.000)",1,r1.20_a120,120,1.2,11.4,3.0392304845413265,False,True,False,,0.2786666949978098,path_infeasible_under_safety_checks,0
P2_S2_B3_seed1009,S2,B3,"plant@(12.000,2.000)",1,r0.80_a210,210,0.8,11.30717967697245,1.5999999999999999,False,True,False,,0.2928201319882646,path_infeasible_under_safety_checks,0
P2_S2_B3_seed1009,S2,B3,"plant@(12.000,2.000)",1,r1.00_a120,120,1.0,11.5,2.866025403784439,False,True,False,,0.30037695899954997,path_infeasible_under_safety_checks,0
P2_S2_B3_seed1009,S2,B3,"plant@(12.000,2.000)",1,r0.80_a120,120,0.8,11.6,2.692820323027551,False,True,False,,0.29530287100351416,path_infeasible_under_safety_checks,0
P2_S2_B3_seed1009,S2,B3,"plant@(12.000,2.000)",1,r1.00_a240,240,1.0,11.5,1.1339745962155616,False,True,False,,0.27267850300995633,path_infeasible_under_safety_checks,0
P2_S2_B3_seed1009,S2,B3,"plant@(12.000,2.000)",1,r0.80_a240,240,0.8,11.6,1.3071796769724493,False,True,False,,0.3767465829732828,path_infeasible_under_safety_checks,0
P2_S2_B3_seed1009,S2,B3,"plant@(12.000,2.000)",1,r1.00_a090,90,1.0,12.0,3.0,False,True,False,,0.2994418939924799,path_infeasible_under_safety_checks,0
P2_S2_B3_seed1009,S2,B3,"plant@(12.000,2.000)",1,r0.80_a090,90,0.8,12.0,2.8,False,True,False,,0.28164825099520385,path_infeasible_under_safety_checks,0
P2_S2_B3_seed1009,S2,B3,"plant@(12.000,2.000)",1,r0.80_a270,270,0.8,12.0,1.2,False,True,False,,0.2950537230062764,path_infeasible_under_safety_checks,0
P2_S2_B3_seed1009,S2,B3,"plant@(12.000,2.000)",1,r1.00_a270,270,1.0,12.0,1.0,False,True,False,,0.2894267090014182,path_infeasible_under_safety_checks,0
P2_S2_B3_seed1010,S2,B3,"plant@(2.000,3.000)",1,r1.20_a240,240,1.2,1.3999999999999995,1.960769515458674,True,True,True,2.4021980321074725,0.1563795440015383,,1
P2_S2_B3_seed1010,S2,B3,"plant@(2.000,3.000)",1,r1.20_a210,210,1.2,0.9607695154586737,2.4,True,True,True,2.5982584977119902,0.18166952900355682,,0
P2_S2_B3_seed1010,S2,B3,"plant@(2.000,3.000)",1,r1.00_a240,240,1.0,1.4999999999999996,2.1339745962155616,True,True,True,2.602031634036085,0.17291460899286903,,0
P2_S2_B3_seed1010,S2,B3,"plant@(2.000,3.000)",1,r1.20_a270,270,1.2,1.9999999999999998,1.8,True,True,True,2.6786582306225384,0.1754844039969612,,0
P2_S2_B3_seed1010,S2,B3,"plant@(2.000,3.000)",1,r1.00_a210,210,1.0,1.1339745962155614,2.5,True,True,True,2.74531223429477,0.17783320500166155,,0
P2_S2_B3_seed1010,S2,B3,"plant@(2.000,3.000)",1,r0.80_a240,240,0.8,1.5999999999999996,2.3071796769724493,True,True,True,2.803764317979718,0.1805476860026829,,0
P2_S2_B3_seed1010,S2,B3,"plant@(2.000,3.000)",1,r1.00_a270,270,1.0,1.9999999999999998,2.0,True,True,True,2.816025931651265,0.1769188280159142,,0
P2_S2_B3_seed1010,S2,B3,"plant@(2.000,3.000)",1,r0.80_a210,210,0.8,1.307179676972449,2.5999999999999996,True,True,True,2.9198346466490075,0.1951230230042711,,0
P2_S2_B3_seed1010,S2,B3,"plant@(2.000,3.000)",1,r0.80_a270,270,0.8,1.9999999999999998,2.2,True,True,True,2.96247563771313,0.194980503001716,,0
P2_S2_B3_seed1010,S2,B3,"plant@(2.000,3.000)",1,r1.20_a180,180,1.2,0.8,3.0,True,True,True,3.1847430226150277,0.20470663197920658,,0
P2_S2_B3_seed1010,S2,B3,"plant@(2.000,3.000)",1,r1.00_a180,180,1.0,1.0,3.0,True,True,True,3.169875174869212,0.2147513960080687,,0
P2_S2_B3_seed1010,S2,B3,"plant@(2.000,3.000)",1,r0.80_a180,180,0.8,1.2,3.0,True,True,True,3.2416304739555724,0.21285233198432252,,0
P2_S2_B3_seed1010,S2,B3,"plant@(2.000,3.000)",1,r1.20_a300,300,1.2,2.6,1.9607695154586737,True,True,True,3.2493641108315225,0.21735719201387838,,0
P2_S2_B3_seed1010,S2,B3,"plant@(2.000,3.000)",1,r1.00_a300,300,1.0,2.5,2.1339745962155616,True,True,True,3.2803082874835803,0.21810077500413172,,0
P2_S2_B3_seed1010,S2,B3,"plant@(2.000,3.000)",1,r0.80_a300,300,0.8,2.4000000000000004,2.3071796769724493,True,True,True,3.3238474265494395,0.21862850699108094,,0
P2_S2_B3_seed1010,S2,B3,"plant@(2.000,3.000)",1,r0.80_a150,150,0.8,1.3071796769724489,3.4,True,True,True,3.697423411089156,0.24437531898729503,,0
P2_S2_B3_seed1010,S2,B3,"plant@(2.000,3.000)",1,r1.00_a150,150,1.0,1.1339745962155612,3.5,True,True,True,3.688042177210573,0.2611336699919775,,0
P2_S2_B3_seed1010,S2,B3,"plant@(2.000,3.000)",1,r1.20_a150,150,1.2,0.9607695154586735,3.5999999999999996,True,True,True,3.7664397493190878,0.2545918959949631,,0
P2_S2_B3_seed1010,S2,B3,"plant@(2.000,3.000)",1,r0.80_a330,330,0.8,2.6928203230275507,2.5999999999999996,True,True,True,3.7670170039224296,0.24312963100965135,,0
P2_S2_B3_seed1010,S2,B3,"plant@(2.000,3.000)",1,r1.00_a330,330,1.0,2.8660254037844384,2.4999999999999996,True,True,True,3.8177101866375125,0.2502014000201598,,0
P2_S2_B3_seed1010,S2,B3,"plant@(2.000,3.000)",1,r1.20_a330,330,1.2,3.039230484541326,2.3999999999999995,True,True,True,3.862814351084195,0.2564487509953324,,0
P2_S2_B3_seed1010,S2,B3,"plant@(2.000,3.000)",1,r0.80_a000,0,0.8,2.8,3.0,True,True,True,4.198710423429075,0.27331659497576766,,0
P2_S2_B3_seed1010,S2,B3,"plant@(2.000,3.000)",1,r1.00_a120,120,1.0,1.5000000000000002,3.866025403784439,True,True,True,4.349087003878647,0.28593227901728824,,0
P2_S2_B3_seed1010,S2,B3,"plant@(2.000,3.000)",1,r1.00_a000,0,1.0,3.0,3.0,True,True,True,4.262439227569819,0.2789029290142935,,0
P2_S2_B3_seed1010,S2,B3,"plant@(2.000,3.000)",1,r1.20_a120,120,1.2,1.4000000000000004,4.039230484541326,True,True,True,4.307100999716338,0.2770873249974102,,0
P2_S2_B3_seed1010,S2,B3,"plant@(2.000,3.000)",1,r0.80_a030,30,0.8,2.692820323027551,3.4,True,True,True,4.6843439254528665,0.30788622598629445,,0
P2_S2_B3_seed1010,S2,B3,"plant@(2.000,3.000)",1,r1.20_a000,0,1.2,3.2,3.0,True,True,True,4.391661197065614,0.29174088599393144,,0
P2_S2_B3_seed1010,S2,B3,"plant@(2.000,3.000)",1,r1.00_a090,90,1.0,2.0,4.0,True,True,True,4.93275588851247,0.32220499898539856,,0
P2_S2_B3_seed1010,S2,B3,"plant@(2.000,3.000)",1,r1.00_a030,30,1.0,2.866025403784439,3.5,True,True,True,4.733839035284139,0.296459553996101,,0
P2_S2_B3_seed1010,S2,B3,"plant@(2.000,3.000)",1,r1.00_a060,60,1.0,2.5,3.8660254037844384,True,True,True,5.290531886297779,0.3621868229820393,,0
P2_S2_B3_seed1010,S2,B3,"plant@(2.000,3.000)",1,r1.20_a090,90,1.2,2.0,4.2,True,True,True,4.937109901060667,0.3447647660213988,,0
P2_S2_B3_seed1010,S2,B3,"plant@(2.000,3.000)",1,r1.20_a030,30,1.2,3.0392304845413265,3.5999999999999996,True,True,True,4.865006267629385,0.31845721500576474,,0
P2_S2_B3_seed1010,S2,B3,"plant@(-6.000,4.500)",1,r1.20_a330,330,1.2,-4.960769515458674,3.8999999999999995,True,True,True,7.7786912897878375,0.2834655749902595,,0
P2_S2_B3_seed1010,S2,B3,"plant@(-6.000,4.500)",1,r1.20_a000,0,1.2,-4.8,4.5,True,True,True,7.499035933053501,0.2642382440099027,,1
P2_S2_B3_seed1010,S2,B3,"plant@(-6.000,4.500)",1,r1.00_a330,330,1.0,-5.133974596215562,3.9999999999999996,True,True,True,7.967371928005717,0.28506800200557336,,0
P2_S2_B3_seed1010,S2,B3,"plant@(-6.000,4.500)",1,r1.00_a000,0,1.0,-5.0,4.5,True,True,True,7.741200009825955,0.26578988498658873,,0
P2_S2_B3_seed1010,S2,B3,"plant@(-6.000,4.500)",1,r1.20_a300,300,1.2,-5.4,3.460769515458674,True,True,False,,0.2665069489739835,path_infeasible_under_safety_checks,0
P2_S2_B3_seed1010,S2,B3,"plant@(-6.000,4.500)",1,r0.80_a330,330,0.8,-5.307179676972449,4.1,True,True,True,8.02283584172472,0.2854499070090242,,0
P2_S2_B3_seed1010,S2,B3,"plant@(-6.000,4.500)",1,r0.80_a000,0,0.8,-5.2,4.5,True,True,True,7.861927088163996,0.2818442169809714,,0
P2_S2_B3_seed1010,S2,B3,"plant@(-6.000,4.500)",1,r1.20_a030,30,1.2,-4.960769515458674,5.1,True,True,True,7.759571422100919,0.2759846950066276,,0
P2_S2_B3_seed1010,S2,B3,"plant@(-6.000,4.500)",1,r1.00_a030,30,1.0,-5.133974596215562,5.0,True,True,True,8.139981453404344,0.26049845697707497,,0
P2_S2_B3_seed1010,S2,B3,"plant@(-6.000,4.500)",1,r0.80_a030,30,0.8,-5.307179676972449,4.9,True,True,True,8.01229575904147,0.3022615250083618,,0
P2_S2_B3_seed1010,S2,B3,"plant@(-6.000,4.500)",1,r1.20_a060,60,1.2,-5.4,5.539230484541326,True,True,True,8.319400296132509,0.29898253502324224,,0
P2_S2_B3_seed1010,S2,B3,"plant@(-6.000,4.500)",1,r1.20_a240,240,1.2,-6.6000000000000005,3.460769515458674,True,True,False,,0.16718402999686077,path_infeasible_under_safety_checks,0
P2_S2_B3_seed1010,S2,B3,"plant@(-6.000,4.500)",1,r0.80_a210,210,0.8,-6.692820323027551,4.1,True,True,True,11.552453930606083,0.28996096400078386,,0
P2_S2_B3_seed1010,S2,B3,"plant@(-6.000,4.500)",1,r1.00_a210,210,1.0,-6.866025403784438,4.0,True,True,False,,0.19283828101470135,path_infeasible_under_safety_checks,0
P2_S2_B3_seed1010,S2,B3,"plant@(-6.000,4.500)",1,r0.80_a180,180,0.8,-6.8,4.5,True,True,True,11.102618502045415,0.27279130701208487,,0
P2_S2_B3_seed1010,S2,B3,"plant@(-6.000,4.500)",1,r1.00_a120,120,1.0,-6.5,5.366025403784438,True,True,False,,0.2517740619950928,path_infeasible_under_safety_checks,0
P2_S2_B3_seed1010,S2,B3,"plant@(-6.000,4.500)",1,r0.80_a150,150,0.8,-6.692820323027551,4.9,True,True,True,10.890294239830432,0.2672693579806946,,0
P2_S2_B3_seed1010,S2,B3,"plant@(-6.000,4.500)",1,r1.20_a210,210,1.2,-7.039230484541326,3.9,True,True,False,,0.1727253030112479,path_infeasible_under_safety_checks,0
P2_S2_B3_seed1010,S2,B3,"plant@(-6.000,4.500)",1,r1.20_a120,120,1.2,-6.6,5.539230484541326,True,True,True,10.062821719333614,0.251699432003079,,0
P2_S2_B3_seed1010,S2,B3,"plant@(-6.000,4.500)",1,r1.00_a180,180,1.0,-7.0,4.5,True,True,True,11.126937983582863,0.27125302801141515,,0
P2_S2_B3_seed1010,S2,B3,"plant@(-6.000,4.500)",1,r1.00_a150,150,1.0,-6.866025403784438,5.0,True,True,True,10.7201005553924,0.25745464698411524,,0
P2_S2_B3_seed1010,S2,B3,"plant@(-6.000,4.500)",1,r1.20_a180,180,1.2,-7.2,4.5,True,True,True,11.157454019179196,0.27007053000852466,,0
P2_S2_B3_seed1010,S2,B3,"plant@(-6.000,4.500)",1,r1.20_a150,150,1.2,-7.039230484541326,5.1,True,True,True,10.547550618129515,0.2568929980043322,,0
P2_S2_B3_seed1010,S2,B3,"plant@(-6.000,4.500)",1,r1.00_a300,300,1.0,-5.5,3.6339745962155616,False,True,False,,0.2590554640046321,path_infeasible_under_safety_checks,0
P2_S2_B3_seed1010,S2,B3,"plant@(-6.000,4.500)",1,r0.80_a300,300,0.8,-5.6,3.8071796769724493,False,True,False,,0.34002357500139624,path_infeasible_under_safety_checks,0
P2_S2_B3_seed1010,S2,B3,"plant@(-6.000,4.500)",1,r1.20_a270,270,1.2,-6.0,3.3,False,True,False,,0.3087044449930545,path_infeasible_under_safety_checks,0
P2_S2_B3_seed1010,S2,B3,"plant@(-6.000,4.500)",1,r1.00_a270,270,1.0,-6.0,3.5,False,True,False,,0.2974429760070052,path_infeasible_under_safety_checks,0
P2_S2_B3_seed1010,S2,B3,"plant@(-6.000,4.500)",1,r0.80_a270,270,0.8,-6.0,3.7,False,True,False,,0.31848649799940176,path_infeasible_under_safety_checks,0
P2_S2_B3_seed1010,S2,B3,"plant@(-6.000,4.500)",1,r1.00_a060,60,1.0,-5.5,5.366025403784438,False,True,False,,0.2983743390068412,path_infeasible_under_safety_checks,0
P2_S2_B3_seed1010,S2,B3,"plant@(-6.000,4.500)",1,r0.80_a060,60,0.8,-5.6,5.192820323027551,False,True,False,,0.2828513220010791,path_infeasible_under_safety_checks,0
P2_S2_B3_seed1010,S2,B3,"plant@(-6.000,4.500)",1,r0.80_a240,240,0.8,-6.4,3.8071796769724493,False,True,False,,0.20641249499749392,path_infeasible_under_safety_checks,0
P2_S2_B3_seed1010,S2,B3,"plant@(-6.000,4.500)",1,r1.00_a240,240,1.0,-6.5,3.6339745962155616,False,True,False,,0.22012471800553612,path_infeasible_under_safety_checks,0
P2_S2_B3_seed1010,S2,B3,"plant@(12.000,2.000)",1,r1.20_a240,240,1.2,11.399999999999999,0.960769515458674,True,True,True,21.45288704942165,0.2700944679963868,,0
P2_S2_B3_seed1010,S2,B3,"plant@(12.000,2.000)",1,r1.20_a090,90,1.2,12.0,3.2,True,True,True,21.142581627804493,0.28563802799908444,,1
P2_S2_B3_seed1010,S2,B3,"plant@(12.000,2.000)",1,r0.80_a060,60,0.8,12.4,2.6928203230275507,True,True,True,21.640857425825626,0.2792453470174223,,0
P2_S2_B3_seed1010,S2,B3,"plant@(12.000,2.000)",1,r1.00_a060,60,1.0,12.5,2.8660254037844384,True,True,True,21.5009998651301,0.26261191998491995,,0
P2_S2_B3_seed1010,S2,B3,"plant@(12.000,2.000)",1,r1.20_a060,60,1.2,12.6,3.039230484541326,True,True,True,21.39141099248689,0.2638615350006148,,0
P2_S2_B3_seed1010,S2,B3,"plant@(12.000,2.000)",1,r0.80_a030,30,0.8,12.69282032302755,2.4,True,True,True,22.01783120841175,0.2746406929800287,,0
P2_S2_B3_seed1010,S2,B3,"plant@(12.000,2.000)",1,r0.80_a330,330,0.8,12.69282032302755,1.5999999999999996,True,True,True,22.857477607195904,0.29053651000140235,,0
P2_S2_B3_seed1010,S2,B3,"plant@(12.000,2.000)",1,r1.00_a030,30,1.0,12.86602540378444,2.5,True,True,True,21.908061591509767,0.2706837909936439,,0
P2_S2_B3_seed1010,S2,B3,"plant@(12.000,2.000)",1,r0.80_a000,0,0.8,12.8,2.0,True,True,True,22.42612719691201,0.2856415350106545,,0
P2_S2_B3_seed1010,S2,B3,"plant@(12.000,2.000)",1,r1.00_a330,330,1.0,12.866025403784437,1.4999999999999996,True,True,True,22.92628159225088,0.28523008100455627,,0
P2_S2_B3_seed1010,S2,B3,"plant@(12.000,2.000)",1,r1.20_a030,30,1.2,13.039230484541326,2.5999999999999996,True,True,True,21.903389570918403,0.2713587119942531,,0
P2_S2_B3_seed1010,S2,B3,"plant@(12.000,2.000)",1,r1.00_a000,0,1.0,13.0,2.0,True,True,True,22.478855110998108,0.28202843098551966,,0
P2_S2_B3_seed1010,S2,B3,"plant@(12.000,2.000)",1,r1.20_a330,330,1.2,13.039230484541326,1.3999999999999995,True,True,True,23.06676229285286,0.28245800000149757,,0
P2_S2_B3_seed1010,S2,B3,"plant@(12.000,2.000)",1,r1.20_a000,0,1.2,13.2,2.0,True,True,True,22.529972631912376,0.30176346900407225,,0
P2_S2_B3_seed1010,S2,B3,"plant@(12.000,2.000)",1,r1.20_a180,180,1.2,10.8,2.0,False,True,False,,0.2795951559965033,path_infeasible_under_safety_checks,0
P2_S2_B3_seed1010,S2,B3,"plant@(12.000,2.000)",1,r1.20_a150,150,1.2,10.960769515458674,2.5999999999999996,False,True,False,,0.2653323160193395,path_infeasible_under_safety_checks,0
P2_S2_B3_seed1010,S2,B3,"plant@(12.000,2.000)",1,r1.00_a180,180,1.0,11.0,2.0,False,True,False,,0.328219507005997,path_infeasible_under_safety_checks,0
P2_S2_B3_seed1010,S2,B3,"plant@(12.000,2.000)",1,r1.00_a150,150,1.0,11.13397459621556,2.5,False,True,False,,0.2826428000116721,path_infeasible_under_safety_checks,0
P2_S2_B3_seed1010,S2,B3,"plant@(12.000,2.000)",1,r1.20_a210,210,1.2,10.960769515458674,1.4,False,True,False,,0.27792562599643134,path_infeasible_under_safety_checks,0
P2_S2_B3_seed1010,S2,B3,"plant@(12.000,2.000)",1,r0.80_a180,180,0.8,11.2,2.0,False,True,False,,0.2793766260147095,path_infeasible_under_safety_checks,0
P2_S2_B3_seed1010,S2,B3,"plant@(12.000,2.000)",1,r1.00_a210,210,1.0,11.13397459621556,1.5,False,True,False,,0.29891082900576293,path_infeasible_under_safety_checks,0
P2_S2_B3_seed1010,S2,B3,"plant@(12.000,2.000)",1,r0.80_a150,150,0.8,11.30717967697245,2.4,False,True,False,,0.27781054700608365,path_infeasible_under_safety_checks,0
P2_S2_B3_seed1010,S2,B3,"plant@(12.000,2.000)",1,r1.20_a120,120,1.2,11.4,3.0392304845413265,False,True,False,,0.27178146902588196,path_infeasible_under_safety_checks,0
P2_S2_B3_seed1010,S2,B3,"plant@(12.000,2.000)",1,r0.80_a210,210,0.8,11.30717967697245,1.5999999999999999,False,True,False,,0.29914874202222563,path_infeasible_under_safety_checks,0
P2_S2_B3_seed1010,S2,B3,"plant@(12.000,2.000)",1,r1.00_a120,120,1.0,11.5,2.866025403784439,False,True,False,,0.2813660279789474,path_infeasible_under_safety_checks,0
P2_S2_B3_seed1010,S2,B3,"plant@(12.000,2.000)",1,r0.80_a120,120,0.8,11.6,2.692820323027551,False,True,False,,0.284715698013315,path_infeasible_under_safety_checks,0
P2_S2_B3_seed1010,S2,B3,"plant@(12.000,2.000)",1,r1.00_a240,240,1.0,11.5,1.1339745962155616,False,True,False,,0.2776607380073983,path_infeasible_under_safety_checks,0
P2_S2_B3_seed1010,S2,B3,"plant@(12.000,2.000)",1,r0.80_a240,240,0.8,11.6,1.3071796769724493,False,True,False,,0.2966242639813572,path_infeasible_under_safety_checks,0
P2_S2_B3_seed1010,S2,B3,"plant@(12.000,2.000)",1,r1.00_a090,90,1.0,12.0,3.0,False,True,False,,0.27338432701071724,path_infeasible_under_safety_checks,0
P2_S2_B3_seed1010,S2,B3,"plant@(12.000,2.000)",1,r0.80_a090,90,0.8,12.0,2.8,False,True,False,,0.27782231199671514,path_infeasible_under_safety_checks,0
P2_S2_B3_seed1010,S2,B3,"plant@(12.000,2.000)",1,r0.80_a270,270,0.8,12.0,1.2,False,True,False,,0.3310432810103521,path_infeasible_under_safety_checks,0
P2_S2_B3_seed1010,S2,B3,"plant@(12.000,2.000)",1,r1.00_a270,270,1.0,12.0,1.0,False,True,False,,0.29506878400570713,path_infeasible_under_safety_checks,0
P2_S2_P_seed1001,S2,P,"plant@(2.000,3.000)",1,r1.20_a240,240,1.2,1.3999999999999995,1.960769515458674,True,True,True,2.4021980321074725,0.16460142398136668,,1
P2_S2_P_seed1001,S2,P,"plant@(2.000,3.000)",1,r1.20_a210,210,1.2,0.9607695154586737,2.4,True,True,True,2.5982584977119902,0.19073507099528797,,0
P2_S2_P_seed1001,S2,P,"plant@(2.000,3.000)",1,r1.00_a240,240,1.0,1.4999999999999996,2.1339745962155616,True,True,True,2.602031634036085,0.17069501799414866,,0
P2_S2_P_seed1001,S2,P,"plant@(2.000,3.000)",1,r1.20_a270,270,1.2,1.9999999999999998,1.8,True,True,True,2.6786582306225384,0.18139547898317687,,0
P2_S2_P_seed1001,S2,P,"plant@(2.000,3.000)",1,r1.00_a210,210,1.0,1.1339745962155614,2.5,True,True,True,2.74531223429477,0.18464890401810408,,0
P2_S2_P_seed1001,S2,P,"plant@(2.000,3.000)",1,r0.80_a240,240,0.8,1.5999999999999996,2.3071796769724493,True,True,True,2.803764317979718,0.1864458369964268,,0
P2_S2_P_seed1001,S2,P,"plant@(2.000,3.000)",1,r1.00_a270,270,1.0,1.9999999999999998,2.0,True,True,True,2.816025931651265,0.18495381000684574,,0
P2_S2_P_seed1001,S2,P,"plant@(2.000,3.000)",1,r0.80_a210,210,0.8,1.307179676972449,2.5999999999999996,True,True,True,2.9198346466490075,0.1942469849891495,,0
P2_S2_P_seed1001,S2,P,"plant@(2.000,3.000)",1,r0.80_a270,270,0.8,1.9999999999999998,2.2,True,True,True,2.96247563771313,0.1977470020065084,,0
P2_S2_P_seed1001,S2,P,"plant@(2.000,3.000)",1,r1.20_a180,180,1.2,0.8,3.0,True,True,True,3.1847430226150277,0.21763460099464282,,0
P2_S2_P_seed1001,S2,P,"plant@(2.000,3.000)",1,r1.00_a180,180,1.0,1.0,3.0,True,True,True,3.169875174869212,0.22053020799648948,,0
P2_S2_P_seed1001,S2,P,"plant@(2.000,3.000)",1,r0.80_a180,180,0.8,1.2,3.0,True,True,True,3.2416304739555724,0.22160325502045453,,0
P2_S2_P_seed1001,S2,P,"plant@(2.000,3.000)",1,r1.20_a300,300,1.2,2.6,1.9607695154586737,True,True,True,3.2493641108315225,0.22943191599915735,,0
P2_S2_P_seed1001,S2,P,"plant@(2.000,3.000)",1,r1.00_a300,300,1.0,2.5,2.1339745962155616,True,True,True,3.2803082874835803,0.22535096801584587,,0
P2_S2_P_seed1001,S2,P,"plant@(2.000,3.000)",1,r0.80_a300,300,0.8,2.4000000000000004,2.3071796769724493,True,True,True,3.3238474265494395,0.21955142001388595,,0
P2_S2_P_seed1001,S2,P,"plant@(2.000,3.000)",1,r0.80_a150,150,0.8,1.3071796769724489,3.4,True,True,True,3.697423411089156,0.2452395030122716,,0
P2_S2_P_seed1001,S2,P,"plant@(2.000,3.000)",1,r1.00_a150,150,1.0,1.1339745962155612,3.5,True,True,True,3.688042177210573,0.26695521699730307,,0
P2_S2_P_seed1001,S2,P,"plant@(2.000,3.000)",1,r1.20_a150,150,1.2,0.9607695154586735,3.5999999999999996,True,True,True,3.7664397493190878,0.24592455400852486,,0
P2_S2_P_seed1001,S2,P,"plant@(2.000,3.000)",1,r0.80_a330,330,0.8,2.6928203230275507,2.5999999999999996,True,True,True,3.7670170039224296,0.256402276980225,,0
P2_S2_P_seed1001,S2,P,"plant@(2.000,3.000)",1,r1.00_a330,330,1.0,2.8660254037844384,2.4999999999999996,True,True,True,3.8177101866375125,0.2555799020046834,,0
P2_S2_P_seed1001,S2,P,"plant@(2.000,3.000)",1,r1.20_a330,330,1.2,3.039230484541326,2.3999999999999995,True,True,True,3.862814351084195,0.25592690097982995,,0
P2_S2_P_seed1001,S2,P,"plant@(2.000,3.000)",1,r0.80_a000,0,0.8,2.8,3.0,True,True,True,4.198710423429075,0.2683603879995644,,0
P2_S2_P_seed1001,S2,P,"plant@(2.000,3.000)",1,r1.00_a120,120,1.0,1.5000000000000002,3.866025403784439,True,True,True,4.349087003878647,0.28604475301108323,,0
P2_S2_P_seed1001,S2,P,"plant@(2.000,3.000)",1,r1.00_a000,0,1.0,3.0,3.0,True,True,True,4.262439227569819,0.2848052750050556,,0
P2_S2_P_seed1001,S2,P,"plant@(2.000,3.000)",1,r1.20_a120,120,1.2,1.4000000000000004,4.039230484541326,True,True,True,4.307100999716338,0.28281284897821024,,0
P2_S2_P_seed1001,S2,P,"plant@(2.000,3.000)",1,r0.80_a030,30,0.8,2.692820323027551,3.4,True,True,True,4.6843439254528665,0.31248065500403754,,0
P2_S2_P_seed1001,S2,P,"plant@(2.000,3.000)",1,r1.20_a000,0,1.2,3.2,3.0,True,True,True,4.391661197065614,0.29273540500435047,,0
P2_S2_P_seed1001,S2,P,"plant@(2.000,3.000)",1,r1.00_a090,90,1.0,2.0,4.0,True,True,True,4.93275588851247,0.32109961900277995,,0
P2_S2_P_seed1001,S2,P,"plant@(2.000,3.000)",1,r1.00_a030,30,1.0,2.866025403784439,3.5,True,True,True,4.733839035284139,0.30950123598449863,,0
P2_S2_P_seed1001,S2,P,"plant@(2.000,3.000)",1,r1.00_a060,60,1.0,2.5,3.8660254037844384,True,True,True,5.290531886297779,0.3725029820052441,,0
P2_S2_P_seed1001,S2,P,"plant@(2.000,3.000)",1,r1.20_a090,90,1.2,2.0,4.2,True,True,True,4.937109901060667,0.34030554798664525,,0
P2_S2_P_seed1001,S2,P,"plant@(2.000,3.000)",1,r1.20_a030,30,1.2,3.0392304845413265,3.5999999999999996,True,True,True,4.865006267629385,0.3303171379957348,,0
P2_S2_P_seed1001,S2,P,"plant@(-6.000,4.500)",1,r1.20_a330,330,1.2,-4.960769515458674,3.8999999999999995,True,True,True,7.7786912897878375,0.293713638006011,,0
P2_S2_P_seed1001,S2,P,"plant@(-6.000,4.500)",1,r1.20_a000,0,1.2,-4.8,4.5,True,True,True,7.499035933053501,0.2682340040046256,,1
P2_S2_P_seed1001,S2,P,"plant@(-6.000,4.500)",1,r1.00_a330,330,1.0,-5.133974596215562,3.9999999999999996,True,True,True,7.967371928005717,0.27904662999208085,,0
P2_S2_P_seed1001,S2,P,"plant@(-6.000,4.500)",1,r1.00_a000,0,1.0,-5.0,4.5,True,True,True,7.741200009825955,0.26517681701807305,,0
P2_S2_P_seed1001,S2,P,"plant@(-6.000,4.500)",1,r1.20_a300,300,1.2,-5.4,3.460769515458674,True,True,False,,0.2586938419844955,path_infeasible_under_safety_checks,0
P2_S2_P_seed1001,S2,P,"plant@(-6.000,4.500)",1,r0.80_a330,330,0.8,-5.307179676972449,4.1,True,True,True,8.02283584172472,0.29027225499157794,,0
P2_S2_P_seed1001,S2,P,"plant@(-6.000,4.500)",1,r0.80_a000,0,0.8,-5.2,4.5,True,True,True,7.861927088163996,0.2862694640061818,,0
P2_S2_P_seed1001,S2,P,"plant@(-6.000,4.500)",1,r1.20_a030,30,1.2,-4.960769515458674,5.1,True,True,True,7.759571422100919,0.283761433995096,,0
P2_S2_P_seed1001,S2,P,"plant@(-6.000,4.500)",1,r1.00_a030,30,1.0,-5.133974596215562,5.0,True,True,True,8.139981453404344,0.2638091809931211,,0
P2_S2_P_seed1001,S2,P,"plant@(-6.000,4.500)",1,r0.80_a030,30,0.8,-5.307179676972449,4.9,True,True,True,8.01229575904147,0.32716245102346875,,0
P2_S2_P_seed1001,S2,P,"plant@(-6.000,4.500)",1,r1.20_a060,60,1.2,-5.4,5.539230484541326,True,True,True,8.319400296132509,0.2964936759963166,,0
P2_S2_P_seed1001,S2,P,"plant@(-6.000,4.500)",1,r1.20_a240,240,1.2,-6.6000000000000005,3.460769515458674,True,True,False,,0.17219486797694117,path_infeasible_under_safety_checks,0
P2_S2_P_seed1001,S2,P,"plant@(-6.000,4.500)",1,r0.80_a210,210,0.8,-6.692820323027551,4.1,True,True,True,11.552453930606083,0.28775773898814805,,0
P2_S2_P_seed1001,S2,P,"plant@(-6.000,4.500)",1,r1.00_a210,210,1.0,-6.866025403784438,4.0,True,True,False,,0.18661792000057176,path_infeasible_under_safety_checks,0
P2_S2_P_seed1001,S2,P,"plant@(-6.000,4.500)",1,r0.80_a180,180,0.8,-6.8,4.5,True,True,True,11.102618502045415,0.2745556389854755,,0
P2_S2_P_seed1001,S2,P,"plant@(-6.000,4.500)",1,r1.00_a120,120,1.0,-6.5,5.366025403784438,True,True,False,,0.2440519309893716,path_infeasible_under_safety_checks,0
P2_S2_P_seed1001,S2,P,"plant@(-6.000,4.500)",1,r0.80_a150,150,0.8,-6.692820323027551,4.9,True,True,True,10.890294239830432,0.26357663999078795,,0
P2_S2_P_seed1001,S2,P,"plant@(-6.000,4.500)",1,r1.20_a210,210,1.2,-7.039230484541326,3.9,True,True,False,,0.17792340202140622,path_infeasible_under_safety_checks,0
P2_S2_P_seed1001,S2,P,"plant@(-6.000,4.500)",1,r1.20_a120,120,1.2,-6.6,5.539230484541326,True,True,True,10.062821719333614,0.24855234799906611,,0
P2_S2_P_seed1001,S2,P,"plant@(-6.000,4.500)",1,r1.00_a180,180,1.0,-7.0,4.5,True,True,True,11.126937983582863,0.27924719598377123,,0
P2_S2_P_seed1001,S2,P,"plant@(-6.000,4.500)",1,r1.00_a150,150,1.0,-6.866025403784438,5.0,True,True,True,10.7201005553924,0.2618958720122464,,0
P2_S2_P_seed1001,S2,P,"plant@(-6.000,4.500)",1,r1.20_a180,180,1.2,-7.2,4.5,True,True,True,11.157454019179196,0.2816755660169292,,0
P2_S2_P_seed1001,S2,P,"plant@(-6.000,4.500)",1,r1.20_a150,150,1.2,-7.039230484541326,5.1,True,True,True,10.547550618129515,0.25561742499121465,,0
P2_S2_P_seed1001,S2,P,"plant@(-6.000,4.500)",1,r1.00_a300,300,1.0,-5.5,3.6339745962155616,False,True,False,,0.26527119197999127,path_infeasible_under_safety_checks,0
P2_S2_P_seed1001,S2,P,"plant@(-6.000,4.500)",1,r0.80_a300,300,0.8,-5.6,3.8071796769724493,False,True,False,,0.3209575139917433,path_infeasible_under_safety_checks,0
P2_S2_P_seed1001,S2,P,"plant@(-6.000,4.500)",1,r1.20_a270,270,1.2,-6.0,3.3,False,True,False,,0.2730054889980238,path_infeasible_under_safety_checks,0
P2_S2_P_seed1001,S2,P,"plant@(-6.000,4.500)",1,r1.00_a270,270,1.0,-6.0,3.5,False,True,False,,0.2884096050111111,path_infeasible_under_safety_checks,0
P2_S2_P_seed1001,S2,P,"plant@(-6.000,4.500)",1,r0.80_a270,270,0.8,-6.0,3.7,False,True,False,,0.3180305449932348,path_infeasible_under_safety_checks,0
P2_S2_P_seed1001,S2,P,"plant@(-6.000,4.500)",1,r1.00_a060,60,1.0,-5.5,5.366025403784438,False,True,False,,0.3023918569961097,path_infeasible_under_safety_checks,0
P2_S2_P_seed1001,S2,P,"plant@(-6.000,4.500)",1,r0.80_a060,60,0.8,-5.6,5.192820323027551,False,True,False,,0.2925442210107576,path_infeasible_under_safety_checks,0
P2_S2_P_seed1001,S2,P,"plant@(-6.000,4.500)",1,r0.80_a240,240,0.8,-6.4,3.8071796769724493,False,True,False,,0.2108218720240984,path_infeasible_under_safety_checks,0
P2_S2_P_seed1001,S2,P,"plant@(-6.000,4.500)",1,r1.00_a240,240,1.0,-6.5,3.6339745962155616,False,True,False,,0.20880643601412885,path_infeasible_under_safety_checks,0
P2_S2_P_seed1001,S2,P,"plant@(12.000,2.000)",1,r1.20_a240,240,1.2,11.399999999999999,0.960769515458674,True,True,True,21.573673375448898,0.2952509370225016,,0
P2_S2_P_seed1001,S2,P,"plant@(12.000,2.000)",1,r1.20_a090,90,1.2,12.0,3.2,True,True,True,21.139744397078086,0.30193976100417785,,1
P2_S2_P_seed1001,S2,P,"plant@(12.000,2.000)",1,r0.80_a060,60,0.8,12.4,2.6928203230275507,True,True,True,21.659476474518783,0.2785818419943098,,0
P2_S2_P_seed1001,S2,P,"plant@(12.000,2.000)",1,r1.00_a060,60,1.0,12.5,2.8660254037844384,True,True,True,21.51719522553854,0.2702859190176241,,0
P2_S2_P_seed1001,S2,P,"plant@(12.000,2.000)",1,r1.20_a060,60,1.2,12.6,3.039230484541326,True,True,True,21.4234662551374,0.2900271149992477,,0
P2_S2_P_seed1001,S2,P,"plant@(12.000,2.000)",1,r0.80_a030,30,0.8,12.69282032302755,2.4,True,True,True,22.036992070902034,0.28581601998303086,,0
P2_S2_P_seed1001,S2,P,"plant@(12.000,2.000)",1,r0.80_a330,330,0.8,12.69282032302755,1.5999999999999996,True,True,True,22.9227243625352,0.29871768900193274,,0
P2_S2_P_seed1001,S2,P,"plant@(12.000,2.000)",1,r1.00_a030,30,1.0,12.86602540378444,2.5,True,True,True,21.97627878641527,0.2845079730032012,,0
P2_S2_P_seed1001,S2,P,"plant@(12.000,2.000)",1,r0.80_a000,0,0.8,12.8,2.0,True,True,True,22.501933650574763,0.29644334100885317,,0
P2_S2_P_seed1001,S2,P,"plant@(12.000,2.000)",1,r1.00_a330,330,1.0,12.866025403784437,1.4999999999999996,True,True,True,23.043424084726134,0.2961149350157939,,0
P2_S2_P_seed1001,S2,P,"plant@(12.000,2.000)",1,r1.20_a030,30,1.2,13.039230484541326,2.5999999999999996,True,True,True,21.982062881050325,0.2784782890230417,,0
P2_S2_P_seed1001,S2,P,"plant@(12.000,2.000)",1,r1.00_a000,0,1.0,13.0,2.0,True,True,True,22.524807723902704,0.3002076999982819,,0
P2_S2_P_seed1001,S2,P,"plant@(12.000,2.000)",1,r1.20_a330,330,1.2,13.039230484541326,1.3999999999999995,True,True,True,23.097655193296184,0.29721264299587347,,0
P2_S2_P_seed1001,S2,P,"plant@(12.000,2.000)",1,r1.20_a000,0,1.2,13.2,2.0,True,True,True,22.580929531995736,0.2960434240230825,,0
P2_S2_P_seed1001,S2,P,"plant@(12.000,2.000)",1,r1.20_a180,180,1.2,10.8,2.0,False,True,False,,0.32666371899540536,path_infeasible_under_safety_checks,0
P2_S2_P_seed1001,S2,P,"plant@(12.000,2.000)",1,r1.20_a150,150,1.2,10.960769515458674,2.5999999999999996,False,True,False,,0.27949493398773484,path_infeasible_under_safety_checks,0
P2_S2_P_seed1001,S2,P,"plant@(12.000,2.000)",1,r1.00_a180,180,1.0,11.0,2.0,False,True,False,,0.30951989800087176,path_infeasible_under_safety_checks,0
P2_S2_P_seed1001,S2,P,"plant@(12.000,2.000)",1,r1.00_a150,150,1.0,11.13397459621556,2.5,False,True,False,,0.3009236670040991,path_infeasible_under_safety_checks,0
P2_S2_P_seed1001,S2,P,"plant@(12.000,2.000)",1,r1.20_a210,210,1.2,10.960769515458674,1.4,False,True,False,,0.28379005298484117,path_infeasible_under_safety_checks,0
P2_S2_P_seed1001,S2,P,"plant@(12.000,2.000)",1,r0.80_a180,180,0.8,11.2,2.0,False,True,False,,0.29236751899588853,path_infeasible_under_safety_checks,0
P2_S2_P_seed1001,S2,P,"plant@(12.000,2.000)",1,r1.00_a210,210,1.0,11.13397459621556,1.5,False,True,False,,0.3034967480052728,path_infeasible_under_safety_checks,0
P2_S2_P_seed1001,S2,P,"plant@(12.000,2.000)",1,r0.80_a150,150,0.8,11.30717967697245,2.4,False,True,False,,0.2901090219966136,path_infeasible_under_safety_checks,0
P2_S2_P_seed1001,S2,P,"plant@(12.000,2.000)",1,r1.20_a120,120,1.2,11.4,3.0392304845413265,False,True,False,,0.28958943899488077,path_infeasible_under_safety_checks,0
P2_S2_P_seed1001,S2,P,"plant@(12.000,2.000)",1,r0.80_a210,210,0.8,11.30717967697245,1.5999999999999999,False,True,False,,0.29101153000374325,path_infeasible_under_safety_checks,0
P2_S2_P_seed1001,S2,P,"plant@(12.000,2.000)",1,r1.00_a120,120,1.0,11.5,2.866025403784439,False,True,False,,0.3014210640103556,path_infeasible_under_safety_checks,0
P2_S2_P_seed1001,S2,P,"plant@(12.000,2.000)",1,r0.80_a120,120,0.8,11.6,2.692820323027551,False,True,False,,0.2993195330200251,path_infeasible_under_safety_checks,0
P2_S2_P_seed1001,S2,P,"plant@(12.000,2.000)",1,r1.00_a240,240,1.0,11.5,1.1339745962155616,False,True,False,,0.2856473970168736,path_infeasible_under_safety_checks,0
P2_S2_P_seed1001,S2,P,"plant@(12.000,2.000)",1,r0.80_a240,240,0.8,11.6,1.3071796769724493,False,True,False,,0.303680473996792,path_infeasible_under_safety_checks,0
P2_S2_P_seed1001,S2,P,"plant@(12.000,2.000)",1,r1.00_a090,90,1.0,12.0,3.0,False,True,False,,0.28934284500428475,path_infeasible_under_safety_checks,0
P2_S2_P_seed1001,S2,P,"plant@(12.000,2.000)",1,r0.80_a090,90,0.8,12.0,2.8,False,True,False,,0.2849781490222085,path_infeasible_under_safety_checks,0
P2_S2_P_seed1001,S2,P,"plant@(12.000,2.000)",1,r0.80_a270,270,0.8,12.0,1.2,False,True,False,,0.31167601101333275,path_infeasible_under_safety_checks,0
P2_S2_P_seed1001,S2,P,"plant@(12.000,2.000)",1,r1.00_a270,270,1.0,12.0,1.0,False,True,False,,0.29794257099274546,path_infeasible_under_safety_checks,0
P2_S2_P_seed1001,S2,P,"plant@(12.000,2.000)",1,r1.20_a240,240,1.2,11.399999999999999,0.960769515458674,True,True,True,21.573673375448898,0.2801696870010346,,0
P2_S2_P_seed1001,S2,P,"plant@(12.000,2.000)",1,r1.20_a090,90,1.2,12.0,3.2,True,True,True,21.139744397078086,0.29950932899373583,,1
P2_S2_P_seed1001,S2,P,"plant@(12.000,2.000)",1,r0.80_a060,60,0.8,12.4,2.6928203230275507,True,True,True,21.659476474518783,0.27987076199497096,,0
P2_S2_P_seed1001,S2,P,"plant@(12.000,2.000)",1,r1.00_a060,60,1.0,12.5,2.8660254037844384,True,True,True,21.51719522553854,0.26425607499550097,,0
P2_S2_P_seed1001,S2,P,"plant@(12.000,2.000)",1,r1.20_a060,60,1.2,12.6,3.039230484541326,True,True,True,21.4234662551374,0.2728561239782721,,0
P2_S2_P_seed1001,S2,P,"plant@(12.000,2.000)",1,r0.80_a030,30,0.8,12.69282032302755,2.4,True,True,True,22.036992070902034,0.27486686798511073,,0
P2_S2_P_seed1001,S2,P,"plant@(12.000,2.000)",1,r0.80_a330,330,0.8,12.69282032302755,1.5999999999999996,True,True,True,22.9227243625352,0.29435598201234825,,0
P2_S2_P_seed1001,S2,P,"plant@(12.000,2.000)",1,r1.00_a030,30,1.0,12.86602540378444,2.5,True,True,True,21.97627878641527,0.27419632801320404,,0
P2_S2_P_seed1001,S2,P,"plant@(12.000,2.000)",1,r0.80_a000,0,0.8,12.8,2.0,True,True,True,22.501933650574763,0.2859185900015291,,0
P2_S2_P_seed1001,S2,P,"plant@(12.000,2.000)",1,r1.00_a330,330,1.0,12.866025403784437,1.4999999999999996,True,True,True,23.043424084726134,0.29125277398270555,,0
P2_S2_P_seed1001,S2,P,"plant@(12.000,2.000)",1,r1.20_a030,30,1.2,13.039230484541326,2.5999999999999996,True,True,True,21.982062881050325,0.27873144901241176,,0
P2_S2_P_seed1001,S2,P,"plant@(12.000,2.000)",1,r1.00_a000,0,1.0,13.0,2.0,True,True,True,22.524807723902704,0.2913468019978609,,0
P2_S2_P_seed1001,S2,P,"plant@(12.000,2.000)",1,r1.20_a330,330,1.2,13.039230484541326,1.3999999999999995,True,True,True,23.097655193296184,0.2996587280067615,,0
P2_S2_P_seed1001,S2,P,"plant@(12.000,2.000)",1,r1.20_a000,0,1.2,13.2,2.0,True,True,True,22.580929531995736,0.2744300560152624,,0
P2_S2_P_seed1001,S2,P,"plant@(12.000,2.000)",1,r1.20_a180,180,1.2,10.8,2.0,False,True,False,,0.294647784990957,path_infeasible_under_safety_checks,0
P2_S2_P_seed1001,S2,P,"plant@(12.000,2.000)",1,r1.20_a150,150,1.2,10.960769515458674,2.5999999999999996,False,True,False,,0.31158332200720906,path_infeasible_under_safety_checks,0
P2_S2_P_seed1001,S2,P,"plant@(12.000,2.000)",1,r1.00_a180,180,1.0,11.0,2.0,False,True,False,,0.286556164996,path_infeasible_under_safety_checks,0
P2_S2_P_seed1001,S2,P,"plant@(12.000,2.000)",1,r1.00_a150,150,1.0,11.13397459621556,2.5,False,True,False,,0.27696373901562765,path_infeasible_under_safety_checks,0
P2_S2_P_seed1001,S2,P,"plant@(12.000,2.000)",1,r1.20_a210,210,1.2,10.960769515458674,1.4,False,True,False,,0.28083168898592703,path_infeasible_under_safety_checks,0
P2_S2_P_seed1001,S2,P,"plant@(12.000,2.000)",1,r0.80_a180,180,0.8,11.2,2.0,False,True,False,,0.2843226330005564,path_infeasible_under_safety_checks,0
P2_S2_P_seed1001,S2,P,"plant@(12.000,2.000)",1,r1.00_a210,210,1.0,11.13397459621556,1.5,False,True,False,,0.3061794610111974,path_infeasible_under_safety_checks,0
P2_S2_P_seed1001,S2,P,"plant@(12.000,2.000)",1,r0.80_a150,150,0.8,11.30717967697245,2.4,False,True,False,,0.2783862779906485,path_infeasible_under_safety_checks,0
P2_S2_P_seed1001,S2,P,"plant@(12.000,2.000)",1,r1.20_a120,120,1.2,11.4,3.0392304845413265,False,True,False,,0.281027332006488,path_infeasible_under_safety_checks,0
P2_S2_P_seed1001,S2,P,"plant@(12.000,2.000)",1,r0.80_a210,210,0.8,11.30717967697245,1.5999999999999999,False,True,False,,0.2973946510173846,path_infeasible_under_safety_checks,0
P2_S2_P_seed1001,S2,P,"plant@(12.000,2.000)",1,r1.00_a120,120,1.0,11.5,2.866025403784439,False,True,False,,0.296489989006659,path_infeasible_under_safety_checks,0
P2_S2_P_seed1001,S2,P,"plant@(12.000,2.000)",1,r0.80_a120,120,0.8,11.6,2.692820323027551,False,True,False,,0.29825449001509696,path_infeasible_under_safety_checks,0
P2_S2_P_seed1001,S2,P,"plant@(12.000,2.000)",1,r1.00_a240,240,1.0,11.5,1.1339745962155616,False,True,False,,0.2705010659992695,path_infeasible_under_safety_checks,0
P2_S2_P_seed1001,S2,P,"plant@(12.000,2.000)",1,r0.80_a240,240,0.8,11.6,1.3071796769724493,False,True,False,,0.2976908629934769,path_infeasible_under_safety_checks,0
P2_S2_P_seed1001,S2,P,"plant@(12.000,2.000)",1,r1.00_a090,90,1.0,12.0,3.0,False,True,False,,0.2813518879993353,path_infeasible_under_safety_checks,0
P2_S2_P_seed1001,S2,P,"plant@(12.000,2.000)",1,r0.80_a090,90,0.8,12.0,2.8,False,True,False,,0.3155365129932761,path_infeasible_under_safety_checks,0
P2_S2_P_seed1001,S2,P,"plant@(12.000,2.000)",1,r0.80_a270,270,0.8,12.0,1.2,False,True,False,,0.30161694798152894,path_infeasible_under_safety_checks,0
P2_S2_P_seed1001,S2,P,"plant@(12.000,2.000)",1,r1.00_a270,270,1.0,12.0,1.0,False,True,False,,0.2873426229925826,path_infeasible_under_safety_checks,0
P2_S2_P_seed1002,S2,P,"plant@(2.000,3.000)",1,r1.20_a240,240,1.2,1.3999999999999995,1.960769515458674,True,True,True,2.4021980321074725,0.1614883759757504,,1
P2_S2_P_seed1002,S2,P,"plant@(2.000,3.000)",1,r1.20_a210,210,1.2,0.9607695154586737,2.4,True,True,True,2.5982584977119902,0.18329394099419005,,0
P2_S2_P_seed1002,S2,P,"plant@(2.000,3.000)",1,r1.00_a240,240,1.0,1.4999999999999996,2.1339745962155616,True,True,True,2.602031634036085,0.1712577739963308,,0
P2_S2_P_seed1002,S2,P,"plant@(2.000,3.000)",1,r1.20_a270,270,1.2,1.9999999999999998,1.8,True,True,True,2.6786582306225384,0.17389722701045685,,0
P2_S2_P_seed1002,S2,P,"plant@(2.000,3.000)",1,r1.00_a210,210,1.0,1.1339745962155614,2.5,True,True,True,2.74531223429477,0.18091411699424498,,0
P2_S2_P_seed1002,S2,P,"plant@(2.000,3.000)",1,r0.80_a240,240,0.8,1.5999999999999996,2.3071796769724493,True,True,True,2.803764317979718,0.18724942501285113,,0
P2_S2_P_seed1002,S2,P,"plant@(2.000,3.000)",1,r1.00_a270,270,1.0,1.9999999999999998,2.0,True,True,True,2.816025931651265,0.18274997000116855,,0
P2_S2_P_seed1002,S2,P,"plant@(2.000,3.000)",1,r0.80_a210,210,0.8,1.307179676972449,2.5999999999999996,True,True,True,2.9198346466490075,0.1833944270038046,,0
P2_S2_P_seed1002,S2,P,"plant@(2.000,3.000)",1,r0.80_a270,270,0.8,1.9999999999999998,2.2,True,True,True,2.96247563771313,0.19529864398646168,,0
P2_S2_P_seed1002,S2,P,"plant@(2.000,3.000)",1,r1.20_a180,180,1.2,0.8,3.0,True,True,True,3.1847430226150277,0.21803163300501183,,0
P2_S2_P_seed1002,S2,P,"plant@(2.000,3.000)",1,r1.00_a180,180,1.0,1.0,3.0,True,True,True,3.169875174869212,0.2178278930077795,,0
P2_S2_P_seed1002,S2,P,"plant@(2.000,3.000)",1,r0.80_a180,180,0.8,1.2,3.0,True,True,True,3.2416304739555724,0.21673831800580956,,0
P2_S2_P_seed1002,S2,P,"plant@(2.000,3.000)",1,r1.20_a300,300,1.2,2.6,1.9607695154586737,True,True,True,3.2493641108315225,0.21745249402010813,,0
P2_S2_P_seed1002,S2,P,"plant@(2.000,3.000)",1,r1.00_a300,300,1.0,2.5,2.1339745962155616,True,True,True,3.2803082874835803,0.22240746399620548,,0
P2_S2_P_seed1002,S2,P,"plant@(2.000,3.000)",1,r0.80_a300,300,0.8,2.4000000000000004,2.3071796769724493,True,True,True,3.3238474265494395,0.2224483570025768,,0
P2_S2_P_seed1002,S2,P,"plant@(2.000,3.000)",1,r0.80_a150,150,0.8,1.3071796769724489,3.4,True,True,True,3.697423411089156,0.24153925600694492,,0
P2_S2_P_seed1002,S2,P,"plant@(2.000,3.000)",1,r1.00_a150,150,1.0,1.1339745962155612,3.5,True,True,True,3.688042177210573,0.2641828930063639,,0
P2_S2_P_seed1002,S2,P,"plant@(2.000,3.000)",1,r1.20_a150,150,1.2,0.9607695154586735,3.5999999999999996,True,True,True,3.7664397493190878,0.3095863070047926,,0
P2_S2_P_seed1002,S2,P,"plant@(2.000,3.000)",1,r0.80_a330,330,0.8,2.6928203230275507,2.5999999999999996,True,True,True,3.7670170039224296,0.24290638000820763,,0
P2_S2_P_seed1002,S2,P,"plant@(2.000,3.000)",1,r1.00_a330,330,1.0,2.8660254037844384,2.4999999999999996,True,True,True,3.8177101866375125,0.2556498619960621,,0
P2_S2_P_seed1002,S2,P,"plant@(2.000,3.000)",1,r1.20_a330,330,1.2,3.039230484541326,2.3999999999999995,True,True,True,3.862814351084195,0.24228321597911417,,0
P2_S2_P_seed1002,S2,P,"plant@(2.000,3.000)",1,r0.80_a000,0,0.8,2.8,3.0,True,True,True,4.198710423429075,0.26550901899463497,,0
P2_S2_P_seed1002,S2,P,"plant@(2.000,3.000)",1,r1.00_a120,120,1.0,1.5000000000000002,3.866025403784439,True,True,True,4.349087003878647,0.2850915679882746,,0
P2_S2_P_seed1002,S2,P,"plant@(2.000,3.000)",1,r1.00_a000,0,1.0,3.0,3.0,True,True,True,4.262439227569819,0.2701352529984433,,0
P2_S2_P_seed1002,S2,P,"plant@(2.000,3.000)",1,r1.20_a120,120,1.2,1.4000000000000004,4.039230484541326,True,True,True,4.307100999716338,0.2748567970120348,,0
P2_S2_P_seed1002,S2,P,"plant@(2.000,3.000)",1,r0.80_a030,30,0.8,2.692820323027551,3.4,True,True,True,4.6843439254528665,0.2989695600117557,,0
P2_S2_P_seed1002,S2,P,"plant@(2.000,3.000)",1,r1.20_a000,0,1.2,3.2,3.0,True,True,True,4.391661197065614,0.28433116601081565,,0
P2_S2_P_seed1002,S2,P,"plant@(2.000,3.000)",1,r1.00_a090,90,1.0,2.0,4.0,True,True,True,4.93275588851247,0.32636774200364016,,0
P2_S2_P_seed1002,S2,P,"plant@(2.000,3.000)",1,r1.00_a030,30,1.0,2.866025403784439,3.5,True,True,True,4.733839035284139,0.2982270480133593,,0
P2_S2_P_seed1002,S2,P,"plant@(2.000,3.000)",1,r1.00_a060,60,1.0,2.5,3.8660254037844384,True,True,True,5.290531886297779,0.33638555501238443,,0
P2_S2_P_seed1002,S2,P,"plant@(2.000,3.000)",1,r1.20_a090,90,1.2,2.0,4.2,True,True,True,4.937109901060667,0.31650428401189856,,0
P2_S2_P_seed1002,S2,P,"plant@(2.000,3.000)",1,r1.20_a030,30,1.2,3.0392304845413265,3.5999999999999996,True,True,True,4.865006267629385,0.3414397809829097,,0
P2_S2_P_seed1002,S2,P,"plant@(-6.000,4.500)",1,r1.20_a330,330,1.2,-4.960769515458674,3.8999999999999995,True,True,True,7.7786912897878375,0.27950839800178073,,0
P2_S2_P_seed1002,S2,P,"plant@(-6.000,4.500)",1,r1.20_a000,0,1.2,-4.8,4.5,True,True,True,7.499035933053501,0.25533398301922716,,1
P2_S2_P_seed1002,S2,P,"plant@(-6.000,4.500)",1,r1.00_a330,330,1.0,-5.133974596215562,3.9999999999999996,True,True,True,7.967371928005717,0.26346870098495856,,0
P2_S2_P_seed1002,S2,P,"plant@(-6.000,4.500)",1,r1.00_a000,0,1.0,-5.0,4.5,True,True,True,7.741200009825955,0.26607827900443226,,0
P2_S2_P_seed1002,S2,P,"plant@(-6.000,4.500)",1,r1.20_a300,300,1.2,-5.4,3.460769515458674,True,True,False,,0.2529122090199962,path_infeasible_under_safety_checks,0
P2_S2_P_seed1002,S2,P,"plant@(-6.000,4.500)",1,r0.80_a330,330,0.8,-5.307179676972449,4.1,True,True,True,8.02283584172472,0.27618100302061066,,0
P2_S2_P_seed1002,S2,P,"plant@(-6.000,4.500)",1,r0.80_a000,0,0.8,-5.2,4.5,True,True,True,7.861927088163996,0.27622900999267586,,0
P2_S2_P_seed1002,S2,P,"plant@(-6.000,4.500)",1,r1.20_a030,30,1.2,-4.960769515458674,5.1,True,True,True,7.759571422100919,0.2684713589842431,,0
P2_S2_P_seed1002,S2,P,"plant@(-6.000,4.500)",1,r1.00_a030,30,1.0,-5.133974596215562,5.0,True,True,True,8.139981453404344,0.25600912599475123,,0
P2_S2_P_seed1002,S2,P,"plant@(-6.000,4.500)",1,r0.80_a030,30,0.8,-5.307179676972449,4.9,True,True,True,8.01229575904147,0.2854462529940065,,0
P2_S2_P_seed1002,S2,P,"plant@(-6.000,4.500)",1,r1.20_a060,60,1.2,-5.4,5.539230484541326,True,True,True,8.319400296132509,0.3156636969943065,,0
P2_S2_P_seed1002,S2,P,"plant@(-6.000,4.500)",1,r1.20_a240,240,1.2,-6.6000000000000005,3.460769515458674,True,True,False,,0.1781209780019708,path_infeasible_under_safety_checks,0
P2_S2_P_seed1002,S2,P,"plant@(-6.000,4.500)",1,r0.80_a210,210,0.8,-6.692820323027551,4.1,True,True,True,11.552453930606083,0.2823405019880738,,0
P2_S2_P_seed1002,S2,P,"plant@(-6.000,4.500)",1,r1.00_a210,210,1.0,-6.866025403784438,4.0,True,True,False,,0.1854877939913422,path_infeasible_under_safety_checks,0
P2_S2_P_seed1002,S2,P,"plant@(-6.000,4.500)",1,r0.80_a180,180,0.8,-6.8,4.5,True,True,True,11.102618502045415,0.27945215298677795,,0
P2_S2_P_seed1002,S2,P,"plant@(-6.000,4.500)",1,r1.00_a120,120,1.0,-6.5,5.366025403784438,True,True,False,,0.2564675399917178,path_infeasible_under_safety_checks,0
P2_S2_P_seed1002,S2,P,"plant@(-6.000,4.500)",1,r0.80_a150,150,0.8,-6.692820323027551,4.9,True,True,True,10.890294239830432,0.2789647280005738,,0
P2_S2_P_seed1002,S2,P,"plant@(-6.000,4.500)",1,r1.20_a210,210,1.2,-7.039230484541326,3.9,True,True,False,,0.1801283719833009,path_infeasible_under_safety_checks,0
P2_S2_P_seed1002,S2,P,"plant@(-6.000,4.500)",1,r1.20_a120,120,1.2,-6.6,5.539230484541326,True,True,True,10.062821719333614,0.2535260080185253,,0
P2_S2_P_seed1002,S2,P,"plant@(-6.000,4.500)",1,r1.00_a180,180,1.0,-7.0,4.5,True,True,True,11.126937983582863,0.28110650801681913,,0
P2_S2_P_seed1002,S2,P,"plant@(-6.000,4.500)",1,r1.00_a150,150,1.0,-6.866025403784438,5.0,True,True,True,10.7201005553924,0.2730743449938018,,0
P2_S2_P_seed1002,S2,P,"plant@(-6.000,4.500)",1,r1.20_a180,180,1.2,-7.2,4.5,True,True,True,11.157454019179196,0.2775720689969603,,0
P2_S2_P_seed1002,S2,P,"plant@(-6.000,4.500)",1,r1.20_a150,150,1.2,-7.039230484541326,5.1,True,True,True,10.547550618129515,0.26085492098354734,,0
P2_S2_P_seed1002,S2,P,"plant@(-6.000,4.500)",1,r1.00_a300,300,1.0,-5.5,3.6339745962155616,False,True,False,,0.27530608599772677,path_infeasible_under_safety_checks,0
P2_S2_P_seed1002,S2,P,"plant@(-6.000,4.500)",1,r0.80_a300,300,0.8,-5.6,3.8071796769724493,False,True,False,,0.29874416001257487,path_infeasible_under_safety_checks,0
P2_S2_P_seed1002,S2,P,"plant@(-6.000,4.500)",1,r1.20_a270,270,1.2,-6.0,3.3,False,True,False,,0.28306920200702734,path_infeasible_under_safety_checks,0
P2_S2_P_seed1002,S2,P,"plant@(-6.000,4.500)",1,r1.00_a270,270,1.0,-6.0,3.5,False,True,False,,0.30436051200376824,path_infeasible_under_safety_checks,0
P2_S2_P_seed1002,S2,P,"plant@(-6.000,4.500)",1,r0.80_a270,270,0.8,-6.0,3.7,False,True,False,,0.323228464985732,path_infeasible_under_safety_checks,0
P2_S2_P_seed1002,S2,P,"plant@(-6.000,4.500)",1,r1.00_a060,60,1.0,-5.5,5.366025403784438,False,True,False,,0.2949300000036601,path_infeasible_under_safety_checks,0
P2_S2_P_seed1002,S2,P,"plant@(-6.000,4.500)",1,r0.80_a060,60,0.8,-5.6,5.192820323027551,False,True,False,,0.2915520169772208,path_infeasible_under_safety_checks,0
P2_S2_P_seed1002,S2,P,"plant@(-6.000,4.500)",1,r0.80_a240,240,0.8,-6.4,3.8071796769724493,False,True,False,,0.21384844701969996,path_infeasible_under_safety_checks,0
P2_S2_P_seed1002,S2,P,"plant@(-6.000,4.500)",1,r1.00_a240,240,1.0,-6.5,3.6339745962155616,False,True,False,,0.20953987902612425,path_infeasible_under_safety_checks,0
P2_S2_P_seed1002,S2,P,"plant@(12.000,2.000)",1,r1.20_a240,240,1.2,11.399999999999999,0.960769515458674,True,True,True,21.573673375448898,0.27429309001308866,,0
P2_S2_P_seed1002,S2,P,"plant@(12.000,2.000)",1,r1.20_a090,90,1.2,12.0,3.2,True,True,True,21.139744397078086,0.2780607489985414,,1
P2_S2_P_seed1002,S2,P,"plant@(12.000,2.000)",1,r0.80_a060,60,0.8,12.4,2.6928203230275507,True,True,True,21.659476474518783,0.26416835898999125,,0
P2_S2_P_seed1002,S2,P,"plant@(12.000,2.000)",1,r1.00_a060,60,1.0,12.5,2.8660254037844384,True,True,True,21.51719522553854,0.2647160459891893,,0
P2_S2_P_seed1002,S2,P,"plant@(12.000,2.000)",1,r1.20_a060,60,1.2,12.6,3.039230484541326,True,True,True,21.4234662551374,0.27145515801385045,,0
P2_S2_P_seed1002,S2,P,"plant@(12.000,2.000)",1,r0.80_a030,30,0.8,12.69282032302755,2.4,True,True,True,22.036992070902034,0.28405794900027104,,0
P2_S2_P_seed1002,S2,P,"plant@(12.000,2.000)",1,r0.80_a330,330,0.8,12.69282032302755,1.5999999999999996,True,True,True,22.9227243625352,0.29184981499565765,,0
P2_S2_P_seed1002,S2,P,"plant@(12.000,2.000)",1,r1.00_a030,30,1.0,12.86602540378444,2.5,True,True,True,21.97627878641527,0.2742658280185424,,0
P2_S2_P_seed1002,S2,P,"plant@(12.000,2.000)",1,r0.80_a000,0,0.8,12.8,2.0,True,True,True,22.501933650574763,0.28801172602106817,,0
P2_S2_P_seed1002,S2,P,"plant@(12.000,2.000)",1,r1.00_a330,330,1.0,12.866025403784437,1.4999999999999996,True,True,True,23.043424084726134,0.2870415360084735,,0
P2_S2_P_seed1002,S2,P,"plant@(12.000,2.000)",1,r1.20_a030,30,1.2,13.039230484541326,2.5999999999999996,True,True,True,21.982062881050325,0.29834707398549654,,0
P2_S2_P_seed1002,S2,P,"plant@(12.000,2.000)",1,r1.00_a000,0,1.0,13.0,2.0,True,True,True,22.524807723902704,0.294478113995865,,0
P2_S2_P_seed1002,S2,P,"plant@(12.000,2.000)",1,r1.20_a330,330,1.2,13.039230484541326,1.3999999999999995,True,True,True,23.097655193296184,0.3003507840039674,,0
P2_S2_P_seed1002,S2,P,"plant@(12.000,2.000)",1,r1.20_a000,0,1.2,13.2,2.0,True,True,True,22.580929531995736,0.2760309919831343,,0
P2_S2_P_seed1002,S2,P,"plant@(12.000,2.000)",1,r1.20_a180,180,1.2,10.8,2.0,False,True,False,,0.29643696499988437,path_infeasible_under_safety_checks,0
P2_S2_P_seed1002,S2,P,"plant@(12.000,2.000)",1,r1.20_a150,150,1.2,10.960769515458674,2.5999999999999996,False,True,False,,0.2910143830231391,path_infeasible_under_safety_checks,0
P2_S2_P_seed1002,S2,P,"plant@(12.000,2.000)",1,r1.00_a180,180,1.0,11.0,2.0,False,True,False,,0.2985532429884188,path_infeasible_under_safety_checks,0
P2_S2_P_seed1002,S2,P,"plant@(12.000,2.000)",1,r1.00_a150,150,1.0,11.13397459621556,2.5,False,True,False,,0.2859755200042855,path_infeasible_under_safety_checks,0
P2_S2_P_seed1002,S2,P,"plant@(12.000,2.000)",1,r1.20_a210,210,1.2,10.960769515458674,1.4,False,True,False,,0.2767024539934937,path_infeasible_under_safety_checks,0
P2_S2_P_seed1002,S2,P,"plant@(12.000,2.000)",1,r0.80_a180,180,0.8,11.2,2.0,False,True,False,,0.28397804000996985,path_infeasible_under_safety_checks,0
P2_S2_P_seed1002,S2,P,"plant@(12.000,2.000)",1,r1.00_a210,210,1.0,11.13397459621556,1.5,False,True,False,,0.29196165400207974,path_infeasible_under_safety_checks,0
P2_S2_P_seed1002,S2,P,"plant@(12.000,2.000)",1,r0.80_a150,150,0.8,11.30717967697245,2.4,False,True,False,,0.2867707459954545,path_infeasible_under_safety_checks,0
P2_S2_P_seed1002,S2,P,"plant@(12.000,2.000)",1,r1.20_a120,120,1.2,11.4,3.0392304845413265,False,True,False,,0.28635063298861496,path_infeasible_under_safety_checks,0
P2_S2_P_seed1002,S2,P,"plant@(12.000,2.000)",1,r0.80_a210,210,0.8,11.30717967697245,1.5999999999999999,False,True,False,,0.2855982600012794,path_infeasible_under_safety_checks,0
P2_S2_P_seed1002,S2,P,"plant@(12.000,2.000)",1,r1.00_a120,120,1.0,11.5,2.866025403784439,False,True,False,,0.2908208070148248,path_infeasible_under_safety_checks,0
P2_S2_P_seed1002,S2,P,"plant@(12.000,2.000)",1,r0.80_a120,120,0.8,11.6,2.692820323027551,False,True,False,,0.2955483989790082,path_infeasible_under_safety_checks,0
P2_S2_P_seed1002,S2,P,"plant@(12.000,2.000)",1,r1.00_a240,240,1.0,11.5,1.1339745962155616,False,True,False,,0.28563955100253224,path_infeasible_under_safety_checks,0
P2_S2_P_seed1002,S2,P,"plant@(12.000,2.000)",1,r0.80_a240,240,0.8,11.6,1.3071796769724493,False,True,False,,0.29702648997772485,path_infeasible_under_safety_checks,0
P2_S2_P_seed1002,S2,P,"plant@(12.000,2.000)",1,r1.00_a090,90,1.0,12.0,3.0,False,True,False,,0.28517548798117787,path_infeasible_under_safety_checks,0
P2_S2_P_seed1002,S2,P,"plant@(12.000,2.000)",1,r0.80_a090,90,0.8,12.0,2.8,False,True,False,,0.2871946689847391,path_infeasible_under_safety_checks,0
P2_S2_P_seed1002,S2,P,"plant@(12.000,2.000)",1,r0.80_a270,270,0.8,12.0,1.2,False,True,False,,0.28538470799685456,path_infeasible_under_safety_checks,0
P2_S2_P_seed1002,S2,P,"plant@(12.000,2.000)",1,r1.00_a270,270,1.0,12.0,1.0,False,True,False,,0.291249036003137,path_infeasible_under_safety_checks,0
P2_S2_P_seed1003,S2,P,"plant@(2.000,3.000)",1,r1.20_a240,240,1.2,1.3999999999999995,1.960769515458674,True,True,True,2.4021980321074725,0.15558324099401943,,1
P2_S2_P_seed1003,S2,P,"plant@(2.000,3.000)",1,r1.20_a210,210,1.2,0.9607695154586737,2.4,True,True,True,2.5982584977119902,0.18052988898125477,,0
P2_S2_P_seed1003,S2,P,"plant@(2.000,3.000)",1,r1.00_a240,240,1.0,1.4999999999999996,2.1339745962155616,True,True,True,2.602031634036085,0.17456048398162238,,0
P2_S2_P_seed1003,S2,P,"plant@(2.000,3.000)",1,r1.20_a270,270,1.2,1.9999999999999998,1.8,True,True,True,2.6786582306225384,0.16997468000045046,,0
P2_S2_P_seed1003,S2,P,"plant@(2.000,3.000)",1,r1.00_a210,210,1.0,1.1339745962155614,2.5,True,True,True,2.74531223429477,0.18575316801434383,,0
P2_S2_P_seed1003,S2,P,"plant@(2.000,3.000)",1,r0.80_a240,240,0.8,1.5999999999999996,2.3071796769724493,True,True,True,2.803764317979718,0.18376176402671263,,0
P2_S2_P_seed1003,S2,P,"plant@(2.000,3.000)",1,r1.00_a270,270,1.0,1.9999999999999998,2.0,True,True,True,2.816025931651265,0.18190979800419882,,0
P2_S2_P_seed1003,S2,P,"plant@(2.000,3.000)",1,r0.80_a210,210,0.8,1.307179676972449,2.5999999999999996,True,True,True,2.9198346466490075,0.19093990200781263,,0
P2_S2_P_seed1003,S2,P,"plant@(2.000,3.000)",1,r0.80_a270,270,0.8,1.9999999999999998,2.2,True,True,True,2.96247563771313,0.1930665239924565,,0
P2_S2_P_seed1003,S2,P,"plant@(2.000,3.000)",1,r1.20_a180,180,1.2,0.8,3.0,True,True,True,3.1847430226150277,0.2023016320017632,,0
P2_S2_P_seed1003,S2,P,"plant@(2.000,3.000)",1,r1.00_a180,180,1.0,1.0,3.0,True,True,True,3.169875174869212,0.20575303700752556,,0
P2_S2_P_seed1003,S2,P,"plant@(2.000,3.000)",1,r0.80_a180,180,0.8,1.2,3.0,True,True,True,3.2416304739555724,0.20250873200711794,,0
P2_S2_P_seed1003,S2,P,"plant@(2.000,3.000)",1,r1.20_a300,300,1.2,2.6,1.9607695154586737,True,True,True,3.2493641108315225,0.21400366697343998,,0
P2_S2_P_seed1003,S2,P,"plant@(2.000,3.000)",1,r1.00_a300,300,1.0,2.5,2.1339745962155616,True,True,True,3.2803082874835803,0.21204726499854587,,0
P2_S2_P_seed1003,S2,P,"plant@(2.000,3.000)",1,r0.80_a300,300,0.8,2.4000000000000004,2.3071796769724493,True,True,True,3.3238474265494395,0.22174136599642225,,0
P2_S2_P_seed1003,S2,P,"plant@(2.000,3.000)",1,r0.80_a150,150,0.8,1.3071796769724489,3.4,True,True,True,3.697423411089156,0.2370081709814258,,0
P2_S2_P_seed1003,S2,P,"plant@(2.000,3.000)",1,r1.00_a150,150,1.0,1.1339745962155612,3.5,True,True,True,3.688042177210573,0.2402188629785087,,0
P2_S2_P_seed1003,S2,P,"plant@(2.000,3.000)",1,r1.20_a150,150,1.2,0.9607695154586735,3.5999999999999996,True,True,True,3.7664397493190878,0.2927203300059773,,0
P2_S2_P_seed1003,S2,P,"plant@(2.000,3.000)",1,r0.80_a330,330,0.8,2.6928203230275507,2.5999999999999996,True,True,True,3.7670170039224296,0.28649198802304454,,0
P2_S2_P_seed1003,S2,P,"plant@(2.000,3.000)",1,r1.00_a330,330,1.0,2.8660254037844384,2.4999999999999996,True,True,True,3.8177101866375125,0.24930899500031956,,0
P2_S2_P_seed1003,S2,P,"plant@(2.000,3.000)",1,r1.20_a330,330,1.2,3.039230484541326,2.3999999999999995,True,True,True,3.862814351084195,0.2558411289937794,,0
P2_S2_P_seed1003,S2,P,"plant@(2.000,3.000)",1,r0.80_a000,0,0.8,2.8,3.0,True,True,True,4.198710423429075,0.2663745790196117,,0
P2_S2_P_seed1003,S2,P,"plant@(2.000,3.000)",1,r1.00_a120,120,1.0,1.5000000000000002,3.866025403784439,True,True,True,4.349087003878647,0.29129629099043086,,0
P2_S2_P_seed1003,S2,P,"plant@(2.000,3.000)",1,r1.00_a000,0,1.0,3.0,3.0,True,True,True,4.262439227569819,0.27887565302080475,,0
P2_S2_P_seed1003,S2,P,"plant@(2.000,3.000)",1,r1.20_a120,120,1.2,1.4000000000000004,4.039230484541326,True,True,True,4.307100999716338,0.2818294530152343,,0
P2_S2_P_seed1003,S2,P,"plant@(2.000,3.000)",1,r0.80_a030,30,0.8,2.692820323027551,3.4,True,True,True,4.6843439254528665,0.30463146200054325,,0
P2_S2_P_seed1003,S2,P,"plant@(2.000,3.000)",1,r1.20_a000,0,1.2,3.2,3.0,True,True,True,4.391661197065614,0.2888518440013286,,0
P2_S2_P_seed1003,S2,P,"plant@(2.000,3.000)",1,r1.00_a090,90,1.0,2.0,4.0,True,True,True,4.93275588851247,0.342998310981784,,0
P2_S2_P_seed1003,S2,P,"plant@(2.000,3.000)",1,r1.00_a030,30,1.0,2.866025403784439,3.5,True,True,True,4.733839035284139,0.3168433269893285,,0
P2_S2_P_seed1003,S2,P,"plant@(2.000,3.000)",1,r1.00_a060,60,1.0,2.5,3.8660254037844384,True,True,True,5.290531886297779,0.3523534430132713,,0
P2_S2_P_seed1003,S2,P,"plant@(2.000,3.000)",1,r1.20_a090,90,1.2,2.0,4.2,True,True,True,4.937109901060667,0.32221611199202016,,0
P2_S2_P_seed1003,S2,P,"plant@(2.000,3.000)",1,r1.20_a030,30,1.2,3.0392304845413265,3.5999999999999996,True,True,True,4.865006267629385,0.33758249902166426,,0
P2_S2_P_seed1003,S2,P,"plant@(-6.000,4.500)",1,r1.20_a330,330,1.2,-4.960769515458674,3.8999999999999995,True,True,True,7.7786912897878375,0.2702106520009693,,0
P2_S2_P_seed1003,S2,P,"plant@(-6.000,4.500)",1,r1.20_a000,0,1.2,-4.8,4.5,True,True,True,7.499035933053501,0.27985285699833184,,1
P2_S2_P_seed1003,S2,P,"plant@(-6.000,4.500)",1,r1.00_a330,330,1.0,-5.133974596215562,3.9999999999999996,True,True,True,7.967371928005717,0.27262820801115595,,0
P2_S2_P_seed1003,S2,P,"plant@(-6.000,4.500)",1,r1.00_a000,0,1.0,-5.0,4.5,True,True,True,7.741200009825955,0.2681857849820517,,0
P2_S2_P_seed1003,S2,P,"plant@(-6.000,4.500)",1,r1.20_a300,300,1.2,-5.4,3.460769515458674,True,True,False,,0.2588265920057893,path_infeasible_under_safety_checks,0
P2_S2_P_seed1003,S2,P,"plant@(-6.000,4.500)",1,r0.80_a330,330,0.8,-5.307179676972449,4.1,True,True,True,8.02283584172472,0.2938849150086753,,0
P2_S2_P_seed1003,S2,P,"plant@(-6.000,4.500)",1,r0.80_a000,0,0.8,-5.2,4.5,True,True,True,7.861927088163996,0.285888526996132,,0
P2_S2_P_seed1003,S2,P,"plant@(-6.000,4.500)",1,r1.20_a030,30,1.2,-4.960769515458674,5.1,True,True,True,7.759571422100919,0.27993019099812955,,0
P2_S2_P_seed1003,S2,P,"plant@(-6.000,4.500)",1,r1.00_a030,30,1.0,-5.133974596215562,5.0,True,True,True,8.139981453404344,0.26140106699313037,,0
P2_S2_P_seed1003,S2,P,"plant@(-6.000,4.500)",1,r0.80_a030,30,0.8,-5.307179676972449,4.9,True,True,True,8.01229575904147,0.29263110700412653,,0
P2_S2_P_seed1003,S2,P,"plant@(-6.000,4.500)",1,r1.20_a060,60,1.2,-5.4,5.539230484541326,True,True,True,8.319400296132509,0.3072982750018127,,0
P2_S2_P_seed1003,S2,P,"plant@(-6.000,4.500)",1,r1.20_a240,240,1.2,-6.6000000000000005,3.460769515458674,True,True,False,,0.1716461219766643,path_infeasible_under_safety_checks,0
P2_S2_P_seed1003,S2,P,"plant@(-6.000,4.500)",1,r0.80_a210,210,0.8,-6.692820323027551,4.1,True,True,True,11.552453930606083,0.28311697900062427,,0
P2_S2_P_seed1003,S2,P,"plant@(-6.000,4.500)",1,r1.00_a210,210,1.0,-6.866025403784438,4.0,True,True,False,,0.1777014700055588,path_infeasible_under_safety_checks,0
P2_S2_P_seed1003,S2,P,"plant@(-6.000,4.500)",1,r0.80_a180,180,0.8,-6.8,4.5,True,True,True,11.102618502045415,0.2698461679974571,,0
P2_S2_P_seed1003,S2,P,"plant@(-6.000,4.500)",1,r1.00_a120,120,1.0,-6.5,5.366025403784438,True,True,False,,0.24142886899062432,path_infeasible_under_safety_checks,0
P2_S2_P_seed1003,S2,P,"plant@(-6.000,4.500)",1,r0.80_a150,150,0.8,-6.692820323027551,4.9,True,True,True,10.890294239830432,0.27080240298528224,,0
P2_S2_P_seed1003,S2,P,"plant@(-6.000,4.500)",1,r1.20_a210,210,1.2,-7.039230484541326,3.9,True,True,False,,0.17351610999321565,path_infeasible_under_safety_checks,0
P2_S2_P_seed1003,S2,P,"plant@(-6.000,4.500)",1,r1.20_a120,120,1.2,-6.6,5.539230484541326,True,True,True,10.062821719333614,0.24016338502406143,,0
P2_S2_P_seed1003,S2,P,"plant@(-6.000,4.500)",1,r1.00_a180,180,1.0,-7.0,4.5,True,True,True,11.126937983582863,0.2802431070012972,,0
P2_S2_P_seed1003,S2,P,"plant@(-6.000,4.500)",1,r1.00_a150,150,1.0,-6.866025403784438,5.0,True,True,True,10.7201005553924,0.2520615330140572,,0
P2_S2_P_seed1003,S2,P,"plant@(-6.000,4.500)",1,r1.20_a180,180,1.2,-7.2,4.5,True,True,True,11.157454019179196,0.2642921020160429,,0
P2_S2_P_seed1003,S2,P,"plant@(-6.000,4.500)",1,r1.20_a150,150,1.2,-7.039230484541326,5.1,True,True,True,10.547550618129515,0.2721698670065962,,0
P2_S2_P_seed1003,S2,P,"plant@(-6.000,4.500)",1,r1.00_a300,300,1.0,-5.5,3.6339745962155616,False,True,False,,0.27096617000643164,path_infeasible_under_safety_checks,0
P2_S2_P_seed1003,S2,P,"plant@(-6.000,4.500)",1,r0.80_a300,300,0.8,-5.6,3.8071796769724493,False,True,False,,0.29993271399871446,path_infeasible_under_safety_checks,0
P2_S2_P_seed1003,S2,P,"plant@(-6.000,4.500)",1,r1.20_a270,270,1.2,-6.0,3.3,False,True,False,,0.2646321229985915,path_infeasible_under_safety_checks,0
P2_S2_P_seed1003,S2,P,"plant@(-6.000,4.500)",1,r1.00_a270,270,1.0,-6.0,3.5,False,True,False,,0.29834224897786044,path_infeasible_under_safety_checks,0
P2_S2_P_seed1003,S2,P,"plant@(-6.000,4.500)",1,r0.80_a270,270,0.8,-6.0,3.7,False,True,False,,0.33906435398967005,path_infeasible_under_safety_checks,0
P2_S2_P_seed1003,S2,P,"plant@(-6.000,4.500)",1,r1.00_a060,60,1.0,-5.5,5.366025403784438,False,True,False,,0.30654094301280566,path_infeasible_under_safety_checks,0
P2_S2_P_seed1003,S2,P,"plant@(-6.000,4.500)",1,r0.80_a060,60,0.8,-5.6,5.192820323027551,False,True,False,,0.2941942980105523,path_infeasible_under_safety_checks,0
P2_S2_P_seed1003,S2,P,"plant@(-6.000,4.500)",1,r0.80_a240,240,0.8,-6.4,3.8071796769724493,False,True,False,,0.21365185899776407,path_infeasible_under_safety_checks,0
P2_S2_P_seed1003,S2,P,"plant@(-6.000,4.500)",1,r1.00_a240,240,1.0,-6.5,3.6339745962155616,False,True,False,,0.21446378697874025,path_infeasible_under_safety_checks,0
P2_S2_P_seed1003,S2,P,"plant@(12.000,2.000)",1,r1.20_a240,240,1.2,11.399999999999999,0.960769515458674,True,True,True,21.573673375448898,0.2802181080041919,,0
P2_S2_P_seed1003,S2,P,"plant@(12.000,2.000)",1,r1.20_a090,90,1.2,12.0,3.2,True,True,True,21.139744397078086,0.2573933879903052,,1
P2_S2_P_seed1003,S2,P,"plant@(12.000,2.000)",1,r0.80_a060,60,0.8,12.4,2.6928203230275507,True,True,True,21.659476474518783,0.26903615400078706,,0
P2_S2_P_seed1003,S2,P,"plant@(12.000,2.000)",1,r1.00_a060,60,1.0,12.5,2.8660254037844384,True,True,True,21.51719522553854,0.26189980100025423,,0
P2_S2_P_seed1003,S2,P,"plant@(12.000,2.000)",1,r1.20_a060,60,1.2,12.6,3.039230484541326,True,True,True,21.4234662551374,0.2737708860076964,,0
P2_S2_P_seed1003,S2,P,"plant@(12.000,2.000)",1,r0.80_a030,30,0.8,12.69282032302755,2.4,True,True,True,22.036992070902034,0.26774729398312047,,0
P2_S2_P_seed1003,S2,P,"plant@(12.000,2.000)",1,r0.80_a330,330,0.8,12.69282032302755,1.5999999999999996,True,True,True,22.9227243625352,0.2836414009798318,,0
P2_S2_P_seed1003,S2,P,"plant@(12.000,2.000)",1,r1.00_a030,30,1.0,12.86602540378444,2.5,True,True,True,21.97627878641527,0.26916523100226186,,0
P2_S2_P_seed1003,S2,P,"plant@(12.000,2.000)",1,r0.80_a000,0,0.8,12.8,2.0,True,True,True,22.501933650574763,0.2897028049919754,,0
P2_S2_P_seed1003,S2,P,"plant@(12.000,2.000)",1,r1.00_a330,330,1.0,12.866025403784437,1.4999999999999996,True,True,True,23.043424084726134,0.3192382679844741,,0
P2_S2_P_seed1003,S2,P,"plant@(12.000,2.000)",1,r1.20_a030,30,1.2,13.039230484541326,2.5999999999999996,True,True,True,21.982062881050325,0.27790696601732634,,0
P2_S2_P_seed1003,S2,P,"plant@(12.000,2.000)",1,r1.00_a000,0,1.0,13.0,2.0,True,True,True,22.524807723902704,0.2818419239774812,,0
P2_S2_P_seed1003,S2,P,"plant@(12.000,2.000)",1,r1.20_a330,330,1.2,13.039230484541326,1.3999999999999995,True,True,True,23.097655193296184,0.2880614999739919,,0
P2_S2_P_seed1003,S2,P,"plant@(12.000,2.000)",1,r1.20_a000,0,1.2,13.2,2.0,True,True,True,22.580929531995736,0.29027664801105857,,0
P2_S2_P_seed1003,S2,P,"plant@(12.000,2.000)",1,r1.20_a180,180,1.2,10.8,2.0,False,True,False,,0.2828541059861891,path_infeasible_under_safety_checks,0
P2_S2_P_seed1003,S2,P,"plant@(12.000,2.000)",1,r1.20_a150,150,1.2,10.960769515458674,2.5999999999999996,False,True,False,,0.26304883300326765,path_infeasible_under_safety_checks,0
P2_S2_P_seed1003,S2,P,"plant@(12.000,2.000)",1,r1.00_a180,180,1.0,11.0,2.0,False,True,False,,0.2881867049727589,path_infeasible_under_safety_checks,0
P2_S2_P_seed1003,S2,P,"plant@(12.000,2.000)",1,r1.00_a150,150,1.0,11.13397459621556,2.5,False,True,False,,0.27095475900569,path_infeasible_under_safety_checks,0
P2_S2_P_seed1003,S2,P,"plant@(12.000,2.000)",1,r1.20_a210,210,1.2,10.960769515458674,1.4,False,True,False,,0.2868259630049579,path_infeasible_under_safety_checks,0
P2_S2_P_seed1003,S2,P,"plant@(12.000,2.000)",1,r0.80_a180,180,0.8,11.2,2.0,False,True,False,,0.27660557499621063,path_infeasible_under_safety_checks,0
P2_S2_P_seed1003,S2,P,"plant@(12.000,2.000)",1,r1.00_a210,210,1.0,11.13397459621556,1.5,False,True,False,,0.28798382298555225,path_infeasible_under_safety_checks,0
P2_S2_P_seed1003,S2,P,"plant@(12.000,2.000)",1,r0.80_a150,150,0.8,11.30717967697245,2.4,False,True,False,,0.28495174800627865,path_infeasible_under_safety_checks,0
P2_S2_P_seed1003,S2,P,"plant@(12.000,2.000)",1,r1.20_a120,120,1.2,11.4,3.0392304845413265,False,True,False,,0.2796052579942625,path_infeasible_under_safety_checks,0
P2_S2_P_seed1003,S2,P,"plant@(12.000,2.000)",1,r0.80_a210,210,0.8,11.30717967697245,1.5999999999999999,False,True,False,,0.3209636009996757,path_infeasible_under_safety_checks,0
P2_S2_P_seed1003,S2,P,"plant@(12.000,2.000)",1,r1.00_a120,120,1.0,11.5,2.866025403784439,False,True,False,,0.28902782598743215,path_infeasible_under_safety_checks,0
P2_S2_P_seed1003,S2,P,"plant@(12.000,2.000)",1,r0.80_a120,120,0.8,11.6,2.692820323027551,False,True,False,,0.3061941210180521,path_infeasible_under_safety_checks,0
P2_S2_P_seed1003,S2,P,"plant@(12.000,2.000)",1,r1.00_a240,240,1.0,11.5,1.1339745962155616,False,True,False,,0.2763818280072883,path_infeasible_under_safety_checks,0
P2_S2_P_seed1003,S2,P,"plant@(12.000,2.000)",1,r0.80_a240,240,0.8,11.6,1.3071796769724493,False,True,False,,0.32139454199932516,path_infeasible_under_safety_checks,0
P2_S2_P_seed1003,S2,P,"plant@(12.000,2.000)",1,r1.00_a090,90,1.0,12.0,3.0,False,True,False,,0.2873427690065,path_infeasible_under_safety_checks,0
P2_S2_P_seed1003,S2,P,"plant@(12.000,2.000)",1,r0.80_a090,90,0.8,12.0,2.8,False,True,False,,0.28155978399445303,path_infeasible_under_safety_checks,0
P2_S2_P_seed1003,S2,P,"plant@(12.000,2.000)",1,r0.80_a270,270,0.8,12.0,1.2,False,True,False,,0.3017145239864476,path_infeasible_under_safety_checks,0
P2_S2_P_seed1003,S2,P,"plant@(12.000,2.000)",1,r1.00_a270,270,1.0,12.0,1.0,False,True,False,,0.2802788240078371,path_infeasible_under_safety_checks,0
P2_S2_P_seed1004,S2,P,"plant@(2.000,3.000)",1,r1.20_a240,240,1.2,1.3999999999999995,1.960769515458674,True,True,True,2.4021980321074725,0.16725884197512642,,1
P2_S2_P_seed1004,S2,P,"plant@(2.000,3.000)",1,r1.20_a210,210,1.2,0.9607695154586737,2.4,True,True,True,2.5982584977119902,0.18484128499403596,,0
P2_S2_P_seed1004,S2,P,"plant@(2.000,3.000)",1,r1.00_a240,240,1.0,1.4999999999999996,2.1339745962155616,True,True,True,2.602031634036085,0.17201642197323963,,0
P2_S2_P_seed1004,S2,P,"plant@(2.000,3.000)",1,r1.20_a270,270,1.2,1.9999999999999998,1.8,True,True,True,2.6786582306225384,0.17692049499601126,,0
P2_S2_P_seed1004,S2,P,"plant@(2.000,3.000)",1,r1.00_a210,210,1.0,1.1339745962155614,2.5,True,True,True,2.74531223429477,0.18524327198974788,,0
P2_S2_P_seed1004,S2,P,"plant@(2.000,3.000)",1,r0.80_a240,240,0.8,1.5999999999999996,2.3071796769724493,True,True,True,2.803764317979718,0.19257773002027534,,0
P2_S2_P_seed1004,S2,P,"plant@(2.000,3.000)",1,r1.00_a270,270,1.0,1.9999999999999998,2.0,True,True,True,2.816025931651265,0.19108230402343906,,0
P2_S2_P_seed1004,S2,P,"plant@(2.000,3.000)",1,r0.80_a210,210,0.8,1.307179676972449,2.5999999999999996,True,True,True,2.9198346466490075,0.19591418898198754,,0
P2_S2_P_seed1004,S2,P,"plant@(2.000,3.000)",1,r0.80_a270,270,0.8,1.9999999999999998,2.2,True,True,True,2.96247563771313,0.2083226709801238,,0
P2_S2_P_seed1004,S2,P,"plant@(2.000,3.000)",1,r1.20_a180,180,1.2,0.8,3.0,True,True,True,3.1847430226150277,0.21446610701968893,,0
P2_S2_P_seed1004,S2,P,"plant@(2.000,3.000)",1,r1.00_a180,180,1.0,1.0,3.0,True,True,True,3.169875174869212,0.21709733802708797,,0
P2_S2_P_seed1004,S2,P,"plant@(2.000,3.000)",1,r0.80_a180,180,0.8,1.2,3.0,True,True,True,3.2416304739555724,0.2184851490019355,,0
P2_S2_P_seed1004,S2,P,"plant@(2.000,3.000)",1,r1.20_a300,300,1.2,2.6,1.9607695154586737,True,True,True,3.2493641108315225,0.22575278498698026,,0
P2_S2_P_seed1004,S2,P,"plant@(2.000,3.000)",1,r1.00_a300,300,1.0,2.5,2.1339745962155616,True,True,True,3.2803082874835803,0.22485527698881924,,0
P2_S2_P_seed1004,S2,P,"plant@(2.000,3.000)",1,r0.80_a300,300,0.8,2.4000000000000004,2.3071796769724493,True,True,True,3.3238474265494395,0.23909190599806607,,0
P2_S2_P_seed1004,S2,P,"plant@(2.000,3.000)",1,r0.80_a150,150,0.8,1.3071796769724489,3.4,True,True,True,3.697423411089156,0.24361166200833395,,0
P2_S2_P_seed1004,S2,P,"plant@(2.000,3.000)",1,r1.00_a150,150,1.0,1.1339745962155612,3.5,True,True,True,3.688042177210573,0.2799103230063338,,0
P2_S2_P_seed1004,S2,P,"plant@(2.000,3.000)",1,r1.20_a150,150,1.2,0.9607695154586735,3.5999999999999996,True,True,True,3.7664397493190878,0.24521206901408732,,0
P2_S2_P_seed1004,S2,P,"plant@(2.000,3.000)",1,r0.80_a330,330,0.8,2.6928203230275507,2.5999999999999996,True,True,True,3.7670170039224296,0.27254293899750337,,0
P2_S2_P_seed1004,S2,P,"plant@(2.000,3.000)",1,r1.00_a330,330,1.0,2.8660254037844384,2.4999999999999996,True,True,True,3.8177101866375125,0.30573804798768833,,0
P2_S2_P_seed1004,S2,P,"plant@(2.000,3.000)",1,r1.20_a330,330,1.2,3.039230484541326,2.3999999999999995,True,True,True,3.862814351084195,0.2711491799855139,,0
P2_S2_P_seed1004,S2,P,"plant@(2.000,3.000)",1,r0.80_a000,0,0.8,2.8,3.0,True,True,True,4.198710423429075,0.2777010150020942,,0
P2_S2_P_seed1004,S2,P,"plant@(2.000,3.000)",1,r1.00_a120,120,1.0,1.5000000000000002,3.866025403784439,True,True,True,4.349087003878647,0.2918662969896104,,0
P2_S2_P_seed1004,S2,P,"plant@(2.000,3.000)",1,r1.00_a000,0,1.0,3.0,3.0,True,True,True,4.262439227569819,0.29568632601876743,,0
P2_S2_P_seed1004,S2,P,"plant@(2.000,3.000)",1,r1.20_a120,120,1.2,1.4000000000000004,4.039230484541326,True,True,True,4.307100999716338,0.28691444799187593,,0
P2_S2_P_seed1004,S2,P,"plant@(2.000,3.000)",1,r0.80_a030,30,0.8,2.692820323027551,3.4,True,True,True,4.6843439254528665,0.3216993800015189,,0
P2_S2_P_seed1004,S2,P,"plant@(2.000,3.000)",1,r1.20_a000,0,1.2,3.2,3.0,True,True,True,4.391661197065614,0.29599861599854194,,0
P2_S2_P_seed1004,S2,P,"plant@(2.000,3.000)",1,r1.00_a090,90,1.0,2.0,4.0,True,True,True,4.93275588851247,0.3402990410104394,,0
P2_S2_P_seed1004,S2,P,"plant@(2.000,3.000)",1,r1.00_a030,30,1.0,2.866025403784439,3.5,True,True,True,4.733839035284139,0.31546996600809507,,0
P2_S2_P_seed1004,S2,P,"plant@(2.000,3.000)",1,r1.00_a060,60,1.0,2.5,3.8660254037844384,True,True,True,5.290531886297779,0.3760183390113525,,0
P2_S2_P_seed1004,S2,P,"plant@(2.000,3.000)",1,r1.20_a090,90,1.2,2.0,4.2,True,True,True,4.937109901060667,0.3394250059791375,,0
P2_S2_P_seed1004,S2,P,"plant@(2.000,3.000)",1,r1.20_a030,30,1.2,3.0392304845413265,3.5999999999999996,True,True,True,4.865006267629385,0.33302759801154025,,0
P2_S2_P_seed1004,S2,P,"plant@(-6.000,4.500)",1,r1.20_a330,330,1.2,-4.960769515458674,3.8999999999999995,True,True,True,7.791318019268132,0.2689049970067572,,0
P2_S2_P_seed1004,S2,P,"plant@(-6.000,4.500)",1,r1.20_a000,0,1.2,-4.8,4.5,True,True,True,7.592004018360777,0.2485977590258699,,1
P2_S2_P_seed1004,S2,P,"plant@(-6.000,4.500)",1,r1.00_a330,330,1.0,-5.133974596215562,3.9999999999999996,True,True,True,7.922451298013273,0.27757898799609393,,0
P2_S2_P_seed1004,S2,P,"plant@(-6.000,4.500)",1,r1.00_a000,0,1.0,-5.0,4.5,True,True,True,7.705130894592871,0.27980070299236104,,0
P2_S2_P_seed1004,S2,P,"plant@(-6.000,4.500)",1,r1.20_a300,300,1.2,-5.4,3.460769515458674,True,True,False,,0.2608667380118277,path_infeasible_under_safety_checks,0
P2_S2_P_seed1004,S2,P,"plant@(-6.000,4.500)",1,r0.80_a330,330,0.8,-5.307179676972449,4.1,True,True,True,8.031974997784543,0.2803774659987539,,0
P2_S2_P_seed1004,S2,P,"plant@(-6.000,4.500)",1,r0.80_a000,0,0.8,-5.2,4.5,True,True,True,7.899903364513001,0.2742891520028934,,0
P2_S2_P_seed1004,S2,P,"plant@(-6.000,4.500)",1,r1.20_a030,30,1.2,-4.960769515458674,5.1,True,True,True,7.720120417866004,0.27080925402697176,,0
P2_S2_P_seed1004,S2,P,"plant@(-6.000,4.500)",1,r1.00_a030,30,1.0,-5.133974596215562,5.0,True,True,True,8.138973600238801,0.2534017989819404,,0
P2_S2_P_seed1004,S2,P,"plant@(-6.000,4.500)",1,r0.80_a030,30,0.8,-5.307179676972449,4.9,True,True,True,8.030881616638638,0.2860628489870578,,0
P2_S2_P_seed1004,S2,P,"plant@(-6.000,4.500)",1,r1.20_a060,60,1.2,-5.4,5.539230484541326,True,True,False,,0.38803898901096545,path_infeasible_under_safety_checks,0
P2_S2_P_seed1004,S2,P,"plant@(-6.000,4.500)",1,r1.20_a240,240,1.2,-6.6000000000000005,3.460769515458674,True,True,False,,0.17914059502072632,path_infeasible_under_safety_checks,0
P2_S2_P_seed1004,S2,P,"plant@(-6.000,4.500)",1,r0.80_a210,210,0.8,-6.692820323027551,4.1,True,True,True,11.469268701222969,0.2955649610084947,,0
P2_S2_P_seed1004,S2,P,"plant@(-6.000,4.500)",1,r1.00_a210,210,1.0,-6.866025403784438,4.0,True,True,False,,0.17038663898711093,path_infeasible_under_safety_checks,0
P2_S2_P_seed1004,S2,P,"plant@(-6.000,4.500)",1,r1.00_a120,120,1.0,-6.5,5.366025403784438,True,True,False,,0.25473892598529346,path_infeasible_under_safety_checks,0
P2_S2_P_seed1004,S2,P,"plant@(-6.000,4.500)",1,r0.80_a180,180,0.8,-6.8,4.5,True,True,True,11.045268313355834,0.27364465399296023,,0
P2_S2_P_seed1004,S2,P,"plant@(-6.000,4.500)",1,r0.80_a150,150,0.8,-6.692820323027551,4.9,True,True,True,10.891309171877168,0.2693407620245125,,0
P2_S2_P_seed1004,S2,P,"plant@(-6.000,4.500)",1,r1.20_a210,210,1.2,-7.039230484541326,3.9,True,True,False,,0.17430178899667226,path_infeasible_under_safety_checks,0
P2_S2_P_seed1004,S2,P,"plant@(-6.000,4.500)",1,r1.20_a120,120,1.2,-6.6,5.539230484541326,True,True,True,9.958275131913988,0.24429592900560237,,0
P2_S2_P_seed1004,S2,P,"plant@(-6.000,4.500)",1,r1.00_a180,180,1.0,-7.0,4.5,True,True,True,11.095473163869553,0.2753583249868825,,0
P2_S2_P_seed1004,S2,P,"plant@(-6.000,4.500)",1,r1.00_a150,150,1.0,-6.866025403784438,5.0,True,True,True,10.541131584929841,0.2622556069982238,,0
P2_S2_P_seed1004,S2,P,"plant@(-6.000,4.500)",1,r1.20_a180,180,1.2,-7.2,4.5,True,True,True,11.158284081011002,0.2762264259799849,,0
P2_S2_P_seed1004,S2,P,"plant@(-6.000,4.500)",1,r1.20_a150,150,1.2,-7.039230484541326,5.1,True,True,True,10.53322450001952,0.2545134109968785,,0
P2_S2_P_seed1004,S2,P,"plant@(-6.000,4.500)",1,r1.00_a300,300,1.0,-5.5,3.6339745962155616,False,True,False,,0.286709477979457,path_infeasible_under_safety_checks,0
P2_S2_P_seed1004,S2,P,"plant@(-6.000,4.500)",1,r0.80_a300,300,0.8,-5.6,3.8071796769724493,False,True,False,,0.2946928140008822,path_infeasible_under_safety_checks,0
P2_S2_P_seed1004,S2,P,"plant@(-6.000,4.500)",1,r1.20_a270,270,1.2,-6.0,3.3,False,True,False,,0.27702285401755944,path_infeasible_under_safety_checks,0
P2_S2_P_seed1004,S2,P,"plant@(-6.000,4.500)",1,r1.00_a270,270,1.0,-6.0,3.5,False,True,False,,0.3486418389948085,path_infeasible_under_safety_checks,0
P2_S2_P_seed1004,S2,P,"plant@(-6.000,4.500)",1,r0.80_a270,270,0.8,-6.0,3.7,False,True,False,,0.3268426939903293,path_infeasible_under_safety_checks,0
P2_S2_P_seed1004,S2,P,"plant@(-6.000,4.500)",1,r1.00_a060,60,1.0,-5.5,5.366025403784438,False,True,False,,0.286707713996293,path_infeasible_under_safety_checks,0
P2_S2_P_seed1004,S2,P,"plant@(-6.000,4.500)",1,r0.80_a060,60,0.8,-5.6,5.192820323027551,False,True,False,,0.28623055599746294,path_infeasible_under_safety_checks,0
P2_S2_P_seed1004,S2,P,"plant@(-6.000,4.500)",1,r0.80_a240,240,0.8,-6.4,3.8071796769724493,False,True,False,,0.2059262259863317,path_infeasible_under_safety_checks,0
P2_S2_P_seed1004,S2,P,"plant@(-6.000,4.500)",1,r1.00_a240,240,1.0,-6.5,3.6339745962155616,False,True,False,,0.19174285599729046,path_infeasible_under_safety_checks,0
P2_S2_P_seed1004,S2,P,"plant@(12.000,2.000)",1,r1.20_a240,240,1.2,11.399999999999999,0.960769515458674,True,True,True,21.573673375448898,0.2825765739835333,,0
P2_S2_P_seed1004,S2,P,"plant@(12.000,2.000)",1,r1.20_a090,90,1.2,12.0,3.2,True,True,True,21.139744397078086,0.25240304198814556,,1
P2_S2_P_seed1004,S2,P,"plant@(12.000,2.000)",1,r0.80_a060,60,0.8,12.4,2.6928203230275507,True,True,True,21.659476474518783,0.2766927029879298,,0
P2_S2_P_seed1004,S2,P,"plant@(12.000,2.000)",1,r1.00_a060,60,1.0,12.5,2.8660254037844384,True,True,True,21.51719522553854,0.28169247397454455,,0
P2_S2_P_seed1004,S2,P,"plant@(12.000,2.000)",1,r1.20_a060,60,1.2,12.6,3.039230484541326,True,True,True,21.4234662551374,0.2819946189993061,,0
P2_S2_P_seed1004,S2,P,"plant@(12.000,2.000)",1,r0.80_a030,30,0.8,12.69282032302755,2.4,True,True,True,22.036992070902034,0.283323390991427,,0
P2_S2_P_seed1004,S2,P,"plant@(12.000,2.000)",1,r0.80_a330,330,0.8,12.69282032302755,1.5999999999999996,True,True,True,22.9227243625352,0.28785329399397597,,0
P2_S2_P_seed1004,S2,P,"plant@(12.000,2.000)",1,r1.00_a030,30,1.0,12.86602540378444,2.5,True,True,True,21.97627878641527,0.27086585797951557,,0
P2_S2_P_seed1004,S2,P,"plant@(12.000,2.000)",1,r0.80_a000,0,0.8,12.8,2.0,True,True,True,22.501933650574763,0.2776889230008237,,0
P2_S2_P_seed1004,S2,P,"plant@(12.000,2.000)",1,r1.00_a330,330,1.0,12.866025403784437,1.4999999999999996,True,True,True,23.043424084726134,0.2950175549776759,,0
P2_S2_P_seed1004,S2,P,"plant@(12.000,2.000)",1,r1.20_a030,30,1.2,13.039230484541326,2.5999999999999996,True,True,True,21.982062881050325,0.2874509340035729,,0
P2_S2_P_seed1004,S2,P,"plant@(12.000,2.000)",1,r1.00_a000,0,1.0,13.0,2.0,True,True,True,22.524807723902704,0.29909633702482097,,0
P2_S2_P_seed1004,S2,P,"plant@(12.000,2.000)",1,r1.20_a330,330,1.2,13.039230484541326,1.3999999999999995,True,True,True,23.097655193296184,0.2839311420102604,,0
P2_S2_P_seed1004,S2,P,"plant@(12.000,2.000)",1,r1.20_a000,0,1.2,13.2,2.0,True,True,True,22.580929531995736,0.27760870702331886,,0
P2_S2_P_seed1004,S2,P,"plant@(12.000,2.000)",1,r1.20_a180,180,1.2,10.8,2.0,False,True,False,,0.28096911299508065,path_infeasible_under_safety_checks,0
P2_S2_P_seed1004,S2,P,"plant@(12.000,2.000)",1,r1.20_a150,150,1.2,10.960769515458674,2.5999999999999996,False,True,False,,0.25356967898551375,path_infeasible_under_safety_checks,0
P2_S2_P_seed1004,S2,P,"plant@(12.000,2.000)",1,r1.00_a180,180,1.0,11.0,2.0,False,True,False,,0.29659405001439154,path_infeasible_under_safety_checks,0
P2_S2_P_seed1004,S2,P,"plant@(12.000,2.000)",1,r1.00_a150,150,1.0,11.13397459621556,2.5,False,True,False,,0.29186519398353994,path_infeasible_under_safety_checks,0
P2_S2_P_seed1004,S2,P,"plant@(12.000,2.000)",1,r1.20_a210,210,1.2,10.960769515458674,1.4,False,True,False,,0.28301627800101414,path_infeasible_under_safety_checks,0
P2_S2_P_seed1004,S2,P,"plant@(12.000,2.000)",1,r0.80_a180,180,0.8,11.2,2.0,False,True,False,,0.2737584509886801,path_infeasible_under_safety_checks,0
P2_S2_P_seed1004,S2,P,"plant@(12.000,2.000)",1,r1.00_a210,210,1.0,11.13397459621556,1.5,False,True,False,,0.2873745590040926,path_infeasible_under_safety_checks,0
P2_S2_P_seed1004,S2,P,"plant@(12.000,2.000)",1,r0.80_a150,150,0.8,11.30717967697245,2.4,False,True,False,,0.2974133449897636,path_infeasible_under_safety_checks,0
P2_S2_P_seed1004,S2,P,"plant@(12.000,2.000)",1,r1.20_a120,120,1.2,11.4,3.0392304845413265,False,True,False,,0.286153448978439,path_infeasible_under_safety_checks,0
P2_S2_P_seed1004,S2,P,"plant@(12.000,2.000)",1,r0.80_a210,210,0.8,11.30717967697245,1.5999999999999999,False,True,False,,0.2992759340268094,path_infeasible_under_safety_checks,0
P2_S2_P_seed1004,S2,P,"plant@(12.000,2.000)",1,r1.00_a120,120,1.0,11.5,2.866025403784439,False,True,False,,0.3124260480108205,path_infeasible_under_safety_checks,0
P2_S2_P_seed1004,S2,P,"plant@(12.000,2.000)",1,r0.80_a120,120,0.8,11.6,2.692820323027551,False,True,False,,0.32153842199477367,path_infeasible_under_safety_checks,0
P2_S2_P_seed1004,S2,P,"plant@(12.000,2.000)",1,r1.00_a240,240,1.0,11.5,1.1339745962155616,False,True,False,,0.2742097770096734,path_infeasible_under_safety_checks,0
P2_S2_P_seed1004,S2,P,"plant@(12.000,2.000)",1,r0.80_a240,240,0.8,11.6,1.3071796769724493,False,True,False,,0.2889994000142906,path_infeasible_under_safety_checks,0
P2_S2_P_seed1004,S2,P,"plant@(12.000,2.000)",1,r1.00_a090,90,1.0,12.0,3.0,False,True,False,,0.2750778449990321,path_infeasible_under_safety_checks,0
P2_S2_P_seed1004,S2,P,"plant@(12.000,2.000)",1,r0.80_a090,90,0.8,12.0,2.8,False,True,False,,0.27021194400731474,path_infeasible_under_safety_checks,0
P2_S2_P_seed1004,S2,P,"plant@(12.000,2.000)",1,r0.80_a270,270,0.8,12.0,1.2,False,True,False,,0.28585515200393274,path_infeasible_under_safety_checks,0
P2_S2_P_seed1004,S2,P,"plant@(12.000,2.000)",1,r1.00_a270,270,1.0,12.0,1.0,False,True,False,,0.2982999090163503,path_infeasible_under_safety_checks,0
P2_S2_P_seed1005,S2,P,"plant@(2.000,3.000)",1,r1.20_a240,240,1.2,1.3999999999999995,1.960769515458674,True,True,True,2.4021980321074725,0.1656695099954959,,1
P2_S2_P_seed1005,S2,P,"plant@(2.000,3.000)",1,r1.20_a210,210,1.2,0.9607695154586737,2.4,True,True,True,2.5982584977119902,0.18637381799635477,,0
P2_S2_P_seed1005,S2,P,"plant@(2.000,3.000)",1,r1.00_a240,240,1.0,1.4999999999999996,2.1339745962155616,True,True,True,2.602031634036085,0.1690313889994286,,0
P2_S2_P_seed1005,S2,P,"plant@(2.000,3.000)",1,r1.20_a270,270,1.2,1.9999999999999998,1.8,True,True,True,2.6786582306225384,0.1771481739997398,,0
P2_S2_P_seed1005,S2,P,"plant@(2.000,3.000)",1,r1.00_a210,210,1.0,1.1339745962155614,2.5,True,True,True,2.74531223429477,0.1881265839911066,,0
P2_S2_P_seed1005,S2,P,"plant@(2.000,3.000)",1,r0.80_a240,240,0.8,1.5999999999999996,2.3071796769724493,True,True,True,2.803764317979718,0.19004668900743127,,0
P2_S2_P_seed1005,S2,P,"plant@(2.000,3.000)",1,r1.00_a270,270,1.0,1.9999999999999998,2.0,True,True,True,2.816025931651265,0.19062626297818497,,0
P2_S2_P_seed1005,S2,P,"plant@(2.000,3.000)",1,r0.80_a210,210,0.8,1.307179676972449,2.5999999999999996,True,True,True,2.9198346466490075,0.19547911500558257,,0
P2_S2_P_seed1005,S2,P,"plant@(2.000,3.000)",1,r0.80_a270,270,0.8,1.9999999999999998,2.2,True,True,True,2.96247563771313,0.19939895000425167,,0
P2_S2_P_seed1005,S2,P,"plant@(2.000,3.000)",1,r1.20_a180,180,1.2,0.8,3.0,True,True,True,3.1847430226150277,0.20460331099457107,,0
P2_S2_P_seed1005,S2,P,"plant@(2.000,3.000)",1,r1.00_a180,180,1.0,1.0,3.0,True,True,True,3.169875174869212,0.2067494649963919,,0
P2_S2_P_seed1005,S2,P,"plant@(2.000,3.000)",1,r0.80_a180,180,0.8,1.2,3.0,True,True,True,3.2416304739555724,0.20720163101213984,,0
P2_S2_P_seed1005,S2,P,"plant@(2.000,3.000)",1,r1.20_a300,300,1.2,2.6,1.9607695154586737,True,True,True,3.2493641108315225,0.21111639001173899,,0
P2_S2_P_seed1005,S2,P,"plant@(2.000,3.000)",1,r1.00_a300,300,1.0,2.5,2.1339745962155616,True,True,True,3.2803082874835803,0.2134532409836538,,0
P2_S2_P_seed1005,S2,P,"plant@(2.000,3.000)",1,r0.80_a300,300,0.8,2.4000000000000004,2.3071796769724493,True,True,True,3.3238474265494395,0.22141864101286046,,0
P2_S2_P_seed1005,S2,P,"plant@(2.000,3.000)",1,r0.80_a150,150,0.8,1.3071796769724489,3.4,True,True,True,3.697423411089156,0.2441238930041436,,0
P2_S2_P_seed1005,S2,P,"plant@(2.000,3.000)",1,r1.00_a150,150,1.0,1.1339745962155612,3.5,True,True,True,3.688042177210573,0.29449669300811365,,0
P2_S2_P_seed1005,S2,P,"plant@(2.000,3.000)",1,r1.20_a150,150,1.2,0.9607695154586735,3.5999999999999996,True,True,True,3.7664397493190878,0.2748412500077393,,0
P2_S2_P_seed1005,S2,P,"plant@(2.000,3.000)",1,r0.80_a330,330,0.8,2.6928203230275507,2.5999999999999996,True,True,True,3.7670170039224296,0.2539723679947201,,0
P2_S2_P_seed1005,S2,P,"plant@(2.000,3.000)",1,r1.00_a330,330,1.0,2.8660254037844384,2.4999999999999996,True,True,True,3.8177101866375125,0.26463912398321554,,0
P2_S2_P_seed1005,S2,P,"plant@(2.000,3.000)",1,r1.20_a330,330,1.2,3.039230484541326,2.3999999999999995,True,True,True,3.862814351084195,0.26547397099784575,,0
P2_S2_P_seed1005,S2,P,"plant@(2.000,3.000)",1,r0.80_a000,0,0.8,2.8,3.0,True,True,True,4.198710423429075,0.2749485509993974,,0
P2_S2_P_seed1005,S2,P,"plant@(2.000,3.000)",1,r1.00_a120,120,1.0,1.5000000000000002,3.866025403784439,True,True,True,4.349087003878647,0.2961077639774885,,0
P2_S2_P_seed1005,S2,P,"plant@(2.000,3.000)",1,r1.00_a000,0,1.0,3.0,3.0,True,True,True,4.262439227569819,0.2881571259931661,,0
P2_S2_P_seed1005,S2,P,"plant@(2.000,3.000)",1,r1.20_a120,120,1.2,1.4000000000000004,4.039230484541326,True,True,True,4.307100999716338,0.28877549900789745,,0
P2_S2_P_seed1005,S2,P,"plant@(2.000,3.000)",1,r0.80_a030,30,0.8,2.692820323027551,3.4,True,True,True,4.6843439254528665,0.3085763839771971,,0
P2_S2_P_seed1005,S2,P,"plant@(2.000,3.000)",1,r1.20_a000,0,1.2,3.2,3.0,True,True,True,4.391661197065614,0.2907471540092956,,0
P2_S2_P_seed1005,S2,P,"plant@(2.000,3.000)",1,r1.00_a090,90,1.0,2.0,4.0,True,True,True,4.93275588851247,0.3378427309799008,,0
P2_S2_P_seed1005,S2,P,"plant@(2.000,3.000)",1,r1.00_a030,30,1.0,2.866025403784439,3.5,True,True,True,4.733839035284139,0.31038973000249825,,0
P2_S2_P_seed1005,S2,P,"plant@(2.000,3.000)",1,r1.00_a060,60,1.0,2.5,3.8660254037844384,True,True,True,5.290531886297779,0.36193547400762327,,0
P2_S2_P_seed1005,S2,P,"plant@(2.000,3.000)",1,r1.20_a090,90,1.2,2.0,4.2,True,True,True,4.937109901060667,0.3535971129895188,,0
P2_S2_P_seed1005,S2,P,"plant@(2.000,3.000)",1,r1.20_a030,30,1.2,3.0392304845413265,3.5999999999999996,True,True,True,4.865006267629385,0.32071168298716657,,0
P2_S2_P_seed1005,S2,P,"plant@(-6.000,4.500)",1,r1.20_a330,330,1.2,-4.960769515458674,3.8999999999999995,True,True,True,7.791318019268132,0.27085064197308384,,0
P2_S2_P_seed1005,S2,P,"plant@(-6.000,4.500)",1,r1.20_a000,0,1.2,-4.8,4.5,True,True,True,7.592004018360777,0.260259861999657,,1
P2_S2_P_seed1005,S2,P,"plant@(-6.000,4.500)",1,r1.00_a330,330,1.0,-5.133974596215562,3.9999999999999996,True,True,True,7.922451298013273,0.27660615599597804,,0
P2_S2_P_seed1005,S2,P,"plant@(-6.000,4.500)",1,r1.00_a000,0,1.0,-5.0,4.5,True,True,True,7.705130894592871,0.28411318102735095,,0
P2_S2_P_seed1005,S2,P,"plant@(-6.000,4.500)",1,r1.20_a300,300,1.2,-5.4,3.460769515458674,True,True,False,,0.2629941290069837,path_infeasible_under_safety_checks,0
P2_S2_P_seed1005,S2,P,"plant@(-6.000,4.500)",1,r0.80_a330,330,0.8,-5.307179676972449,4.1,True,True,True,8.031974997784543,0.2856026639929041,,0
P2_S2_P_seed1005,S2,P,"plant@(-6.000,4.500)",1,r0.80_a000,0,0.8,-5.2,4.5,True,True,True,7.899903364513001,0.2783015620079823,,0
P2_S2_P_seed1005,S2,P,"plant@(-6.000,4.500)",1,r1.20_a030,30,1.2,-4.960769515458674,5.1,True,True,True,7.720120417866004,0.28205104198423214,,0
P2_S2_P_seed1005,S2,P,"plant@(-6.000,4.500)",1,r1.00_a030,30,1.0,-5.133974596215562,5.0,True,True,True,8.138973600238801,0.2589114280126523,,0
P2_S2_P_seed1005,S2,P,"plant@(-6.000,4.500)",1,r0.80_a030,30,0.8,-5.307179676972449,4.9,True,True,True,8.030881616638638,0.2877033460245002,,0
P2_S2_P_seed1005,S2,P,"plant@(-6.000,4.500)",1,r1.20_a060,60,1.2,-5.4,5.539230484541326,True,True,False,,0.38581566500943154,path_infeasible_under_safety_checks,0
P2_S2_P_seed1005,S2,P,"plant@(-6.000,4.500)",1,r1.20_a240,240,1.2,-6.6000000000000005,3.460769515458674,True,True,False,,0.19527278302120976,path_infeasible_under_safety_checks,0
P2_S2_P_seed1005,S2,P,"plant@(-6.000,4.500)",1,r0.80_a210,210,0.8,-6.692820323027551,4.1,True,True,True,11.469268701222969,0.28367909000371583,,0
P2_S2_P_seed1005,S2,P,"plant@(-6.000,4.500)",1,r1.00_a210,210,1.0,-6.866025403784438,4.0,True,True,False,,0.1816676760208793,path_infeasible_under_safety_checks,0
P2_S2_P_seed1005,S2,P,"plant@(-6.000,4.500)",1,r1.00_a120,120,1.0,-6.5,5.366025403784438,True,True,False,,0.2598202289955225,path_infeasible_under_safety_checks,0
P2_S2_P_seed1005,S2,P,"plant@(-6.000,4.500)",1,r0.80_a180,180,0.8,-6.8,4.5,True,True,True,11.045268313355834,0.2719702000031248,,0
P2_S2_P_seed1005,S2,P,"plant@(-6.000,4.500)",1,r0.80_a150,150,0.8,-6.692820323027551,4.9,True,True,True,10.891309171877168,0.2706692549982108,,0
P2_S2_P_seed1005,S2,P,"plant@(-6.000,4.500)",1,r1.20_a210,210,1.2,-7.039230484541326,3.9,True,True,False,,0.18365056300535798,path_infeasible_under_safety_checks,0
P2_S2_P_seed1005,S2,P,"plant@(-6.000,4.500)",1,r1.20_a120,120,1.2,-6.6,5.539230484541326,True,True,True,9.958275131913988,0.2587864039815031,,0
P2_S2_P_seed1005,S2,P,"plant@(-6.000,4.500)",1,r1.00_a180,180,1.0,-7.0,4.5,True,True,True,11.095473163869553,0.2792900229978841,,0
P2_S2_P_seed1005,S2,P,"plant@(-6.000,4.500)",1,r1.00_a150,150,1.0,-6.866025403784438,5.0,True,True,True,10.541131584929841,0.254648388014175,,0
P2_S2_P_seed1005,S2,P,"plant@(-6.000,4.500)",1,r1.20_a180,180,1.2,-7.2,4.5,True,True,True,11.158284081011002,0.2832308439828921,,0
P2_S2_P_seed1005,S2,P,"plant@(-6.000,4.500)",1,r1.20_a150,150,1.2,-7.039230484541326,5.1,True,True,True,10.53322450001952,0.26372158000594936,,0
P2_S2_P_seed1005,S2,P,"plant@(-6.000,4.500)",1,r1.00_a300,300,1.0,-5.5,3.6339745962155616,False,True,False,,0.2892095110146329,path_infeasible_under_safety_checks,0
P2_S2_P_seed1005,S2,P,"plant@(-6.000,4.500)",1,r0.80_a300,300,0.8,-5.6,3.8071796769724493,False,True,False,,0.28688993101241067,path_infeasible_under_safety_checks,0
P2_S2_P_seed1005,S2,P,"plant@(-6.000,4.500)",1,r1.20_a270,270,1.2,-6.0,3.3,False,True,False,,0.2964087200234644,path_infeasible_under_safety_checks,0
P2_S2_P_seed1005,S2,P,"plant@(-6.000,4.500)",1,r1.00_a270,270,1.0,-6.0,3.5,False,True,False,,0.3119070889952127,path_infeasible_under_safety_checks,0
P2_S2_P_seed1005,S2,P,"plant@(-6.000,4.500)",1,r0.80_a270,270,0.8,-6.0,3.7,False,True,False,,0.33049083198420703,path_infeasible_under_safety_checks,0
P2_S2_P_seed1005,S2,P,"plant@(-6.000,4.500)",1,r1.00_a060,60,1.0,-5.5,5.366025403784438,False,True,False,,0.28835941999568604,path_infeasible_under_safety_checks,0
P2_S2_P_seed1005,S2,P,"plant@(-6.000,4.500)",1,r0.80_a060,60,0.8,-5.6,5.192820323027551,False,True,False,,0.29506542402668856,path_infeasible_under_safety_checks,0
P2_S2_P_seed1005,S2,P,"plant@(-6.000,4.500)",1,r0.80_a240,240,0.8,-6.4,3.8071796769724493,False,True,False,,0.21139727300032973,path_infeasible_under_safety_checks,0
P2_S2_P_seed1005,S2,P,"plant@(-6.000,4.500)",1,r1.00_a240,240,1.0,-6.5,3.6339745962155616,False,True,False,,0.2073344590025954,path_infeasible_under_safety_checks,0
P2_S2_P_seed1005,S2,P,"plant@(12.000,2.000)",1,r1.20_a240,240,1.2,11.399999999999999,0.960769515458674,True,True,True,21.39344052248827,0.26462564000394195,,0
P2_S2_P_seed1005,S2,P,"plant@(12.000,2.000)",1,r1.20_a090,90,1.2,12.0,3.2,True,True,True,21.176096838124987,0.26594769197981805,,1
P2_S2_P_seed1005,S2,P,"plant@(12.000,2.000)",1,r0.80_a060,60,0.8,12.4,2.6928203230275507,True,True,True,21.651930906635023,0.2701433770125732,,0
P2_S2_P_seed1005,S2,P,"plant@(12.000,2.000)",1,r1.00_a060,60,1.0,12.5,2.8660254037844384,True,True,True,21.529188700252114,0.26792273999308236,,0
P2_S2_P_seed1005,S2,P,"plant@(12.000,2.000)",1,r1.20_a060,60,1.2,12.6,3.039230484541326,True,True,True,21.374406991039727,0.2686493039946072,,0
P2_S2_P_seed1005,S2,P,"plant@(12.000,2.000)",1,r0.80_a030,30,0.8,12.69282032302755,2.4,True,True,True,22.066951004142055,0.282544454006711,,0
P2_S2_P_seed1005,S2,P,"plant@(12.000,2.000)",1,r0.80_a330,330,0.8,12.69282032302755,1.5999999999999996,True,True,True,22.896015266855862,0.30523606299539097,,0
P2_S2_P_seed1005,S2,P,"plant@(12.000,2.000)",1,r1.00_a030,30,1.0,12.86602540378444,2.5,True,True,True,21.956892363668814,0.2815331709862221,,0
P2_S2_P_seed1005,S2,P,"plant@(12.000,2.000)",1,r0.80_a000,0,0.8,12.8,2.0,True,True,True,22.475107819265766,0.2908104959933553,,0
P2_S2_P_seed1005,S2,P,"plant@(12.000,2.000)",1,r1.00_a330,330,1.0,12.866025403784437,1.4999999999999996,True,True,True,22.975259679426596,0.2967316430003848,,0
P2_S2_P_seed1005,S2,P,"plant@(12.000,2.000)",1,r1.20_a030,30,1.2,13.039230484541326,2.5999999999999996,True,True,True,21.96160434008245,0.2750518110115081,,0
P2_S2_P_seed1005,S2,P,"plant@(12.000,2.000)",1,r1.00_a000,0,1.0,13.0,2.0,True,True,True,22.4849649759627,0.28625018600723706,,0
P2_S2_P_seed1005,S2,P,"plant@(12.000,2.000)",1,r1.20_a330,330,1.2,13.039230484541326,1.3999999999999995,True,True,True,23.115690358501162,0.27693977000308223,,0
P2_S2_P_seed1005,S2,P,"plant@(12.000,2.000)",1,r1.20_a000,0,1.2,13.2,2.0,True,True,True,22.583623587876286,0.2793395530025009,,0
P2_S2_P_seed1005,S2,P,"plant@(12.000,2.000)",1,r1.20_a180,180,1.2,10.8,2.0,False,True,False,,0.28851264700642787,path_infeasible_under_safety_checks,0
P2_S2_P_seed1005,S2,P,"plant@(12.000,2.000)",1,r1.20_a150,150,1.2,10.960769515458674,2.5999999999999996,False,True,False,,0.27039020601660013,path_infeasible_under_safety_checks,0
P2_S2_P_seed1005,S2,P,"plant@(12.000,2.000)",1,r1.00_a180,180,1.0,11.0,2.0,False,True,False,,0.2948887140082661,path_infeasible_under_safety_checks,0
P2_S2_P_seed1005,S2,P,"plant@(12.000,2.000)",1,r1.00_a150,150,1.0,11.13397459621556,2.5,False,True,False,,0.2817618440021761,path_infeasible_under_safety_checks,0
P2_S2_P_seed1005,S2,P,"plant@(12.000,2.000)",1,r1.20_a210,210,1.2,10.960769515458674,1.4,False,True,False,,0.2727708090096712,path_infeasible_under_safety_checks,0
P2_S2_P_seed1005,S2,P,"plant@(12.000,2.000)",1,r0.80_a180,180,0.8,11.2,2.0,False,True,False,,0.3071449480194133,path_infeasible_under_safety_checks,0
P2_S2_P_seed1005,S2,P,"plant@(12.000,2.000)",1,r1.00_a210,210,1.0,11.13397459621556,1.5,False,True,False,,0.3236415369901806,path_infeasible_under_safety_checks,0
P2_S2_P_seed1005,S2,P,"plant@(12.000,2.000)",1,r0.80_a150,150,0.8,11.30717967697245,2.4,False,True,False,,0.2725365659862291,path_infeasible_under_safety_checks,0
P2_S2_P_seed1005,S2,P,"plant@(12.000,2.000)",1,r1.20_a120,120,1.2,11.4,3.0392304845413265,False,True,False,,0.2785700230160728,path_infeasible_under_safety_checks,0
P2_S2_P_seed1005,S2,P,"plant@(12.000,2.000)",1,r0.80_a210,210,0.8,11.30717967697245,1.5999999999999999,False,True,False,,0.28426903998479247,path_infeasible_under_safety_checks,0
P2_S2_P_seed1005,S2,P,"plant@(12.000,2.000)",1,r1.00_a120,120,1.0,11.5,2.866025403784439,False,True,False,,0.2841715340036899,path_infeasible_under_safety_checks,0
P2_S2_P_seed1005,S2,P,"plant@(12.000,2.000)",1,r0.80_a120,120,0.8,11.6,2.692820323027551,False,True,False,,0.2828032640099991,path_infeasible_under_safety_checks,0
P2_S2_P_seed1005,S2,P,"plant@(12.000,2.000)",1,r1.00_a240,240,1.0,11.5,1.1339745962155616,False,True,False,,0.26608157000737265,path_infeasible_under_safety_checks,0
P2_S2_P_seed1005,S2,P,"plant@(12.000,2.000)",1,r0.80_a240,240,0.8,11.6,1.3071796769724493,False,True,False,,0.2942805429920554,path_infeasible_under_safety_checks,0
P2_S2_P_seed1005,S2,P,"plant@(12.000,2.000)",1,r1.00_a090,90,1.0,12.0,3.0,False,True,False,,0.2570036609831732,path_infeasible_under_safety_checks,0
P2_S2_P_seed1005,S2,P,"plant@(12.000,2.000)",1,r0.80_a090,90,0.8,12.0,2.8,False,True,False,,0.26315745801548474,path_infeasible_under_safety_checks,0
P2_S2_P_seed1005,S2,P,"plant@(12.000,2.000)",1,r0.80_a270,270,0.8,12.0,1.2,False,True,False,,0.30341414199210703,path_infeasible_under_safety_checks,0
P2_S2_P_seed1005,S2,P,"plant@(12.000,2.000)",1,r1.00_a270,270,1.0,12.0,1.0,False,True,False,,0.2961486599815544,path_infeasible_under_safety_checks,0
P2_S2_P_seed1006,S2,P,"plant@(2.000,3.000)",1,r1.20_a240,240,1.2,1.3999999999999995,1.960769515458674,True,True,True,2.4021980321074725,0.15764597000088543,,1
P2_S2_P_seed1006,S2,P,"plant@(2.000,3.000)",1,r1.20_a210,210,1.2,0.9607695154586737,2.4,True,True,True,2.5982584977119902,0.1866323470021598,,0
P2_S2_P_seed1006,S2,P,"plant@(2.000,3.000)",1,r1.00_a240,240,1.0,1.4999999999999996,2.1339745962155616,True,True,True,2.602031634036085,0.16679371299687773,,0
P2_S2_P_seed1006,S2,P,"plant@(2.000,3.000)",1,r1.20_a270,270,1.2,1.9999999999999998,1.8,True,True,True,2.6786582306225384,0.176751946011791,,0
P2_S2_P_seed1006,S2,P,"plant@(2.000,3.000)",1,r1.00_a210,210,1.0,1.1339745962155614,2.5,True,True,True,2.74531223429477,0.18842752097407356,,0
P2_S2_P_seed1006,S2,P,"plant@(2.000,3.000)",1,r0.80_a240,240,0.8,1.5999999999999996,2.3071796769724493,True,True,True,2.803764317979718,0.18455910400371067,,0
P2_S2_P_seed1006,S2,P,"plant@(2.000,3.000)",1,r1.00_a270,270,1.0,1.9999999999999998,2.0,True,True,True,2.816025931651265,0.18542933400021866,,0
P2_S2_P_seed1006,S2,P,"plant@(2.000,3.000)",1,r0.80_a210,210,0.8,1.307179676972449,2.5999999999999996,True,True,True,2.9198346466490075,0.19617466497584246,,0
P2_S2_P_seed1006,S2,P,"plant@(2.000,3.000)",1,r0.80_a270,270,0.8,1.9999999999999998,2.2,True,True,True,2.96247563771313,0.20220125900232233,,0
P2_S2_P_seed1006,S2,P,"plant@(2.000,3.000)",1,r1.20_a180,180,1.2,0.8,3.0,True,True,True,3.1847430226150277,0.20731925099971704,,0
P2_S2_P_seed1006,S2,P,"plant@(2.000,3.000)",1,r1.00_a180,180,1.0,1.0,3.0,True,True,True,3.169875174869212,0.21933556799194776,,0
P2_S2_P_seed1006,S2,P,"plant@(2.000,3.000)",1,r0.80_a180,180,0.8,1.2,3.0,True,True,True,3.2416304739555724,0.2164028050028719,,0
P2_S2_P_seed1006,S2,P,"plant@(2.000,3.000)",1,r1.20_a300,300,1.2,2.6,1.9607695154586737,True,True,True,3.2493641108315225,0.2223383160016965,,0
P2_S2_P_seed1006,S2,P,"plant@(2.000,3.000)",1,r1.00_a300,300,1.0,2.5,2.1339745962155616,True,True,True,3.2803082874835803,0.21976888901554048,,0
P2_S2_P_seed1006,S2,P,"plant@(2.000,3.000)",1,r0.80_a300,300,0.8,2.4000000000000004,2.3071796769724493,True,True,True,3.3238474265494395,0.23514402998262085,,0
P2_S2_P_seed1006,S2,P,"plant@(2.000,3.000)",1,r0.80_a150,150,0.8,1.3071796769724489,3.4,True,True,True,3.697423411089156,0.25091907900059596,,0
P2_S2_P_seed1006,S2,P,"plant@(2.000,3.000)",1,r1.00_a150,150,1.0,1.1339745962155612,3.5,True,True,True,3.688042177210573,0.25252795999404043,,0
P2_S2_P_seed1006,S2,P,"plant@(2.000,3.000)",1,r1.20_a150,150,1.2,0.9607695154586735,3.5999999999999996,True,True,True,3.7664397493190878,0.2530342710088007,,0
P2_S2_P_seed1006,S2,P,"plant@(2.000,3.000)",1,r0.80_a330,330,0.8,2.6928203230275507,2.5999999999999996,True,True,True,3.7670170039224296,0.2530001139966771,,0
P2_S2_P_seed1006,S2,P,"plant@(2.000,3.000)",1,r1.00_a330,330,1.0,2.8660254037844384,2.4999999999999996,True,True,True,3.8177101866375125,0.2570644289953634,,0
P2_S2_P_seed1006,S2,P,"plant@(2.000,3.000)",1,r1.20_a330,330,1.2,3.039230484541326,2.3999999999999995,True,True,True,3.862814351084195,0.263135216984665,,0
P2_S2_P_seed1006,S2,P,"plant@(2.000,3.000)",1,r0.80_a000,0,0.8,2.8,3.0,True,True,True,4.198710423429075,0.272377493995009,,0
P2_S2_P_seed1006,S2,P,"plant@(2.000,3.000)",1,r1.00_a120,120,1.0,1.5000000000000002,3.866025403784439,True,True,True,4.349087003878647,0.29639284100267105,,0
P2_S2_P_seed1006,S2,P,"plant@(2.000,3.000)",1,r1.00_a000,0,1.0,3.0,3.0,True,True,True,4.262439227569819,0.29158021800685674,,0
P2_S2_P_seed1006,S2,P,"plant@(2.000,3.000)",1,r1.20_a120,120,1.2,1.4000000000000004,4.039230484541326,True,True,True,4.307100999716338,0.28265407198341563,,0
P2_S2_P_seed1006,S2,P,"plant@(2.000,3.000)",1,r0.80_a030,30,0.8,2.692820323027551,3.4,True,True,True,4.6843439254528665,0.3102423299860675,,0
P2_S2_P_seed1006,S2,P,"plant@(2.000,3.000)",1,r1.20_a000,0,1.2,3.2,3.0,True,True,True,4.391661197065614,0.29114375499193557,,0
P2_S2_P_seed1006,S2,P,"plant@(2.000,3.000)",1,r1.00_a090,90,1.0,2.0,4.0,True,True,True,4.93275588851247,0.4023824379837606,,0
P2_S2_P_seed1006,S2,P,"plant@(2.000,3.000)",1,r1.00_a030,30,1.0,2.866025403784439,3.5,True,True,True,4.733839035284139,0.3571731130068656,,0
P2_S2_P_seed1006,S2,P,"plant@(2.000,3.000)",1,r1.00_a060,60,1.0,2.5,3.8660254037844384,True,True,True,5.290531886297779,0.3669309050019365,,0
P2_S2_P_seed1006,S2,P,"plant@(2.000,3.000)",1,r1.20_a090,90,1.2,2.0,4.2,True,True,True,4.937109901060667,0.3312771880009677,,0
P2_S2_P_seed1006,S2,P,"plant@(2.000,3.000)",1,r1.20_a030,30,1.2,3.0392304845413265,3.5999999999999996,True,True,True,4.865006267629385,0.3273860320041422,,0
P2_S2_P_seed1006,S2,P,"plant@(-6.000,4.500)",1,r1.20_a330,330,1.2,-4.960769515458674,3.8999999999999995,True,True,True,7.7786912897878375,0.2735071089991834,,0
P2_S2_P_seed1006,S2,P,"plant@(-6.000,4.500)",1,r1.20_a000,0,1.2,-4.8,4.5,True,True,True,7.499035933053501,0.27220548200421035,,1
P2_S2_P_seed1006,S2,P,"plant@(-6.000,4.500)",1,r1.00_a330,330,1.0,-5.133974596215562,3.9999999999999996,True,True,True,7.967371928005717,0.26650305700604804,,0
P2_S2_P_seed1006,S2,P,"plant@(-6.000,4.500)",1,r1.00_a000,0,1.0,-5.0,4.5,True,True,True,7.741200009825955,0.2698169309878722,,0
P2_S2_P_seed1006,S2,P,"plant@(-6.000,4.500)",1,r1.20_a300,300,1.2,-5.4,3.460769515458674,True,True,False,,0.25946430998737924,path_infeasible_under_safety_checks,0
P2_S2_P_seed1006,S2,P,"plant@(-6.000,4.500)",1,r0.80_a330,330,0.8,-5.307179676972449,4.1,True,True,True,8.02283584172472,0.2872706539928913,,0
P2_S2_P_seed1006,S2,P,"plant@(-6.000,4.500)",1,r0.80_a000,0,0.8,-5.2,4.5,True,True,True,7.861927088163996,0.28068355601863004,,0
P2_S2_P_seed1006,S2,P,"plant@(-6.000,4.500)",1,r1.20_a030,30,1.2,-4.960769515458674,5.1,True,True,True,7.759571422100919,0.27642318297876045,,0
P2_S2_P_seed1006,S2,P,"plant@(-6.000,4.500)",1,r1.00_a030,30,1.0,-5.133974596215562,5.0,True,True,True,8.139981453404344,0.26634235901292413,,0
P2_S2_P_seed1006,S2,P,"plant@(-6.000,4.500)",1,r0.80_a030,30,0.8,-5.307179676972449,4.9,True,True,True,8.01229575904147,0.2999072060047183,,0
P2_S2_P_seed1006,S2,P,"plant@(-6.000,4.500)",1,r1.20_a060,60,1.2,-5.4,5.539230484541326,True,True,True,8.319400296132509,0.3082320129906293,,0
P2_S2_P_seed1006,S2,P,"plant@(-6.000,4.500)",1,r1.20_a240,240,1.2,-6.6000000000000005,3.460769515458674,True,True,False,,0.17759527399903163,path_infeasible_under_safety_checks,0
P2_S2_P_seed1006,S2,P,"plant@(-6.000,4.500)",1,r0.80_a210,210,0.8,-6.692820323027551,4.1,True,True,True,11.552453930606083,0.2973712609964423,,0
P2_S2_P_seed1006,S2,P,"plant@(-6.000,4.500)",1,r1.00_a210,210,1.0,-6.866025403784438,4.0,True,True,False,,0.18613515398465097,path_infeasible_under_safety_checks,0
P2_S2_P_seed1006,S2,P,"plant@(-6.000,4.500)",1,r0.80_a180,180,0.8,-6.8,4.5,True,True,True,11.102618502045415,0.28721229001530446,,0
P2_S2_P_seed1006,S2,P,"plant@(-6.000,4.500)",1,r1.00_a120,120,1.0,-6.5,5.366025403784438,True,True,False,,0.2544202239951119,path_infeasible_under_safety_checks,0
P2_S2_P_seed1006,S2,P,"plant@(-6.000,4.500)",1,r0.80_a150,150,0.8,-6.692820323027551,4.9,True,True,True,10.890294239830432,0.27990593999857083,,0
P2_S2_P_seed1006,S2,P,"plant@(-6.000,4.500)",1,r1.20_a210,210,1.2,-7.039230484541326,3.9,True,True,False,,0.18836954698781483,path_infeasible_under_safety_checks,0
P2_S2_P_seed1006,S2,P,"plant@(-6.000,4.500)",1,r1.20_a120,120,1.2,-6.6,5.539230484541326,True,True,True,10.062821719333614,0.2687193820020184,,0
P2_S2_P_seed1006,S2,P,"plant@(-6.000,4.500)",1,r1.00_a180,180,1.0,-7.0,4.5,True,True,True,11.126937983582863,0.26537780999206007,,0
P2_S2_P_seed1006,S2,P,"plant@(-6.000,4.500)",1,r1.00_a150,150,1.0,-6.866025403784438,5.0,True,True,True,10.7201005553924,0.26376474302378483,,0
P2_S2_P_seed1006,S2,P,"plant@(-6.000,4.500)",1,r1.20_a180,180,1.2,-7.2,4.5,True,True,True,11.157454019179196,0.28310012599104084,,0
P2_S2_P_seed1006,S2,P,"plant@(-6.000,4.500)",1,r1.20_a150,150,1.2,-7.039230484541326,5.1,True,True,True,10.547550618129515,0.2588740509818308,,0
P2_S2_P_seed1006,S2,P,"plant@(-6.000,4.500)",1,r1.00_a300,300,1.0,-5.5,3.6339745962155616,False,True,False,,0.2645594030036591,path_infeasible_under_safety_checks,0
P2_S2_P_seed1006,S2,P,"plant@(-6.000,4.500)",1,r0.80_a300,300,0.8,-5.6,3.8071796769724493,False,True,False,,0.38595364199136384,path_infeasible_under_safety_checks,0
P2_S2_P_seed1006,S2,P,"plant@(-6.000,4.500)",1,r1.20_a270,270,1.2,-6.0,3.3,False,True,False,,0.2505780460196547,path_infeasible_under_safety_checks,0
P2_S2_P_seed1006,S2,P,"plant@(-6.000,4.500)",1,r1.00_a270,270,1.0,-6.0,3.5,False,True,False,,0.2787302710057702,path_infeasible_under_safety_checks,0
P2_S2_P_seed1006,S2,P,"plant@(-6.000,4.500)",1,r0.80_a270,270,0.8,-6.0,3.7,False,True,False,,0.30655777599895373,path_infeasible_under_safety_checks,0
P2_S2_P_seed1006,S2,P,"plant@(-6.000,4.500)",1,r1.00_a060,60,1.0,-5.5,5.366025403784438,False,True,False,,0.28433870599837974,path_infeasible_under_safety_checks,0
P2_S2_P_seed1006,S2,P,"plant@(-6.000,4.500)",1,r0.80_a060,60,0.8,-5.6,5.192820323027551,False,True,False,,0.2800849959894549,path_infeasible_under_safety_checks,0
P2_S2_P_seed1006,S2,P,"plant@(-6.000,4.500)",1,r0.80_a240,240,0.8,-6.4,3.8071796769724493,False,True,False,,0.20032286900095642,path_infeasible_under_safety_checks,0
P2_S2_P_seed1006,S2,P,"plant@(-6.000,4.500)",1,r1.00_a240,240,1.0,-6.5,3.6339745962155616,False,True,False,,0.21050232200650498,path_infeasible_under_safety_checks,0
P2_S2_P_seed1006,S2,P,"plant@(12.000,2.000)",1,r1.20_a240,240,1.2,11.399999999999999,0.960769515458674,True,True,True,21.55284868593104,0.2784021380066406,,0
P2_S2_P_seed1006,S2,P,"plant@(12.000,2.000)",1,r1.20_a090,90,1.2,12.0,3.2,True,True,True,21.185038809675927,0.26110996698844247,,1
P2_S2_P_seed1006,S2,P,"plant@(12.000,2.000)",1,r0.80_a060,60,0.8,12.4,2.6928203230275507,True,True,True,21.644740507011758,0.26765313098439947,,0
P2_S2_P_seed1006,S2,P,"plant@(12.000,2.000)",1,r1.00_a060,60,1.0,12.5,2.8660254037844384,True,True,True,21.539585154847963,0.2715513769944664,,0
P2_S2_P_seed1006,S2,P,"plant@(12.000,2.000)",1,r1.20_a060,60,1.2,12.6,3.039230484541326,True,True,True,21.344075148725725,0.272103071998572,,0
P2_S2_P_seed1006,S2,P,"plant@(12.000,2.000)",1,r0.80_a030,30,0.8,12.69282032302755,2.4,True,True,True,22.315602419425353,0.2729369010194205,,0
P2_S2_P_seed1006,S2,P,"plant@(12.000,2.000)",1,r0.80_a330,330,0.8,12.69282032302755,1.5999999999999996,True,True,True,22.87893768237165,0.2993363319837954,,0
P2_S2_P_seed1006,S2,P,"plant@(12.000,2.000)",1,r1.00_a030,30,1.0,12.86602540378444,2.5,True,True,True,21.94941243331613,0.2862798029964324,,0
P2_S2_P_seed1006,S2,P,"plant@(12.000,2.000)",1,r0.80_a000,0,0.8,12.8,2.0,True,True,True,22.40912818910854,0.27233420399716124,,0
P2_S2_P_seed1006,S2,P,"plant@(12.000,2.000)",1,r1.00_a330,330,1.0,12.866025403784437,1.4999999999999996,True,True,True,22.918138862523456,0.27380196502781473,,0
P2_S2_P_seed1006,S2,P,"plant@(12.000,2.000)",1,r1.20_a030,30,1.2,13.039230484541326,2.5999999999999996,True,True,True,21.942828499844016,0.26010749698616564,,0
P2_S2_P_seed1006,S2,P,"plant@(12.000,2.000)",1,r1.00_a000,0,1.0,13.0,2.0,True,True,True,22.505589494760837,0.27179716699174605,,0
P2_S2_P_seed1006,S2,P,"plant@(12.000,2.000)",1,r1.20_a330,330,1.2,13.039230484541326,1.3999999999999995,True,True,True,23.04898970780503,0.2839071630151011,,0
P2_S2_P_seed1006,S2,P,"plant@(12.000,2.000)",1,r1.20_a000,0,1.2,13.2,2.0,True,True,True,22.5633559617044,0.2822444050107151,,0
P2_S2_P_seed1006,S2,P,"plant@(12.000,2.000)",1,r1.20_a180,180,1.2,10.8,2.0,False,True,False,,0.29200857601244934,path_infeasible_under_safety_checks,0
P2_S2_P_seed1006,S2,P,"plant@(12.000,2.000)",1,r1.20_a150,150,1.2,10.960769515458674,2.5999999999999996,False,True,False,,0.2709771099907812,path_infeasible_under_safety_checks,0
P2_S2_P_seed1006,S2,P,"plant@(12.000,2.000)",1,r1.00_a180,180,1.0,11.0,2.0,False,True,False,,0.2797431399812922,path_infeasible_under_safety_checks,0
P2_S2_P_seed1006,S2,P,"plant@(12.000,2.000)",1,r1.00_a150,150,1.0,11.13397459621556,2.5,False,True,False,,0.3002655199961737,path_infeasible_under_safety_checks,0
P2_S2_P_seed1006,S2,P,"plant@(12.000,2.000)",1,r1.20_a210,210,1.2,10.960769515458674,1.4,False,True,False,,0.2790657780133188,path_infeasible_under_safety_checks,0
P2_S2_P_seed1006,S2,P,"plant@(12.000,2.000)",1,r0.80_a180,180,0.8,11.2,2.0,False,True,False,,0.26390787499258295,path_infeasible_under_safety_checks,0
P2_S2_P_seed1006,S2,P,"plant@(12.000,2.000)",1,r1.00_a210,210,1.0,11.13397459621556,1.5,False,True,False,,0.2967607209866401,path_infeasible_under_safety_checks,0
P2_S2_P_seed1006,S2,P,"plant@(12.000,2.000)",1,r0.80_a150,150,0.8,11.30717967697245,2.4,False,True,False,,0.33317972999066114,path_infeasible_under_safety_checks,0
P2_S2_P_seed1006,S2,P,"plant@(12.000,2.000)",1,r1.20_a120,120,1.2,11.4,3.0392304845413265,False,True,False,,0.2805348680121824,path_infeasible_under_safety_checks,0
P2_S2_P_seed1006,S2,P,"plant@(12.000,2.000)",1,r1.00_a120,120,1.0,11.5,2.866025403784439,False,True,False,,0.29505461899680085,path_infeasible_under_safety_checks,0
P2_S2_P_seed1006,S2,P,"plant@(12.000,2.000)",1,r0.80_a210,210,0.8,11.30717967697245,1.5999999999999999,False,True,False,,0.3007804849767126,path_infeasible_under_safety_checks,0
P2_S2_P_seed1006,S2,P,"plant@(12.000,2.000)",1,r0.80_a120,120,0.8,11.6,2.692820323027551,False,True,False,,0.28892230699420907,path_infeasible_under_safety_checks,0
P2_S2_P_seed1006,S2,P,"plant@(12.000,2.000)",1,r1.00_a240,240,1.0,11.5,1.1339745962155616,False,True,False,,0.27224135599681176,path_infeasible_under_safety_checks,0
P2_S2_P_seed1006,S2,P,"plant@(12.000,2.000)",1,r0.80_a240,240,0.8,11.6,1.3071796769724493,False,True,False,,0.30397625398472883,path_infeasible_under_safety_checks,0
P2_S2_P_seed1006,S2,P,"plant@(12.000,2.000)",1,r1.00_a090,90,1.0,12.0,3.0,False,True,False,,0.2770238840021193,path_infeasible_under_safety_checks,0
P2_S2_P_seed1006,S2,P,"plant@(12.000,2.000)",1,r0.80_a090,90,0.8,12.0,2.8,False,True,False,,0.2780229549971409,path_infeasible_under_safety_checks,0
P2_S2_P_seed1006,S2,P,"plant@(12.000,2.000)",1,r0.80_a270,270,0.8,12.0,1.2,False,True,False,,0.31268427197937854,path_infeasible_under_safety_checks,0
P2_S2_P_seed1006,S2,P,"plant@(12.000,2.000)",1,r1.00_a270,270,1.0,12.0,1.0,False,True,False,,0.28429214598145336,path_infeasible_under_safety_checks,0
P2_S2_P_seed1007,S2,P,"plant@(2.000,3.000)",1,r1.20_a240,240,1.2,1.3999999999999995,1.960769515458674,True,True,True,2.4021980321074725,0.16438588098390028,,1
P2_S2_P_seed1007,S2,P,"plant@(2.000,3.000)",1,r1.20_a210,210,1.2,0.9607695154586737,2.4,True,True,True,2.5982584977119902,0.18991277398890816,,0
P2_S2_P_seed1007,S2,P,"plant@(2.000,3.000)",1,r1.00_a240,240,1.0,1.4999999999999996,2.1339745962155616,True,True,True,2.602031634036085,0.17548500199336559,,0
P2_S2_P_seed1007,S2,P,"plant@(2.000,3.000)",1,r1.20_a270,270,1.2,1.9999999999999998,1.8,True,True,True,2.6786582306225384,0.17254267699900083,,0
P2_S2_P_seed1007,S2,P,"plant@(2.000,3.000)",1,r1.00_a210,210,1.0,1.1339745962155614,2.5,True,True,True,2.74531223429477,0.18282936897594482,,0
P2_S2_P_seed1007,S2,P,"plant@(2.000,3.000)",1,r0.80_a240,240,0.8,1.5999999999999996,2.3071796769724493,True,True,True,2.803764317979718,0.18744564900407568,,0
P2_S2_P_seed1007,S2,P,"plant@(2.000,3.000)",1,r1.00_a270,270,1.0,1.9999999999999998,2.0,True,True,True,2.816025931651265,0.19121607398847118,,0
P2_S2_P_seed1007,S2,P,"plant@(2.000,3.000)",1,r0.80_a210,210,0.8,1.307179676972449,2.5999999999999996,True,True,True,2.9198346466490075,0.19358411600114778,,0
P2_S2_P_seed1007,S2,P,"plant@(2.000,3.000)",1,r0.80_a270,270,0.8,1.9999999999999998,2.2,True,True,True,2.96247563771313,0.20014164200983942,,0
P2_S2_P_seed1007,S2,P,"plant@(2.000,3.000)",1,r1.20_a180,180,1.2,0.8,3.0,True,True,True,3.1847430226150277,0.20361500000581145,,0
P2_S2_P_seed1007,S2,P,"plant@(2.000,3.000)",1,r1.00_a180,180,1.0,1.0,3.0,True,True,True,3.169875174869212,0.20836514499387704,,0
P2_S2_P_seed1007,S2,P,"plant@(2.000,3.000)",1,r0.80_a180,180,0.8,1.2,3.0,True,True,True,3.2416304739555724,0.2204405369993765,,0
P2_S2_P_seed1007,S2,P,"plant@(2.000,3.000)",1,r1.20_a300,300,1.2,2.6,1.9607695154586737,True,True,True,3.2493641108315225,0.22065189699060284,,0
P2_S2_P_seed1007,S2,P,"plant@(2.000,3.000)",1,r1.00_a300,300,1.0,2.5,2.1339745962155616,True,True,True,3.2803082874835803,0.22142365699983202,,0
P2_S2_P_seed1007,S2,P,"plant@(2.000,3.000)",1,r0.80_a300,300,0.8,2.4000000000000004,2.3071796769724493,True,True,True,3.3238474265494395,0.21755142201436684,,0
P2_S2_P_seed1007,S2,P,"plant@(2.000,3.000)",1,r0.80_a150,150,0.8,1.3071796769724489,3.4,True,True,True,3.697423411089156,0.24279081099666655,,0
P2_S2_P_seed1007,S2,P,"plant@(2.000,3.000)",1,r1.00_a150,150,1.0,1.1339745962155612,3.5,True,True,True,3.688042177210573,0.3211665920098312,,0
P2_S2_P_seed1007,S2,P,"plant@(2.000,3.000)",1,r1.20_a150,150,1.2,0.9607695154586735,3.5999999999999996,True,True,True,3.7664397493190878,0.3339803659764584,,0
P2_S2_P_seed1007,S2,P,"plant@(2.000,3.000)",1,r0.80_a330,330,0.8,2.6928203230275507,2.5999999999999996,True,True,True,3.7670170039224296,0.24776452899095602,,0
P2_S2_P_seed1007,S2,P,"plant@(2.000,3.000)",1,r1.00_a330,330,1.0,2.8660254037844384,2.4999999999999996,True,True,True,3.8177101866375125,0.24872045300435275,,0
P2_S2_P_seed1007,S2,P,"plant@(2.000,3.000)",1,r1.20_a330,330,1.2,3.039230484541326,2.3999999999999995,True,True,True,3.862814351084195,0.2541170199983753,,0
P2_S2_P_seed1007,S2,P,"plant@(2.000,3.000)",1,r0.80_a000,0,0.8,2.8,3.0,True,True,True,4.198710423429075,0.269125079998048,,0
P2_S2_P_seed1007,S2,P,"plant@(2.000,3.000)",1,r1.00_a120,120,1.0,1.5000000000000002,3.866025403784439,True,True,True,4.349087003878647,0.2890417689923197,,0
P2_S2_P_seed1007,S2,P,"plant@(2.000,3.000)",1,r1.00_a000,0,1.0,3.0,3.0,True,True,True,4.262439227569819,0.28254626400303096,,0
P2_S2_P_seed1007,S2,P,"plant@(2.000,3.000)",1,r1.20_a120,120,1.2,1.4000000000000004,4.039230484541326,True,True,True,4.307100999716338,0.2812081690062769,,0
P2_S2_P_seed1007,S2,P,"plant@(2.000,3.000)",1,r0.80_a030,30,0.8,2.692820323027551,3.4,True,True,True,4.6843439254528665,0.3094385610020254,,0
P2_S2_P_seed1007,S2,P,"plant@(2.000,3.000)",1,r1.20_a000,0,1.2,3.2,3.0,True,True,True,4.391661197065614,0.28774920900468715,,0
P2_S2_P_seed1007,S2,P,"plant@(2.000,3.000)",1,r1.00_a090,90,1.0,2.0,4.0,True,True,True,4.93275588851247,0.32627610201598145,,0
P2_S2_P_seed1007,S2,P,"plant@(2.000,3.000)",1,r1.00_a030,30,1.0,2.866025403784439,3.5,True,True,True,4.733839035284139,0.3092740429856349,,0
P2_S2_P_seed1007,S2,P,"plant@(2.000,3.000)",1,r1.00_a060,60,1.0,2.5,3.8660254037844384,True,True,True,5.290531886297779,0.34634932200424373,,0
P2_S2_P_seed1007,S2,P,"plant@(2.000,3.000)",1,r1.20_a090,90,1.2,2.0,4.2,True,True,True,4.937109901060667,0.3422070230008103,,0
P2_S2_P_seed1007,S2,P,"plant@(2.000,3.000)",1,r1.20_a030,30,1.2,3.0392304845413265,3.5999999999999996,True,True,True,4.865006267629385,0.3247624670038931,,0
P2_S2_P_seed1007,S2,P,"plant@(-6.000,4.500)",1,r1.20_a330,330,1.2,-4.960769515458674,3.8999999999999995,True,True,True,7.7786912897878375,0.289228199981153,,0
P2_S2_P_seed1007,S2,P,"plant@(-6.000,4.500)",1,r1.20_a000,0,1.2,-4.8,4.5,True,True,True,7.499035933053501,0.2730133520090021,,1
P2_S2_P_seed1007,S2,P,"plant@(-6.000,4.500)",1,r1.00_a330,330,1.0,-5.133974596215562,3.9999999999999996,True,True,True,7.967371928005717,0.2678836190025322,,0
P2_S2_P_seed1007,S2,P,"plant@(-6.000,4.500)",1,r1.00_a000,0,1.0,-5.0,4.5,True,True,True,7.741200009825955,0.26395775299170054,,0
P2_S2_P_seed1007,S2,P,"plant@(-6.000,4.500)",1,r1.20_a300,300,1.2,-5.4,3.460769515458674,True,True,False,,0.2720868950127624,path_infeasible_under_safety_checks,0
P2_S2_P_seed1007,S2,P,"plant@(-6.000,4.500)",1,r0.80_a330,330,0.8,-5.307179676972449,4.1,True,True,True,8.02283584172472,0.28775002298061736,,0
P2_S2_P_seed1007,S2,P,"plant@(-6.000,4.500)",1,r0.80_a000,0,0.8,-5.2,4.5,True,True,True,7.861927088163996,0.29182359800324775,,0
P2_S2_P_seed1007,S2,P,"plant@(-6.000,4.500)",1,r1.20_a030,30,1.2,-4.960769515458674,5.1,True,True,True,7.759571422100919,0.2843078610021621,,0
P2_S2_P_seed1007,S2,P,"plant@(-6.000,4.500)",1,r1.00_a030,30,1.0,-5.133974596215562,5.0,True,True,True,8.139981453404344,0.26024465399677865,,0
P2_S2_P_seed1007,S2,P,"plant@(-6.000,4.500)",1,r0.80_a030,30,0.8,-5.307179676972449,4.9,True,True,True,8.01229575904147,0.2928749400016386,,0
P2_S2_P_seed1007,S2,P,"plant@(-6.000,4.500)",1,r1.20_a060,60,1.2,-5.4,5.539230484541326,True,True,True,8.319400296132509,0.3969390580023173,,0
P2_S2_P_seed1007,S2,P,"plant@(-6.000,4.500)",1,r1.20_a240,240,1.2,-6.6000000000000005,3.460769515458674,True,True,False,,0.17352311901049688,path_infeasible_under_safety_checks,0
P2_S2_P_seed1007,S2,P,"plant@(-6.000,4.500)",1,r0.80_a210,210,0.8,-6.692820323027551,4.1,True,True,True,11.552453930606083,0.28720192701439373,,0
P2_S2_P_seed1007,S2,P,"plant@(-6.000,4.500)",1,r1.00_a210,210,1.0,-6.866025403784438,4.0,True,True,False,,0.1744159930094611,path_infeasible_under_safety_checks,0
P2_S2_P_seed1007,S2,P,"plant@(-6.000,4.500)",1,r0.80_a180,180,0.8,-6.8,4.5,True,True,True,11.102618502045415,0.2724281740083825,,0
P2_S2_P_seed1007,S2,P,"plant@(-6.000,4.500)",1,r1.00_a120,120,1.0,-6.5,5.366025403784438,True,True,False,,0.249366756004747,path_infeasible_under_safety_checks,0
P2_S2_P_seed1007,S2,P,"plant@(-6.000,4.500)",1,r0.80_a150,150,0.8,-6.692820323027551,4.9,True,True,True,10.890294239830432,0.2552296099893283,,0
P2_S2_P_seed1007,S2,P,"plant@(-6.000,4.500)",1,r1.20_a210,210,1.2,-7.039230484541326,3.9,True,True,False,,0.17265314000542276,path_infeasible_under_safety_checks,0
P2_S2_P_seed1007,S2,P,"plant@(-6.000,4.500)",1,r1.20_a120,120,1.2,-6.6,5.539230484541326,True,True,True,10.062821719333614,0.24618477499461733,,0
P2_S2_P_seed1007,S2,P,"plant@(-6.000,4.500)",1,r1.00_a180,180,1.0,-7.0,4.5,True,True,True,11.126937983582863,0.2825253610208165,,0
P2_S2_P_seed1007,S2,P,"plant@(-6.000,4.500)",1,r1.00_a150,150,1.0,-6.866025403784438,5.0,True,True,True,10.7201005553924,0.2576890659984201,,0
P2_S2_P_seed1007,S2,P,"plant@(-6.000,4.500)",1,r1.20_a180,180,1.2,-7.2,4.5,True,True,True,11.157454019179196,0.26944529099273495,,0
P2_S2_P_seed1007,S2,P,"plant@(-6.000,4.500)",1,r1.20_a150,150,1.2,-7.039230484541326,5.1,True,True,True,10.547550618129515,0.2530985239718575,,0
P2_S2_P_seed1007,S2,P,"plant@(-6.000,4.500)",1,r1.00_a300,300,1.0,-5.5,3.6339745962155616,False,True,False,,0.2523436929914169,path_infeasible_under_safety_checks,0
P2_S2_P_seed1007,S2,P,"plant@(-6.000,4.500)",1,r0.80_a300,300,0.8,-5.6,3.8071796769724493,False,True,False,,0.28965575102483854,path_infeasible_under_safety_checks,0
P2_S2_P_seed1007,S2,P,"plant@(-6.000,4.500)",1,r1.20_a270,270,1.2,-6.0,3.3,False,True,False,,0.2512026729818899,path_infeasible_under_safety_checks,0
P2_S2_P_seed1007,S2,P,"plant@(-6.000,4.500)",1,r1.00_a270,270,1.0,-6.0,3.5,False,True,False,,0.33188861797680147,path_infeasible_under_safety_checks,0
P2_S2_P_seed1007,S2,P,"plant@(-6.000,4.500)",1,r0.80_a270,270,0.8,-6.0,3.7,False,True,False,,0.31571819199598394,path_infeasible_under_safety_checks,0
P2_S2_P_seed1007,S2,P,"plant@(-6.000,4.500)",1,r1.00_a060,60,1.0,-5.5,5.366025403784438,False,True,False,,0.2917478609888349,path_infeasible_under_safety_checks,0
P2_S2_P_seed1007,S2,P,"plant@(-6.000,4.500)",1,r0.80_a060,60,0.8,-5.6,5.192820323027551,False,True,False,,0.2903452549944632,path_infeasible_under_safety_checks,0
P2_S2_P_seed1007,S2,P,"plant@(-6.000,4.500)",1,r0.80_a240,240,0.8,-6.4,3.8071796769724493,False,True,False,,0.20254536499851383,path_infeasible_under_safety_checks,0
P2_S2_P_seed1007,S2,P,"plant@(-6.000,4.500)",1,r1.00_a240,240,1.0,-6.5,3.6339745962155616,False,True,False,,0.2018829410080798,path_infeasible_under_safety_checks,0
P2_S2_P_seed1007,S2,P,"plant@(12.000,2.000)",1,r1.20_a240,240,1.2,11.399999999999999,0.960769515458674,True,True,True,21.5267224825696,0.2925837319926359,,0
P2_S2_P_seed1007,S2,P,"plant@(12.000,2.000)",1,r1.20_a090,90,1.2,12.0,3.2,True,True,True,21.091193875044745,0.26976209101849236,,1
P2_S2_P_seed1007,S2,P,"plant@(12.000,2.000)",1,r0.80_a060,60,0.8,12.4,2.6928203230275507,True,True,True,21.610288787385567,0.28536093898583204,,0
P2_S2_P_seed1007,S2,P,"plant@(12.000,2.000)",1,r1.00_a060,60,1.0,12.5,2.8660254037844384,True,True,True,21.468049184861442,0.2723113449756056,,0
P2_S2_P_seed1007,S2,P,"plant@(12.000,2.000)",1,r1.20_a060,60,1.2,12.6,3.039230484541326,True,True,True,21.375155289152342,0.2623003199987579,,0
P2_S2_P_seed1007,S2,P,"plant@(12.000,2.000)",1,r0.80_a030,30,0.8,12.69282032302755,2.4,True,True,True,21.987202838289555,0.2819010349921882,,0
P2_S2_P_seed1007,S2,P,"plant@(12.000,2.000)",1,r0.80_a330,330,0.8,12.69282032302755,1.5999999999999996,True,True,True,22.87370010755171,0.2886043320177123,,0
P2_S2_P_seed1007,S2,P,"plant@(12.000,2.000)",1,r1.00_a030,30,1.0,12.86602540378444,2.5,True,True,True,21.98226637701068,0.29545255200355314,,0
P2_S2_P_seed1007,S2,P,"plant@(12.000,2.000)",1,r0.80_a000,0,0.8,12.8,2.0,True,True,True,22.44784488867917,0.29764832500950433,,0
P2_S2_P_seed1007,S2,P,"plant@(12.000,2.000)",1,r1.00_a330,330,1.0,12.866025403784437,1.4999999999999996,True,True,True,22.994695547116855,0.293029969005147,,0
P2_S2_P_seed1007,S2,P,"plant@(12.000,2.000)",1,r1.20_a030,30,1.2,13.039230484541326,2.5999999999999996,True,True,True,21.93289313135144,0.28191315100411884,,0
P2_S2_P_seed1007,S2,P,"plant@(12.000,2.000)",1,r1.00_a000,0,1.0,13.0,2.0,True,True,True,22.484543315765247,0.27665320300729945,,0
P2_S2_P_seed1007,S2,P,"plant@(12.000,2.000)",1,r1.20_a330,330,1.2,13.039230484541326,1.3999999999999995,True,True,True,23.049202580857457,0.29964053200092167,,0
P2_S2_P_seed1007,S2,P,"plant@(12.000,2.000)",1,r1.20_a000,0,1.2,13.2,2.0,True,True,True,22.531894796490473,0.29183010102133267,,0
P2_S2_P_seed1007,S2,P,"plant@(12.000,2.000)",1,r1.20_a180,180,1.2,10.8,2.0,False,True,False,,0.29142100099124946,path_infeasible_under_safety_checks,0
P2_S2_P_seed1007,S2,P,"plant@(12.000,2.000)",1,r1.20_a150,150,1.2,10.960769515458674,2.5999999999999996,False,True,False,,0.2732934289961122,path_infeasible_under_safety_checks,0
P2_S2_P_seed1007,S2,P,"plant@(12.000,2.000)",1,r1.00_a180,180,1.0,11.0,2.0,False,True,False,,0.30137684900546446,path_infeasible_under_safety_checks,0
P2_S2_P_seed1007,S2,P,"plant@(12.000,2.000)",1,r1.00_a150,150,1.0,11.13397459621556,2.5,False,True,False,,0.2872615040105302,path_infeasible_under_safety_checks,0
P2_S2_P_seed1007,S2,P,"plant@(12.000,2.000)",1,r1.20_a210,210,1.2,10.960769515458674,1.4,False,True,False,,0.2795759169966914,path_infeasible_under_safety_checks,0
P2_S2_P_seed1007,S2,P,"plant@(12.000,2.000)",1,r0.80_a180,180,0.8,11.2,2.0,False,True,False,,0.2709280909912195,path_infeasible_under_safety_checks,0
P2_S2_P_seed1007,S2,P,"plant@(12.000,2.000)",1,r1.00_a210,210,1.0,11.13397459621556,1.5,False,True,False,,0.2828299370012246,path_infeasible_under_safety_checks,0
P2_S2_P_seed1007,S2,P,"plant@(12.000,2.000)",1,r0.80_a150,150,0.8,11.30717967697245,2.4,False,True,False,,0.30705254498752765,path_infeasible_under_safety_checks,0
P2_S2_P_seed1007,S2,P,"plant@(12.000,2.000)",1,r1.20_a120,120,1.2,11.4,3.0392304845413265,False,True,False,,0.28038615197874606,path_infeasible_under_safety_checks,0
P2_S2_P_seed1007,S2,P,"plant@(12.000,2.000)",1,r0.80_a210,210,0.8,11.30717967697245,1.5999999999999999,False,True,False,,0.28898257500259206,path_infeasible_under_safety_checks,0
P2_S2_P_seed1007,S2,P,"plant@(12.000,2.000)",1,r1.00_a120,120,1.0,11.5,2.866025403784439,False,True,False,,0.29036682401783764,path_infeasible_under_safety_checks,0
P2_S2_P_seed1007,S2,P,"plant@(12.000,2.000)",1,r0.80_a120,120,0.8,11.6,2.692820323027551,False,True,False,,0.27831656401394866,path_infeasible_under_safety_checks,0
P2_S2_P_seed1007,S2,P,"plant@(12.000,2.000)",1,r1.00_a240,240,1.0,11.5,1.1339745962155616,False,True,False,,0.2696251980087254,path_infeasible_under_safety_checks,0
P2_S2_P_seed1007,S2,P,"plant@(12.000,2.000)",1,r0.80_a240,240,0.8,11.6,1.3071796769724493,False,True,False,,0.28870705599547364,path_infeasible_under_safety_checks,0
P2_S2_P_seed1007,S2,P,"plant@(12.000,2.000)",1,r1.00_a090,90,1.0,12.0,3.0,False,True,False,,0.26467196800513193,path_infeasible_under_safety_checks,0
P2_S2_P_seed1007,S2,P,"plant@(12.000,2.000)",1,r0.80_a090,90,0.8,12.0,2.8,False,True,False,,0.2645162569824606,path_infeasible_under_safety_checks,0
P2_S2_P_seed1007,S2,P,"plant@(12.000,2.000)",1,r0.80_a270,270,0.8,12.0,1.2,False,True,False,,0.28557330899639055,path_infeasible_under_safety_checks,0
P2_S2_P_seed1007,S2,P,"plant@(12.000,2.000)",1,r1.00_a270,270,1.0,12.0,1.0,False,True,False,,0.28873361798468977,path_infeasible_under_safety_checks,0
P2_S2_P_seed1008,S2,P,"plant@(2.000,3.000)",1,r1.20_a240,240,1.2,1.3999999999999995,1.960769515458674,True,True,True,2.4021980321074725,0.16760728100780398,,1
P2_S2_P_seed1008,S2,P,"plant@(2.000,3.000)",1,r1.20_a210,210,1.2,0.9607695154586737,2.4,True,True,True,2.5982584977119902,0.18118310702266172,,0
P2_S2_P_seed1008,S2,P,"plant@(2.000,3.000)",1,r1.00_a240,240,1.0,1.4999999999999996,2.1339745962155616,True,True,True,2.602031634036085,0.16678312598378398,,0
P2_S2_P_seed1008,S2,P,"plant@(2.000,3.000)",1,r1.20_a270,270,1.2,1.9999999999999998,1.8,True,True,True,2.6786582306225384,0.1729040390055161,,0
P2_S2_P_seed1008,S2,P,"plant@(2.000,3.000)",1,r1.00_a210,210,1.0,1.1339745962155614,2.5,True,True,True,2.74531223429477,0.1814932560082525,,0
P2_S2_P_seed1008,S2,P,"plant@(2.000,3.000)",1,r0.80_a240,240,0.8,1.5999999999999996,2.3071796769724493,True,True,True,2.803764317979718,0.19140039599733427,,0
P2_S2_P_seed1008,S2,P,"plant@(2.000,3.000)",1,r1.00_a270,270,1.0,1.9999999999999998,2.0,True,True,True,2.816025931651265,0.1868735929892864,,0
P2_S2_P_seed1008,S2,P,"plant@(2.000,3.000)",1,r0.80_a210,210,0.8,1.307179676972449,2.5999999999999996,True,True,True,2.9198346466490075,0.18924567199428566,,0
P2_S2_P_seed1008,S2,P,"plant@(2.000,3.000)",1,r0.80_a270,270,0.8,1.9999999999999998,2.2,True,True,True,2.96247563771313,0.18889309497899376,,0
P2_S2_P_seed1008,S2,P,"plant@(2.000,3.000)",1,r1.20_a180,180,1.2,0.8,3.0,True,True,True,3.1847430226150277,0.1984756889869459,,0
P2_S2_P_seed1008,S2,P,"plant@(2.000,3.000)",1,r1.00_a180,180,1.0,1.0,3.0,True,True,True,3.169875174869212,0.2039448749856092,,0
P2_S2_P_seed1008,S2,P,"plant@(2.000,3.000)",1,r0.80_a180,180,0.8,1.2,3.0,True,True,True,3.2416304739555724,0.21041507300105877,,0
P2_S2_P_seed1008,S2,P,"plant@(2.000,3.000)",1,r1.20_a300,300,1.2,2.6,1.9607695154586737,True,True,True,3.2493641108315225,0.2137380609929096,,0
P2_S2_P_seed1008,S2,P,"plant@(2.000,3.000)",1,r1.00_a300,300,1.0,2.5,2.1339745962155616,True,True,True,3.2803082874835803,0.22152429798734374,,0
P2_S2_P_seed1008,S2,P,"plant@(2.000,3.000)",1,r0.80_a300,300,0.8,2.4000000000000004,2.3071796769724493,True,True,True,3.3238474265494395,0.22736593100125901,,0
P2_S2_P_seed1008,S2,P,"plant@(2.000,3.000)",1,r0.80_a150,150,0.8,1.3071796769724489,3.4,True,True,True,3.697423411089156,0.25618179599405266,,0
P2_S2_P_seed1008,S2,P,"plant@(2.000,3.000)",1,r1.00_a150,150,1.0,1.1339745962155612,3.5,True,True,True,3.688042177210573,0.23614689699024893,,0
P2_S2_P_seed1008,S2,P,"plant@(2.000,3.000)",1,r1.20_a150,150,1.2,0.9607695154586735,3.5999999999999996,True,True,True,3.7664397493190878,0.2502632419927977,,0
P2_S2_P_seed1008,S2,P,"plant@(2.000,3.000)",1,r0.80_a330,330,0.8,2.6928203230275507,2.5999999999999996,True,True,True,3.7670170039224296,0.24186921198270284,,0
P2_S2_P_seed1008,S2,P,"plant@(2.000,3.000)",1,r1.00_a330,330,1.0,2.8660254037844384,2.4999999999999996,True,True,True,3.8177101866375125,0.2623689839965664,,0
P2_S2_P_seed1008,S2,P,"plant@(2.000,3.000)",1,r1.20_a330,330,1.2,3.039230484541326,2.3999999999999995,True,True,True,3.862814351084195,0.2515549289819319,,0
P2_S2_P_seed1008,S2,P,"plant@(2.000,3.000)",1,r0.80_a000,0,0.8,2.8,3.0,True,True,True,4.198710423429075,0.2604349980247207,,0
P2_S2_P_seed1008,S2,P,"plant@(2.000,3.000)",1,r1.00_a120,120,1.0,1.5000000000000002,3.866025403784439,True,True,True,4.349087003878647,0.2836171149974689,,0
P2_S2_P_seed1008,S2,P,"plant@(2.000,3.000)",1,r1.00_a000,0,1.0,3.0,3.0,True,True,True,4.262439227569819,0.2768814699957147,,0
P2_S2_P_seed1008,S2,P,"plant@(2.000,3.000)",1,r1.20_a120,120,1.2,1.4000000000000004,4.039230484541326,True,True,True,4.307100999716338,0.2736759109830018,,0
P2_S2_P_seed1008,S2,P,"plant@(2.000,3.000)",1,r0.80_a030,30,0.8,2.692820323027551,3.4,True,True,True,4.6843439254528665,0.3183878379932139,,0
P2_S2_P_seed1008,S2,P,"plant@(2.000,3.000)",1,r1.20_a000,0,1.2,3.2,3.0,True,True,True,4.391661197065614,0.28001216900884174,,0
P2_S2_P_seed1008,S2,P,"plant@(2.000,3.000)",1,r1.00_a090,90,1.0,2.0,4.0,True,True,True,4.93275588851247,0.3273644380096812,,0
P2_S2_P_seed1008,S2,P,"plant@(2.000,3.000)",1,r1.00_a030,30,1.0,2.866025403784439,3.5,True,True,True,4.733839035284139,0.30970759500632994,,0
P2_S2_P_seed1008,S2,P,"plant@(2.000,3.000)",1,r1.00_a060,60,1.0,2.5,3.8660254037844384,True,True,True,5.290531886297779,0.37939039000775665,,0
P2_S2_P_seed1008,S2,P,"plant@(2.000,3.000)",1,r1.20_a090,90,1.2,2.0,4.2,True,True,True,4.937109901060667,0.31515646501793526,,0
P2_S2_P_seed1008,S2,P,"plant@(2.000,3.000)",1,r1.20_a030,30,1.2,3.0392304845413265,3.5999999999999996,True,True,True,4.865006267629385,0.31582166999578476,,0
P2_S2_P_seed1008,S2,P,"plant@(-6.000,4.500)",1,r1.20_a330,330,1.2,-4.960769515458674,3.8999999999999995,True,True,True,7.823219129160962,0.26506716501899064,,0
P2_S2_P_seed1008,S2,P,"plant@(-6.000,4.500)",1,r1.20_a000,0,1.2,-4.8,4.5,True,True,True,7.713002378192007,0.23538971398374997,,1
P2_S2_P_seed1008,S2,P,"plant@(-6.000,4.500)",1,r1.00_a330,330,1.0,-5.133974596215562,3.9999999999999996,True,True,True,8.015919736697734,0.27212175601744093,,0
P2_S2_P_seed1008,S2,P,"plant@(-6.000,4.500)",1,r1.00_a000,0,1.0,-5.0,4.5,True,True,True,7.79232041565642,0.2714708379935473,,0
P2_S2_P_seed1008,S2,P,"plant@(-6.000,4.500)",1,r1.20_a300,300,1.2,-5.4,3.460769515458674,True,True,False,,0.25681883801007643,path_infeasible_under_safety_checks,0
P2_S2_P_seed1008,S2,P,"plant@(-6.000,4.500)",1,r0.80_a330,330,0.8,-5.307179676972449,4.1,True,True,True,8.078837830339685,0.2823304809862748,,0
P2_S2_P_seed1008,S2,P,"plant@(-6.000,4.500)",1,r0.80_a000,0,0.8,-5.2,4.5,True,True,True,7.989312072087978,0.26127594299032353,,0
P2_S2_P_seed1008,S2,P,"plant@(-6.000,4.500)",1,r1.20_a030,30,1.2,-4.960769515458674,5.1,True,True,True,7.782292187082352,0.2664663350151386,,0
P2_S2_P_seed1008,S2,P,"plant@(-6.000,4.500)",1,r1.00_a030,30,1.0,-5.133974596215562,5.0,True,True,True,7.8925521784811545,0.28217229500296526,,0
P2_S2_P_seed1008,S2,P,"plant@(-6.000,4.500)",1,r0.80_a030,30,0.8,-5.307179676972449,4.9,True,True,True,8.044417096942562,0.3098806139896624,,0
P2_S2_P_seed1008,S2,P,"plant@(-6.000,4.500)",1,r1.20_a060,60,1.2,-5.4,5.539230484541326,True,True,False,,0.3686726760060992,path_infeasible_under_safety_checks,0
P2_S2_P_seed1008,S2,P,"plant@(-6.000,4.500)",1,r1.20_a240,240,1.2,-6.6000000000000005,3.460769515458674,True,True,False,,0.19317437702557072,path_infeasible_under_safety_checks,0
P2_S2_P_seed1008,S2,P,"plant@(-6.000,4.500)",1,r0.80_a210,210,0.8,-6.692820323027551,4.1,True,True,True,11.530270936409558,0.2956098009890411,,0
P2_S2_P_seed1008,S2,P,"plant@(-6.000,4.500)",1,r1.00_a210,210,1.0,-6.866025403784438,4.0,True,True,False,,0.18395480499020778,path_infeasible_under_safety_checks,0
P2_S2_P_seed1008,S2,P,"plant@(-6.000,4.500)",1,r0.80_a180,180,0.8,-6.8,4.5,True,True,True,11.119024330634858,0.29390873000374995,,0
P2_S2_P_seed1008,S2,P,"plant@(-6.000,4.500)",1,r1.00_a120,120,1.0,-6.5,5.366025403784438,True,True,False,,0.2502051100018434,path_infeasible_under_safety_checks,0
P2_S2_P_seed1008,S2,P,"plant@(-6.000,4.500)",1,r0.80_a150,150,0.8,-6.692820323027551,4.9,True,True,True,10.77901009319929,0.2693163609947078,,0
P2_S2_P_seed1008,S2,P,"plant@(-6.000,4.500)",1,r1.20_a210,210,1.2,-7.039230484541326,3.9,True,True,False,,0.17406465398380533,path_infeasible_under_safety_checks,0
P2_S2_P_seed1008,S2,P,"plant@(-6.000,4.500)",1,r1.20_a120,120,1.2,-6.6,5.539230484541326,True,True,True,9.954287639726422,0.2490182180190459,,0
P2_S2_P_seed1008,S2,P,"plant@(-6.000,4.500)",1,r1.00_a180,180,1.0,-7.0,4.5,True,True,True,11.1393045556961,0.2751038019778207,,0
P2_S2_P_seed1008,S2,P,"plant@(-6.000,4.500)",1,r1.00_a150,150,1.0,-6.866025403784438,5.0,True,True,True,10.589295679368481,0.25994024399551563,,0
P2_S2_P_seed1008,S2,P,"plant@(-6.000,4.500)",1,r1.20_a180,180,1.2,-7.2,4.5,True,True,True,11.194610078800109,0.2724944499786943,,0
P2_S2_P_seed1008,S2,P,"plant@(-6.000,4.500)",1,r1.20_a150,150,1.2,-7.039230484541326,5.1,True,True,True,10.592903935518818,0.26251340299495496,,0
P2_S2_P_seed1008,S2,P,"plant@(-6.000,4.500)",1,r1.00_a300,300,1.0,-5.5,3.6339745962155616,False,True,False,,0.27811587997712195,path_infeasible_under_safety_checks,0
P2_S2_P_seed1008,S2,P,"plant@(-6.000,4.500)",1,r0.80_a300,300,0.8,-5.6,3.8071796769724493,False,True,False,,0.29225236998172477,path_infeasible_under_safety_checks,0
P2_S2_P_seed1008,S2,P,"plant@(-6.000,4.500)",1,r1.20_a270,270,1.2,-6.0,3.3,False,True,False,,0.2907154689892195,path_infeasible_under_safety_checks,0
P2_S2_P_seed1008,S2,P,"plant@(-6.000,4.500)",1,r1.00_a270,270,1.0,-6.0,3.5,False,True,False,,0.2885314409795683,path_infeasible_under_safety_checks,0
P2_S2_P_seed1008,S2,P,"plant@(-6.000,4.500)",1,r0.80_a270,270,0.8,-6.0,3.7,False,True,False,,0.329446300980635,path_infeasible_under_safety_checks,0
P2_S2_P_seed1008,S2,P,"plant@(-6.000,4.500)",1,r1.00_a060,60,1.0,-5.5,5.366025403784438,False,True,False,,0.29544964400702156,path_infeasible_under_safety_checks,0
P2_S2_P_seed1008,S2,P,"plant@(-6.000,4.500)",1,r0.80_a060,60,0.8,-5.6,5.192820323027551,False,True,False,,0.28920821798965335,path_infeasible_under_safety_checks,0
P2_S2_P_seed1008,S2,P,"plant@(-6.000,4.500)",1,r0.80_a240,240,0.8,-6.4,3.8071796769724493,False,True,False,,0.21706058099516667,path_infeasible_under_safety_checks,0
P2_S2_P_seed1008,S2,P,"plant@(-6.000,4.500)",1,r1.00_a240,240,1.0,-6.5,3.6339745962155616,False,True,False,,0.23040980301448144,path_infeasible_under_safety_checks,0
P2_S2_P_seed1008,S2,P,"plant@(12.000,2.000)",1,r1.20_a240,240,1.2,11.399999999999999,0.960769515458674,True,True,True,21.582303162911963,0.26031959999818355,,0
P2_S2_P_seed1008,S2,P,"plant@(12.000,2.000)",1,r1.20_a090,90,1.2,12.0,3.2,True,True,True,21.127506995015676,0.2700366219796706,,1
P2_S2_P_seed1008,S2,P,"plant@(12.000,2.000)",1,r0.80_a060,60,0.8,12.4,2.6928203230275507,True,True,True,21.68631261263055,0.29302894801367074,,0
P2_S2_P_seed1008,S2,P,"plant@(12.000,2.000)",1,r1.00_a060,60,1.0,12.5,2.8660254037844384,True,True,True,21.554247580063553,0.25657271800446324,,0
P2_S2_P_seed1008,S2,P,"plant@(12.000,2.000)",1,r1.20_a060,60,1.2,12.6,3.039230484541326,True,True,True,21.42081116743872,0.2686943269800395,,0
P2_S2_P_seed1008,S2,P,"plant@(12.000,2.000)",1,r0.80_a030,30,0.8,12.69282032302755,2.4,True,True,True,22.02403786412818,0.26334764101193286,,0
P2_S2_P_seed1008,S2,P,"plant@(12.000,2.000)",1,r0.80_a330,330,0.8,12.69282032302755,1.5999999999999996,True,True,True,22.970577239533323,0.27397598398965783,,0
P2_S2_P_seed1008,S2,P,"plant@(12.000,2.000)",1,r1.00_a030,30,1.0,12.86602540378444,2.5,True,True,True,21.946657908899105,0.27159469499019906,,0
P2_S2_P_seed1008,S2,P,"plant@(12.000,2.000)",1,r0.80_a000,0,0.8,12.8,2.0,True,True,True,22.45281624445585,0.2744484319991898,,0
P2_S2_P_seed1008,S2,P,"plant@(12.000,2.000)",1,r1.00_a330,330,1.0,12.866025403784437,1.4999999999999996,True,True,True,22.932088849742925,0.29266500199446455,,0
P2_S2_P_seed1008,S2,P,"plant@(12.000,2.000)",1,r1.20_a030,30,1.2,13.039230484541326,2.5999999999999996,True,True,True,21.944091445762236,0.2716327850066591,,0
P2_S2_P_seed1008,S2,P,"plant@(12.000,2.000)",1,r1.00_a000,0,1.0,13.0,2.0,True,True,True,22.501174679472303,0.2707126509922091,,0
P2_S2_P_seed1008,S2,P,"plant@(12.000,2.000)",1,r1.20_a330,330,1.2,13.039230484541326,1.3999999999999995,True,True,True,23.08408580416851,0.2761643409903627,,0
P2_S2_P_seed1008,S2,P,"plant@(12.000,2.000)",1,r1.20_a000,0,1.2,13.2,2.0,True,True,True,22.57326567312286,0.2782760239788331,,0
P2_S2_P_seed1008,S2,P,"plant@(12.000,2.000)",1,r1.20_a180,180,1.2,10.8,2.0,False,True,False,,0.2816465249925386,path_infeasible_under_safety_checks,0
P2_S2_P_seed1008,S2,P,"plant@(12.000,2.000)",1,r1.20_a150,150,1.2,10.960769515458674,2.5999999999999996,False,True,False,,0.26491146598709747,path_infeasible_under_safety_checks,0
P2_S2_P_seed1008,S2,P,"plant@(12.000,2.000)",1,r1.00_a180,180,1.0,11.0,2.0,False,True,False,,0.3305390050227288,path_infeasible_under_safety_checks,0
P2_S2_P_seed1008,S2,P,"plant@(12.000,2.000)",1,r1.00_a150,150,1.0,11.13397459621556,2.5,False,True,False,,0.2985894870071206,path_infeasible_under_safety_checks,0
P2_S2_P_seed1008,S2,P,"plant@(12.000,2.000)",1,r1.20_a210,210,1.2,10.960769515458674,1.4,False,True,False,,0.29001349298050627,path_infeasible_under_safety_checks,0
P2_S2_P_seed1008,S2,P,"plant@(12.000,2.000)",1,r0.80_a180,180,0.8,11.2,2.0,False,True,False,,0.29744383998331614,path_infeasible_under_safety_checks,0
P2_S2_P_seed1008,S2,P,"plant@(12.000,2.000)",1,r1.00_a210,210,1.0,11.13397459621556,1.5,False,True,False,,0.3091265329858288,path_infeasible_under_safety_checks,0
P2_S2_P_seed1008,S2,P,"plant@(12.000,2.000)",1,r0.80_a150,150,0.8,11.30717967697245,2.4,False,True,False,,0.2912060509843286,path_infeasible_under_safety_checks,0
P2_S2_P_seed1008,S2,P,"plant@(12.000,2.000)",1,r1.20_a120,120,1.2,11.4,3.0392304845413265,False,True,False,,0.27713279699673876,path_infeasible_under_safety_checks,0
P2_S2_P_seed1008,S2,P,"plant@(12.000,2.000)",1,r1.00_a120,120,1.0,11.5,2.866025403784439,False,True,False,,0.309419054974569,path_infeasible_under_safety_checks,0
P2_S2_P_seed1008,S2,P,"plant@(12.000,2.000)",1,r0.80_a210,210,0.8,11.30717967697245,1.5999999999999999,False,True,False,,0.29397582000819966,path_infeasible_under_safety_checks,0
P2_S2_P_seed1008,S2,P,"plant@(12.000,2.000)",1,r0.80_a120,120,0.8,11.6,2.692820323027551,False,True,False,,0.3098090479907114,path_infeasible_under_safety_checks,0
P2_S2_P_seed1008,S2,P,"plant@(12.000,2.000)",1,r1.00_a240,240,1.0,11.5,1.1339745962155616,False,True,False,,0.2803081409947481,path_infeasible_under_safety_checks,0
P2_S2_P_seed1008,S2,P,"plant@(12.000,2.000)",1,r0.80_a240,240,0.8,11.6,1.3071796769724493,False,True,False,,0.30988203702145256,path_infeasible_under_safety_checks,0
P2_S2_P_seed1008,S2,P,"plant@(12.000,2.000)",1,r1.00_a090,90,1.0,12.0,3.0,False,True,False,,0.27057154101203196,path_infeasible_under_safety_checks,0
P2_S2_P_seed1008,S2,P,"plant@(12.000,2.000)",1,r0.80_a090,90,0.8,12.0,2.8,False,True,False,,0.29962517600506544,path_infeasible_under_safety_checks,0
P2_S2_P_seed1008,S2,P,"plant@(12.000,2.000)",1,r0.80_a270,270,0.8,12.0,1.2,False,True,False,,0.303409093990922,path_infeasible_under_safety_checks,0
P2_S2_P_seed1008,S2,P,"plant@(12.000,2.000)",1,r1.00_a270,270,1.0,12.0,1.0,False,True,False,,0.30322705599246547,path_infeasible_under_safety_checks,0
P2_S2_P_seed1009,S2,P,"plant@(2.000,3.000)",1,r1.20_a240,240,1.2,1.3999999999999995,1.960769515458674,True,True,True,2.4021980321074725,0.1674714860273525,,1
P2_S2_P_seed1009,S2,P,"plant@(2.000,3.000)",1,r1.20_a210,210,1.2,0.9607695154586737,2.4,True,True,True,2.5982584977119902,0.19279218697920442,,0
P2_S2_P_seed1009,S2,P,"plant@(2.000,3.000)",1,r1.00_a240,240,1.0,1.4999999999999996,2.1339745962155616,True,True,True,2.602031634036085,0.17923880001762882,,0
P2_S2_P_seed1009,S2,P,"plant@(2.000,3.000)",1,r1.20_a270,270,1.2,1.9999999999999998,1.8,True,True,True,2.6786582306225384,0.1897095490130596,,0
P2_S2_P_seed1009,S2,P,"plant@(2.000,3.000)",1,r1.00_a210,210,1.0,1.1339745962155614,2.5,True,True,True,2.74531223429477,0.18863223301013932,,0
P2_S2_P_seed1009,S2,P,"plant@(2.000,3.000)",1,r0.80_a240,240,0.8,1.5999999999999996,2.3071796769724493,True,True,True,2.803764317979718,0.1919208119797986,,0
P2_S2_P_seed1009,S2,P,"plant@(2.000,3.000)",1,r1.00_a270,270,1.0,1.9999999999999998,2.0,True,True,True,2.816025931651265,0.1873837200109847,,0
P2_S2_P_seed1009,S2,P,"plant@(2.000,3.000)",1,r0.80_a210,210,0.8,1.307179676972449,2.5999999999999996,True,True,True,2.9198346466490075,0.19460700399940833,,0
P2_S2_P_seed1009,S2,P,"plant@(2.000,3.000)",1,r0.80_a270,270,0.8,1.9999999999999998,2.2,True,True,True,2.96247563771313,0.20610780699644238,,0
P2_S2_P_seed1009,S2,P,"plant@(2.000,3.000)",1,r1.20_a180,180,1.2,0.8,3.0,True,True,True,3.1847430226150277,0.2130494469893165,,0
P2_S2_P_seed1009,S2,P,"plant@(2.000,3.000)",1,r1.00_a180,180,1.0,1.0,3.0,True,True,True,3.169875174869212,0.21034113998757675,,0
P2_S2_P_seed1009,S2,P,"plant@(2.000,3.000)",1,r0.80_a180,180,0.8,1.2,3.0,True,True,True,3.2416304739555724,0.21547780898981728,,0
P2_S2_P_seed1009,S2,P,"plant@(2.000,3.000)",1,r1.20_a300,300,1.2,2.6,1.9607695154586737,True,True,True,3.2493641108315225,0.22257771200384013,,0
P2_S2_P_seed1009,S2,P,"plant@(2.000,3.000)",1,r1.00_a300,300,1.0,2.5,2.1339745962155616,True,True,True,3.2803082874835803,0.23022623101132922,,0
P2_S2_P_seed1009,S2,P,"plant@(2.000,3.000)",1,r0.80_a300,300,0.8,2.4000000000000004,2.3071796769724493,True,True,True,3.3238474265494395,0.22706707901670597,,0
P2_S2_P_seed1009,S2,P,"plant@(2.000,3.000)",1,r0.80_a150,150,0.8,1.3071796769724489,3.4,True,True,True,3.697423411089156,0.247438783000689,,0
P2_S2_P_seed1009,S2,P,"plant@(2.000,3.000)",1,r1.00_a150,150,1.0,1.1339745962155612,3.5,True,True,True,3.688042177210573,0.2542286870011594,,0
P2_S2_P_seed1009,S2,P,"plant@(2.000,3.000)",1,r1.20_a150,150,1.2,0.9607695154586735,3.5999999999999996,True,True,True,3.7664397493190878,0.27556060600909404,,0
P2_S2_P_seed1009,S2,P,"plant@(2.000,3.000)",1,r0.80_a330,330,0.8,2.6928203230275507,2.5999999999999996,True,True,True,3.7670170039224296,0.2581236000114586,,0
P2_S2_P_seed1009,S2,P,"plant@(2.000,3.000)",1,r1.00_a330,330,1.0,2.8660254037844384,2.4999999999999996,True,True,True,3.8177101866375125,0.26390117101254873,,0
P2_S2_P_seed1009,S2,P,"plant@(2.000,3.000)",1,r1.20_a330,330,1.2,3.039230484541326,2.3999999999999995,True,True,True,3.862814351084195,0.2662259909848217,,0
P2_S2_P_seed1009,S2,P,"plant@(2.000,3.000)",1,r0.80_a000,0,0.8,2.8,3.0,True,True,True,4.198710423429075,0.28687555697979406,,0
P2_S2_P_seed1009,S2,P,"plant@(2.000,3.000)",1,r1.00_a120,120,1.0,1.5000000000000002,3.866025403784439,True,True,True,4.349087003878647,0.3022977049986366,,0
P2_S2_P_seed1009,S2,P,"plant@(2.000,3.000)",1,r1.00_a000,0,1.0,3.0,3.0,True,True,True,4.262439227569819,0.2900878689833917,,0
P2_S2_P_seed1009,S2,P,"plant@(2.000,3.000)",1,r1.20_a120,120,1.2,1.4000000000000004,4.039230484541326,True,True,True,4.307100999716338,0.30108739199931733,,0
P2_S2_P_seed1009,S2,P,"plant@(2.000,3.000)",1,r0.80_a030,30,0.8,2.692820323027551,3.4,True,True,True,4.6843439254528665,0.31508835600106977,,0
P2_S2_P_seed1009,S2,P,"plant@(2.000,3.000)",1,r1.20_a000,0,1.2,3.2,3.0,True,True,True,4.391661197065614,0.29679169197333977,,0
P2_S2_P_seed1009,S2,P,"plant@(2.000,3.000)",1,r1.00_a090,90,1.0,2.0,4.0,True,True,True,4.93275588851247,0.3375167829799466,,0
P2_S2_P_seed1009,S2,P,"plant@(2.000,3.000)",1,r1.00_a030,30,1.0,2.866025403784439,3.5,True,True,True,4.733839035284139,0.3172870599955786,,0
P2_S2_P_seed1009,S2,P,"plant@(2.000,3.000)",1,r1.00_a060,60,1.0,2.5,3.8660254037844384,True,True,True,5.290531886297779,0.3610938210040331,,0
P2_S2_P_seed1009,S2,P,"plant@(2.000,3.000)",1,r1.20_a090,90,1.2,2.0,4.2,True,True,True,4.937109901060667,0.3436965169967152,,0
P2_S2_P_seed1009,S2,P,"plant@(2.000,3.000)",1,r1.20_a030,30,1.2,3.0392304845413265,3.5999999999999996,True,True,True,4.865006267629385,0.3401050250104163,,0
P2_S2_P_seed1009,S2,P,"plant@(-6.000,4.500)",1,r1.20_a330,330,1.2,-4.960769515458674,3.8999999999999995,True,True,True,7.7786912897878375,0.2743802109907847,,0
P2_S2_P_seed1009,S2,P,"plant@(-6.000,4.500)",1,r1.20_a000,0,1.2,-4.8,4.5,True,True,True,7.499035933053501,0.2844066079996992,,1
P2_S2_P_seed1009,S2,P,"plant@(-6.000,4.500)",1,r1.00_a330,330,1.0,-5.133974596215562,3.9999999999999996,True,True,True,7.967371928005717,0.27185201601241715,,0
P2_S2_P_seed1009,S2,P,"plant@(-6.000,4.500)",1,r1.00_a000,0,1.0,-5.0,4.5,True,True,True,7.741200009825955,0.2593436859897338,,0
P2_S2_P_seed1009,S2,P,"plant@(-6.000,4.500)",1,r1.20_a300,300,1.2,-5.4,3.460769515458674,True,True,False,,0.28199814999243245,path_infeasible_under_safety_checks,0
P2_S2_P_seed1009,S2,P,"plant@(-6.000,4.500)",1,r0.80_a330,330,0.8,-5.307179676972449,4.1,True,True,True,8.02283584172472,0.29773697900236584,,0
P2_S2_P_seed1009,S2,P,"plant@(-6.000,4.500)",1,r0.80_a000,0,0.8,-5.2,4.5,True,True,True,7.861927088163996,0.302721557993209,,0
P2_S2_P_seed1009,S2,P,"plant@(-6.000,4.500)",1,r1.20_a030,30,1.2,-4.960769515458674,5.1,True,True,True,7.759571422100919,0.28623258299194276,,0
P2_S2_P_seed1009,S2,P,"plant@(-6.000,4.500)",1,r1.00_a030,30,1.0,-5.133974596215562,5.0,True,True,True,8.139981453404344,0.26810687300167046,,0
P2_S2_P_seed1009,S2,P,"plant@(-6.000,4.500)",1,r0.80_a030,30,0.8,-5.307179676972449,4.9,True,True,True,8.01229575904147,0.2966205650009215,,0
P2_S2_P_seed1009,S2,P,"plant@(-6.000,4.500)",1,r1.20_a060,60,1.2,-5.4,5.539230484541326,True,True,True,8.319400296132509,0.31345698100631125,,0
P2_S2_P_seed1009,S2,P,"plant@(-6.000,4.500)",1,r1.20_a240,240,1.2,-6.6000000000000005,3.460769515458674,True,True,False,,0.19461341798887588,path_infeasible_under_safety_checks,0
P2_S2_P_seed1009,S2,P,"plant@(-6.000,4.500)",1,r0.80_a210,210,0.8,-6.692820323027551,4.1,True,True,True,11.552453930606083,0.2973633620131295,,0
P2_S2_P_seed1009,S2,P,"plant@(-6.000,4.500)",1,r1.00_a210,210,1.0,-6.866025403784438,4.0,True,True,False,,0.18147345300531015,path_infeasible_under_safety_checks,0
P2_S2_P_seed1009,S2,P,"plant@(-6.000,4.500)",1,r0.80_a180,180,0.8,-6.8,4.5,True,True,True,11.102618502045415,0.2841841129993554,,0
P2_S2_P_seed1009,S2,P,"plant@(-6.000,4.500)",1,r1.00_a120,120,1.0,-6.5,5.366025403784438,True,True,False,,0.2665005399903748,path_infeasible_under_safety_checks,0
P2_S2_P_seed1009,S2,P,"plant@(-6.000,4.500)",1,r0.80_a150,150,0.8,-6.692820323027551,4.9,True,True,True,10.890294239830432,0.2745739340025466,,0
P2_S2_P_seed1009,S2,P,"plant@(-6.000,4.500)",1,r1.20_a210,210,1.2,-7.039230484541326,3.9,True,True,False,,0.17998799699125811,path_infeasible_under_safety_checks,0
P2_S2_P_seed1009,S2,P,"plant@(-6.000,4.500)",1,r1.20_a120,120,1.2,-6.6,5.539230484541326,True,True,True,10.062821719333614,0.2727827119815629,,0
P2_S2_P_seed1009,S2,P,"plant@(-6.000,4.500)",1,r1.00_a180,180,1.0,-7.0,4.5,True,True,True,11.126937983582863,0.2840696489729453,,0
P2_S2_P_seed1009,S2,P,"plant@(-6.000,4.500)",1,r1.00_a150,150,1.0,-6.866025403784438,5.0,True,True,True,10.7201005553924,0.26294656199752353,,0
P2_S2_P_seed1009,S2,P,"plant@(-6.000,4.500)",1,r1.20_a180,180,1.2,-7.2,4.5,True,True,True,11.157454019179196,0.27093883499037474,,0
P2_S2_P_seed1009,S2,P,"plant@(-6.000,4.500)",1,r1.20_a150,150,1.2,-7.039230484541326,5.1,True,True,True,10.547550618129515,0.2677842089906335,,0
P2_S2_P_seed1009,S2,P,"plant@(-6.000,4.500)",1,r1.00_a300,300,1.0,-5.5,3.6339745962155616,False,True,False,,0.2570364559942391,path_infeasible_under_safety_checks,0
P2_S2_P_seed1009,S2,P,"plant@(-6.000,4.500)",1,r0.80_a300,300,0.8,-5.6,3.8071796769724493,False,True,False,,0.2949947340239305,path_infeasible_under_safety_checks,0
P2_S2_P_seed1009,S2,P,"plant@(-6.000,4.500)",1,r1.20_a270,270,1.2,-6.0,3.3,False,True,False,,0.27002775299479254,path_infeasible_under_safety_checks,0
P2_S2_P_seed1009,S2,P,"plant@(-6.000,4.500)",1,r1.00_a270,270,1.0,-6.0,3.5,False,True,False,,0.31026534098782577,path_infeasible_under_safety_checks,0
P2_S2_P_seed1009,S2,P,"plant@(-6.000,4.500)",1,r0.80_a270,270,0.8,-6.0,3.7,False,True,False,,0.3340766860055737,path_infeasible_under_safety_checks,0
P2_S2_P_seed1009,S2,P,"plant@(-6.000,4.500)",1,r1.00_a060,60,1.0,-5.5,5.366025403784438,False,True,False,,0.3060237350000534,path_infeasible_under_safety_checks,0
P2_S2_P_seed1009,S2,P,"plant@(-6.000,4.500)",1,r0.80_a060,60,0.8,-5.6,5.192820323027551,False,True,False,,0.2996455129759852,path_infeasible_under_safety_checks,0
P2_S2_P_seed1009,S2,P,"plant@(-6.000,4.500)",1,r0.80_a240,240,0.8,-6.4,3.8071796769724493,False,True,False,,0.21803223501774482,path_infeasible_under_safety_checks,0
P2_S2_P_seed1009,S2,P,"plant@(-6.000,4.500)",1,r1.00_a240,240,1.0,-6.5,3.6339745962155616,False,True,False,,0.21312901898636483,path_infeasible_under_safety_checks,0
P2_S2_P_seed1009,S2,P,"plant@(12.000,2.000)",1,r1.20_a240,240,1.2,11.399999999999999,0.960769515458674,True,True,True,21.573673375448898,0.31040059801307507,,0
P2_S2_P_seed1009,S2,P,"plant@(12.000,2.000)",1,r1.20_a090,90,1.2,12.0,3.2,True,True,True,21.139744397078086,0.2688276849803515,,1
P2_S2_P_seed1009,S2,P,"plant@(12.000,2.000)",1,r0.80_a060,60,0.8,12.4,2.6928203230275507,True,True,True,21.659476474518783,0.279296669003088,,0
P2_S2_P_seed1009,S2,P,"plant@(12.000,2.000)",1,r1.00_a060,60,1.0,12.5,2.8660254037844384,True,True,True,21.51719522553854,0.2762672569951974,,0
P2_S2_P_seed1009,S2,P,"plant@(12.000,2.000)",1,r1.20_a060,60,1.2,12.6,3.039230484541326,True,True,True,21.4234662551374,0.2841517670021858,,0
P2_S2_P_seed1009,S2,P,"plant@(12.000,2.000)",1,r0.80_a030,30,0.8,12.69282032302755,2.4,True,True,True,22.036992070902034,0.28130837099161,,0
P2_S2_P_seed1009,S2,P,"plant@(12.000,2.000)",1,r0.80_a330,330,0.8,12.69282032302755,1.5999999999999996,True,True,True,22.9227243625352,0.30272613701527007,,0
P2_S2_P_seed1009,S2,P,"plant@(12.000,2.000)",1,r1.00_a030,30,1.0,12.86602540378444,2.5,True,True,True,21.97627878641527,0.2854191430087667,,0
P2_S2_P_seed1009,S2,P,"plant@(12.000,2.000)",1,r0.80_a000,0,0.8,12.8,2.0,True,True,True,22.501933650574763,0.29667366499779746,,0
P2_S2_P_seed1009,S2,P,"plant@(12.000,2.000)",1,r1.00_a330,330,1.0,12.866025403784437,1.4999999999999996,True,True,True,23.043424084726134,0.2946308959799353,,0
P2_S2_P_seed1009,S2,P,"plant@(12.000,2.000)",1,r1.20_a030,30,1.2,13.039230484541326,2.5999999999999996,True,True,True,21.982062881050325,0.30509276999509893,,0
P2_S2_P_seed1009,S2,P,"plant@(12.000,2.000)",1,r1.00_a000,0,1.0,13.0,2.0,True,True,True,22.524807723902704,0.28814982299809344,,0
P2_S2_P_seed1009,S2,P,"plant@(12.000,2.000)",1,r1.20_a330,330,1.2,13.039230484541326,1.3999999999999995,True,True,True,23.097655193296184,0.30670978999114595,,0
P2_S2_P_seed1009,S2,P,"plant@(12.000,2.000)",1,r1.20_a000,0,1.2,13.2,2.0,True,True,True,22.580929531995736,0.31528925700695254,,0
P2_S2_P_seed1009,S2,P,"plant@(12.000,2.000)",1,r1.20_a180,180,1.2,10.8,2.0,False,True,False,,0.30307634800556116,path_infeasible_under_safety_checks,0
P2_S2_P_seed1009,S2,P,"plant@(12.000,2.000)",1,r1.20_a150,150,1.2,10.960769515458674,2.5999999999999996,False,True,False,,0.2730486460204702,path_infeasible_under_safety_checks,0
P2_S2_P_seed1009,S2,P,"plant@(12.000,2.000)",1,r1.00_a180,180,1.0,11.0,2.0,False,True,False,,0.29755367900361307,path_infeasible_under_safety_checks,0
P2_S2_P_seed1009,S2,P,"plant@(12.000,2.000)",1,r1.00_a150,150,1.0,11.13397459621556,2.5,False,True,False,,0.30436107600689866,path_infeasible_under_safety_checks,0
P2_S2_P_seed1009,S2,P,"plant@(12.000,2.000)",1,r1.20_a210,210,1.2,10.960769515458674,1.4,False,True,False,,0.2829582650156226,path_infeasible_under_safety_checks,0
P2_S2_P_seed1009,S2,P,"plant@(12.000,2.000)",1,r0.80_a180,180,0.8,11.2,2.0,False,True,False,,0.2819314140069764,path_infeasible_under_safety_checks,0
P2_S2_P_seed1009,S2,P,"plant@(12.000,2.000)",1,r1.00_a210,210,1.0,11.13397459621556,1.5,False,True,False,,0.30411884299246594,path_infeasible_under_safety_checks,0
P2_S2_P_seed1009,S2,P,"plant@(12.000,2.000)",1,r0.80_a150,150,0.8,11.30717967697245,2.4,False,True,False,,0.2903896580100991,path_infeasible_under_safety_checks,0
P2_S2_P_seed1009,S2,P,"plant@(12.000,2.000)",1,r1.20_a120,120,1.2,11.4,3.0392304845413265,False,True,False,,0.27320173699990846,path_infeasible_under_safety_checks,0
P2_S2_P_seed1009,S2,P,"plant@(12.000,2.000)",1,r0.80_a210,210,0.8,11.30717967697245,1.5999999999999999,False,True,False,,0.3043736259860452,path_infeasible_under_safety_checks,0
P2_S2_P_seed1009,S2,P,"plant@(12.000,2.000)",1,r1.00_a120,120,1.0,11.5,2.866025403784439,False,True,False,,0.29902963899075985,path_infeasible_under_safety_checks,0
P2_S2_P_seed1009,S2,P,"plant@(12.000,2.000)",1,r0.80_a120,120,0.8,11.6,2.692820323027551,False,True,False,,0.3002872499928344,path_infeasible_under_safety_checks,0
P2_S2_P_seed1009,S2,P,"plant@(12.000,2.000)",1,r1.00_a240,240,1.0,11.5,1.1339745962155616,False,True,False,,0.329574319999665,path_infeasible_under_safety_checks,0
P2_S2_P_seed1009,S2,P,"plant@(12.000,2.000)",1,r0.80_a240,240,0.8,11.6,1.3071796769724493,False,True,False,,0.3300983980007004,path_infeasible_under_safety_checks,0
P2_S2_P_seed1009,S2,P,"plant@(12.000,2.000)",1,r1.00_a090,90,1.0,12.0,3.0,False,True,False,,0.27562671701889485,path_infeasible_under_safety_checks,0
P2_S2_P_seed1009,S2,P,"plant@(12.000,2.000)",1,r0.80_a090,90,0.8,12.0,2.8,False,True,False,,0.27905382099561393,path_infeasible_under_safety_checks,0
P2_S2_P_seed1009,S2,P,"plant@(12.000,2.000)",1,r0.80_a270,270,0.8,12.0,1.2,False,True,False,,0.2998935710056685,path_infeasible_under_safety_checks,0
P2_S2_P_seed1009,S2,P,"plant@(12.000,2.000)",1,r1.00_a270,270,1.0,12.0,1.0,False,True,False,,0.3091727900027763,path_infeasible_under_safety_checks,0
P2_S2_P_seed1010,S2,P,"plant@(2.000,3.000)",1,r1.20_a240,240,1.2,1.3999999999999995,1.960769515458674,True,True,True,2.4021980321074725,0.16045647399732843,,1
P2_S2_P_seed1010,S2,P,"plant@(2.000,3.000)",1,r1.20_a210,210,1.2,0.9607695154586737,2.4,True,True,True,2.5982584977119902,0.18610854100552388,,0
P2_S2_P_seed1010,S2,P,"plant@(2.000,3.000)",1,r1.00_a240,240,1.0,1.4999999999999996,2.1339745962155616,True,True,True,2.602031634036085,0.1622947319992818,,0
P2_S2_P_seed1010,S2,P,"plant@(2.000,3.000)",1,r1.20_a270,270,1.2,1.9999999999999998,1.8,True,True,True,2.6786582306225384,0.17362833299557678,,0
P2_S2_P_seed1010,S2,P,"plant@(2.000,3.000)",1,r1.00_a210,210,1.0,1.1339745962155614,2.5,True,True,True,2.74531223429477,0.17334449401823804,,0
P2_S2_P_seed1010,S2,P,"plant@(2.000,3.000)",1,r0.80_a240,240,0.8,1.5999999999999996,2.3071796769724493,True,True,True,2.803764317979718,0.18658549099927768,,0
P2_S2_P_seed1010,S2,P,"plant@(2.000,3.000)",1,r1.00_a270,270,1.0,1.9999999999999998,2.0,True,True,True,2.816025931651265,0.191031069989549,,0
P2_S2_P_seed1010,S2,P,"plant@(2.000,3.000)",1,r0.80_a210,210,0.8,1.307179676972449,2.5999999999999996,True,True,True,2.9198346466490075,0.1873890449933242,,0
P2_S2_P_seed1010,S2,P,"plant@(2.000,3.000)",1,r0.80_a270,270,0.8,1.9999999999999998,2.2,True,True,True,2.96247563771313,0.1904379099723883,,0
P2_S2_P_seed1010,S2,P,"plant@(2.000,3.000)",1,r1.20_a180,180,1.2,0.8,3.0,True,True,True,3.1847430226150277,0.2026550070149824,,0
P2_S2_P_seed1010,S2,P,"plant@(2.000,3.000)",1,r1.00_a180,180,1.0,1.0,3.0,True,True,True,3.169875174869212,0.21107899799244478,,0
P2_S2_P_seed1010,S2,P,"plant@(2.000,3.000)",1,r0.80_a180,180,0.8,1.2,3.0,True,True,True,3.2416304739555724,0.21469513498595916,,0
P2_S2_P_seed1010,S2,P,"plant@(2.000,3.000)",1,r1.20_a300,300,1.2,2.6,1.9607695154586737,True,True,True,3.2493641108315225,0.21329034899827093,,0
P2_S2_P_seed1010,S2,P,"plant@(2.000,3.000)",1,r1.00_a300,300,1.0,2.5,2.1339745962155616,True,True,True,3.2803082874835803,0.2215805960004218,,0
P2_S2_P_seed1010,S2,P,"plant@(2.000,3.000)",1,r0.80_a300,300,0.8,2.4000000000000004,2.3071796769724493,True,True,True,3.3238474265494395,0.21988152398262173,,0
P2_S2_P_seed1010,S2,P,"plant@(2.000,3.000)",1,r0.80_a150,150,0.8,1.3071796769724489,3.4,True,True,True,3.697423411089156,0.2665566009818576,,0
P2_S2_P_seed1010,S2,P,"plant@(2.000,3.000)",1,r1.00_a150,150,1.0,1.1339745962155612,3.5,True,True,True,3.688042177210573,0.2438925839960575,,0
P2_S2_P_seed1010,S2,P,"plant@(2.000,3.000)",1,r1.20_a150,150,1.2,0.9607695154586735,3.5999999999999996,True,True,True,3.7664397493190878,0.2514434870099649,,0
P2_S2_P_seed1010,S2,P,"plant@(2.000,3.000)",1,r0.80_a330,330,0.8,2.6928203230275507,2.5999999999999996,True,True,True,3.7670170039224296,0.24172164298943244,,0
P2_S2_P_seed1010,S2,P,"plant@(2.000,3.000)",1,r1.00_a330,330,1.0,2.8660254037844384,2.4999999999999996,True,True,True,3.8177101866375125,0.2531682139961049,,0
P2_S2_P_seed1010,S2,P,"plant@(2.000,3.000)",1,r1.20_a330,330,1.2,3.039230484541326,2.3999999999999995,True,True,True,3.862814351084195,0.2629905469948426,,0
P2_S2_P_seed1010,S2,P,"plant@(2.000,3.000)",1,r0.80_a000,0,0.8,2.8,3.0,True,True,True,4.198710423429075,0.2728019990026951,,0
P2_S2_P_seed1010,S2,P,"plant@(2.000,3.000)",1,r1.00_a120,120,1.0,1.5000000000000002,3.866025403784439,True,True,True,4.349087003878647,0.29960010398644954,,0
P2_S2_P_seed1010,S2,P,"plant@(2.000,3.000)",1,r1.00_a000,0,1.0,3.0,3.0,True,True,True,4.262439227569819,0.29080855901702307,,0
P2_S2_P_seed1010,S2,P,"plant@(2.000,3.000)",1,r1.20_a120,120,1.2,1.4000000000000004,4.039230484541326,True,True,True,4.307100999716338,0.28669383699889295,,0
P2_S2_P_seed1010,S2,P,"plant@(2.000,3.000)",1,r0.80_a030,30,0.8,2.692820323027551,3.4,True,True,True,4.6843439254528665,0.2956427999888547,,0
P2_S2_P_seed1010,S2,P,"plant@(2.000,3.000)",1,r1.20_a000,0,1.2,3.2,3.0,True,True,True,4.391661197065614,0.29136784898582846,,0
P2_S2_P_seed1010,S2,P,"plant@(2.000,3.000)",1,r1.00_a090,90,1.0,2.0,4.0,True,True,True,4.93275588851247,0.31291500202496536,,0
P2_S2_P_seed1010,S2,P,"plant@(2.000,3.000)",1,r1.00_a030,30,1.0,2.866025403784439,3.5,True,True,True,4.733839035284139,0.30738214901066385,,0
P2_S2_P_seed1010,S2,P,"plant@(2.000,3.000)",1,r1.00_a060,60,1.0,2.5,3.8660254037844384,True,True,True,5.290531886297779,0.41312193099292926,,0
P2_S2_P_seed1010,S2,P,"plant@(2.000,3.000)",1,r1.20_a090,90,1.2,2.0,4.2,True,True,True,4.937109901060667,0.3785177450045012,,0
P2_S2_P_seed1010,S2,P,"plant@(2.000,3.000)",1,r1.20_a030,30,1.2,3.0392304845413265,3.5999999999999996,True,True,True,4.865006267629385,0.3226402479922399,,0
P2_S2_P_seed1010,S2,P,"plant@(-6.000,4.500)",1,r1.20_a330,330,1.2,-4.960769515458674,3.8999999999999995,True,True,True,7.7786912897878375,0.26706195500446483,,0
P2_S2_P_seed1010,S2,P,"plant@(-6.000,4.500)",1,r1.20_a000,0,1.2,-4.8,4.5,True,True,True,7.499035933053501,0.27733383898157626,,1
P2_S2_P_seed1010,S2,P,"plant@(-6.000,4.500)",1,r1.00_a330,330,1.0,-5.133974596215562,3.9999999999999996,True,True,True,7.967371928005717,0.2812561300233938,,0
P2_S2_P_seed1010,S2,P,"plant@(-6.000,4.500)",1,r1.00_a000,0,1.0,-5.0,4.5,True,True,True,7.741200009825955,0.2646131709916517,,0
P2_S2_P_seed1010,S2,P,"plant@(-6.000,4.500)",1,r1.20_a300,300,1.2,-5.4,3.460769515458674,True,True,False,,0.26385004198527895,path_infeasible_under_safety_checks,0
P2_S2_P_seed1010,S2,P,"plant@(-6.000,4.500)",1,r0.80_a330,330,0.8,-5.307179676972449,4.1,True,True,True,8.02283584172472,0.2818157790170517,,0
P2_S2_P_seed1010,S2,P,"plant@(-6.000,4.500)",1,r0.80_a000,0,0.8,-5.2,4.5,True,True,True,7.861927088163996,0.29003173601813614,,0
P2_S2_P_seed1010,S2,P,"plant@(-6.000,4.500)",1,r1.20_a030,30,1.2,-4.960769515458674,5.1,True,True,True,7.759571422100919,0.28061893599806353,,0
P2_S2_P_seed1010,S2,P,"plant@(-6.000,4.500)",1,r1.00_a030,30,1.0,-5.133974596215562,5.0,True,True,True,8.139981453404344,0.28699439301271923,,0
P2_S2_P_seed1010,S2,P,"plant@(-6.000,4.500)",1,r0.80_a030,30,0.8,-5.307179676972449,4.9,True,True,True,8.01229575904147,0.2928151559899561,,0
P2_S2_P_seed1010,S2,P,"plant@(-6.000,4.500)",1,r1.20_a060,60,1.2,-5.4,5.539230484541326,True,True,True,8.319400296132509,0.30036396798095666,,0
P2_S2_P_seed1010,S2,P,"plant@(-6.000,4.500)",1,r1.20_a240,240,1.2,-6.6000000000000005,3.460769515458674,True,True,False,,0.18936714401934296,path_infeasible_under_safety_checks,0
P2_S2_P_seed1010,S2,P,"plant@(-6.000,4.500)",1,r0.80_a210,210,0.8,-6.692820323027551,4.1,True,True,True,11.552453930606083,0.37458319298457354,,0
P2_S2_P_seed1010,S2,P,"plant@(-6.000,4.500)",1,r1.00_a210,210,1.0,-6.866025403784438,4.0,True,True,False,,0.2078156270144973,path_infeasible_under_safety_checks,0
P2_S2_P_seed1010,S2,P,"plant@(-6.000,4.500)",1,r0.80_a180,180,0.8,-6.8,4.5,True,True,True,11.102618502045415,0.2748344870051369,,0
P2_S2_P_seed1010,S2,P,"plant@(-6.000,4.500)",1,r1.00_a120,120,1.0,-6.5,5.366025403784438,True,True,False,,0.24608279499807395,path_infeasible_under_safety_checks,0
P2_S2_P_seed1010,S2,P,"plant@(-6.000,4.500)",1,r0.80_a150,150,0.8,-6.692820323027551,4.9,True,True,True,10.890294239830432,0.2697440740012098,,0
P2_S2_P_seed1010,S2,P,"plant@(-6.000,4.500)",1,r1.20_a210,210,1.2,-7.039230484541326,3.9,True,True,False,,0.17076777800684795,path_infeasible_under_safety_checks,0
P2_S2_P_seed1010,S2,P,"plant@(-6.000,4.500)",1,r1.20_a120,120,1.2,-6.6,5.539230484541326,True,True,True,10.062821719333614,0.24407454498577863,,0
P2_S2_P_seed1010,S2,P,"plant@(-6.000,4.500)",1,r1.00_a180,180,1.0,-7.0,4.5,True,True,True,11.126937983582863,0.281756985001266,,0
P2_S2_P_seed1010,S2,P,"plant@(-6.000,4.500)",1,r1.00_a150,150,1.0,-6.866025403784438,5.0,True,True,True,10.7201005553924,0.260040838009445,,0
P2_S2_P_seed1010,S2,P,"plant@(-6.000,4.500)",1,r1.20_a180,180,1.2,-7.2,4.5,True,True,True,11.157454019179196,0.26602756400825456,,0
P2_S2_P_seed1010,S2,P,"plant@(-6.000,4.500)",1,r1.20_a150,150,1.2,-7.039230484541326,5.1,True,True,True,10.547550618129515,0.2596703759918455,,0
P2_S2_P_seed1010,S2,P,"plant@(-6.000,4.500)",1,r1.00_a300,300,1.0,-5.5,3.6339745962155616,False,True,False,,0.2941017659904901,path_infeasible_under_safety_checks,0
P2_S2_P_seed1010,S2,P,"plant@(-6.000,4.500)",1,r0.80_a300,300,0.8,-5.6,3.8071796769724493,False,True,False,,0.2996755290077999,path_infeasible_under_safety_checks,0
P2_S2_P_seed1010,S2,P,"plant@(-6.000,4.500)",1,r1.20_a270,270,1.2,-6.0,3.3,False,True,False,,0.2484969130018726,path_infeasible_under_safety_checks,0
P2_S2_P_seed1010,S2,P,"plant@(-6.000,4.500)",1,r1.00_a270,270,1.0,-6.0,3.5,False,True,False,,0.28071290798834525,path_infeasible_under_safety_checks,0
P2_S2_P_seed1010,S2,P,"plant@(-6.000,4.500)",1,r0.80_a270,270,0.8,-6.0,3.7,False,True,False,,0.31848636601353064,path_infeasible_under_safety_checks,0
P2_S2_P_seed1010,S2,P,"plant@(-6.000,4.500)",1,r1.00_a060,60,1.0,-5.5,5.366025403784438,False,True,False,,0.2999028060003184,path_infeasible_under_safety_checks,0
P2_S2_P_seed1010,S2,P,"plant@(-6.000,4.500)",1,r0.80_a060,60,0.8,-5.6,5.192820323027551,False,True,False,,0.2847704790183343,path_infeasible_under_safety_checks,0
P2_S2_P_seed1010,S2,P,"plant@(-6.000,4.500)",1,r0.80_a240,240,0.8,-6.4,3.8071796769724493,False,True,False,,0.21020671899896115,path_infeasible_under_safety_checks,0
P2_S2_P_seed1010,S2,P,"plant@(-6.000,4.500)",1,r1.00_a240,240,1.0,-6.5,3.6339745962155616,False,True,False,,0.21163832800812088,path_infeasible_under_safety_checks,0
P2_S2_P_seed1010,S2,P,"plant@(12.000,2.000)",1,r1.20_a240,240,1.2,11.399999999999999,0.960769515458674,True,True,True,21.39344052248827,0.26581498800078407,,0
P2_S2_P_seed1010,S2,P,"plant@(12.000,2.000)",1,r1.20_a090,90,1.2,12.0,3.2,True,True,True,21.176096838124987,0.2656012780207675,,1
P2_S2_P_seed1010,S2,P,"plant@(12.000,2.000)",1,r0.80_a060,60,0.8,12.4,2.6928203230275507,True,True,True,21.651930906635023,0.2869686969788745,,0
P2_S2_P_seed1010,S2,P,"plant@(12.000,2.000)",1,r1.00_a060,60,1.0,12.5,2.8660254037844384,True,True,True,21.529188700252114,0.28594734001671895,,0
P2_S2_P_seed1010,S2,P,"plant@(12.000,2.000)",1,r1.20_a060,60,1.2,12.6,3.039230484541326,True,True,True,21.374406991039727,0.26716973099973984,,0
P2_S2_P_seed1010,S2,P,"plant@(12.000,2.000)",1,r0.80_a030,30,0.8,12.69282032302755,2.4,True,True,True,22.066951004142055,0.27446985099231824,,0
P2_S2_P_seed1010,S2,P,"plant@(12.000,2.000)",1,r0.80_a330,330,0.8,12.69282032302755,1.5999999999999996,True,True,True,22.896015266855862,0.3006428430089727,,0
P2_S2_P_seed1010,S2,P,"plant@(12.000,2.000)",1,r1.00_a030,30,1.0,12.86602540378444,2.5,True,True,True,21.956892363668814,0.27118099899962544,,0
P2_S2_P_seed1010,S2,P,"plant@(12.000,2.000)",1,r0.80_a000,0,0.8,12.8,2.0,True,True,True,22.475107819265766,0.2820859169878531,,0
P2_S2_P_seed1010,S2,P,"plant@(12.000,2.000)",1,r1.00_a330,330,1.0,12.866025403784437,1.4999999999999996,True,True,True,22.975259679426596,0.29855440798564814,,0
P2_S2_P_seed1010,S2,P,"plant@(12.000,2.000)",1,r1.20_a030,30,1.2,13.039230484541326,2.5999999999999996,True,True,True,21.96160434008245,0.2829707729979418,,0
P2_S2_P_seed1010,S2,P,"plant@(12.000,2.000)",1,r1.00_a000,0,1.0,13.0,2.0,True,True,True,22.4849649759627,0.2842182500171475,,0
P2_S2_P_seed1010,S2,P,"plant@(12.000,2.000)",1,r1.20_a330,330,1.2,13.039230484541326,1.3999999999999995,True,True,True,23.115690358501162,0.2986337670008652,,0
P2_S2_P_seed1010,S2,P,"plant@(12.000,2.000)",1,r1.20_a000,0,1.2,13.2,2.0,True,True,True,22.583623587876286,0.2899717600084841,,0
P2_S2_P_seed1010,S2,P,"plant@(12.000,2.000)",1,r1.20_a180,180,1.2,10.8,2.0,False,True,False,,0.29038559601758607,path_infeasible_under_safety_checks,0
P2_S2_P_seed1010,S2,P,"plant@(12.000,2.000)",1,r1.20_a150,150,1.2,10.960769515458674,2.5999999999999996,False,True,False,,0.27053369299392216,path_infeasible_under_safety_checks,0
P2_S2_P_seed1010,S2,P,"plant@(12.000,2.000)",1,r1.00_a180,180,1.0,11.0,2.0,False,True,False,,0.38355877698631957,path_infeasible_under_safety_checks,0
P2_S2_P_seed1010,S2,P,"plant@(12.000,2.000)",1,r1.00_a150,150,1.0,11.13397459621556,2.5,False,True,False,,0.32302103997790255,path_infeasible_under_safety_checks,0
P2_S2_P_seed1010,S2,P,"plant@(12.000,2.000)",1,r1.20_a210,210,1.2,10.960769515458674,1.4,False,True,False,,0.2772620710020419,path_infeasible_under_safety_checks,0
P2_S2_P_seed1010,S2,P,"plant@(12.000,2.000)",1,r0.80_a180,180,0.8,11.2,2.0,False,True,False,,0.2852884410240222,path_infeasible_under_safety_checks,0
P2_S2_P_seed1010,S2,P,"plant@(12.000,2.000)",1,r1.00_a210,210,1.0,11.13397459621556,1.5,False,True,False,,0.2980355939944275,path_infeasible_under_safety_checks,0
P2_S2_P_seed1010,S2,P,"plant@(12.000,2.000)",1,r0.80_a150,150,0.8,11.30717967697245,2.4,False,True,False,,0.285082054004306,path_infeasible_under_safety_checks,0
P2_S2_P_seed1010,S2,P,"plant@(12.000,2.000)",1,r1.20_a120,120,1.2,11.4,3.0392304845413265,False,True,False,,0.2798271789797582,path_infeasible_under_safety_checks,0
P2_S2_P_seed1010,S2,P,"plant@(12.000,2.000)",1,r0.80_a210,210,0.8,11.30717967697245,1.5999999999999999,False,True,False,,0.29139910099911503,path_infeasible_under_safety_checks,0
P2_S2_P_seed1010,S2,P,"plant@(12.000,2.000)",1,r1.00_a120,120,1.0,11.5,2.866025403784439,False,True,False,,0.28340430799289607,path_infeasible_under_safety_checks,0
P2_S2_P_seed1010,S2,P,"plant@(12.000,2.000)",1,r0.80_a120,120,0.8,11.6,2.692820323027551,False,True,False,,0.2814750649849884,path_infeasible_under_safety_checks,0
P2_S2_P_seed1010,S2,P,"plant@(12.000,2.000)",1,r1.00_a240,240,1.0,11.5,1.1339745962155616,False,True,False,,0.28285341602168046,path_infeasible_under_safety_checks,0
P2_S2_P_seed1010,S2,P,"plant@(12.000,2.000)",1,r0.80_a240,240,0.8,11.6,1.3071796769724493,False,True,False,,0.2978737829835154,path_infeasible_under_safety_checks,0
P2_S2_P_seed1010,S2,P,"plant@(12.000,2.000)",1,r1.00_a090,90,1.0,12.0,3.0,False,True,False,,0.26703839999390766,path_infeasible_under_safety_checks,0
P2_S2_P_seed1010,S2,P,"plant@(12.000,2.000)",1,r0.80_a090,90,0.8,12.0,2.8,False,True,False,,0.2750562409928534,path_infeasible_under_safety_checks,0
P2_S2_P_seed1010,S2,P,"plant@(12.000,2.000)",1,r0.80_a270,270,0.8,12.0,1.2,False,True,False,,0.36595770000712946,path_infeasible_under_safety_checks,0
P2_S2_P_seed1010,S2,P,"plant@(12.000,2.000)",1,r1.00_a270,270,1.0,12.0,1.0,False,True,False,,0.29671848998987116,path_infeasible_under_safety_checks,0
P2_S3_B2_seed1001,S3,B2,"plant@(2.000,3.000)",1,single_r1.00_a180,180,1.0,1.0,3.0,True,True,True,3.169875174869212,0.20340214198222384,,1
P2_S3_B2_seed1001,S3,B2,"plant@(-6.000,4.500)",1,single_r1.00_a180,180,1.0,-7.0,4.5,True,True,False,,0.0887009869911708,nav2_planner_no_path,0
P2_S3_B2_seed1001,S3,B2,"plant@(12.000,2.000)",1,single_r1.00_a180,180,1.0,11.0,2.0,False,True,False,,0.1085514530132059,nav2_planner_no_path,0
P2_S3_B2_seed1002,S3,B2,"plant@(2.000,3.000)",1,single_r1.00_a180,180,1.0,1.0,3.0,True,True,True,3.169875174869212,0.20587703998899087,,1
P2_S3_B2_seed1002,S3,B2,"plant@(-6.000,4.500)",1,single_r1.00_a180,180,1.0,-7.0,4.5,True,True,False,,0.09480732001247816,nav2_planner_no_path,0
P2_S3_B2_seed1002,S3,B2,"plant@(12.000,2.000)",1,single_r1.00_a180,180,1.0,11.0,2.0,False,True,False,,0.11048877498251386,nav2_planner_no_path,0
P2_S3_B2_seed1003,S3,B2,"plant@(2.000,3.000)",1,single_r1.00_a180,180,1.0,1.0,3.0,True,True,True,3.169875174869212,0.2199589840020053,,1
P2_S3_B2_seed1003,S3,B2,"plant@(-6.000,4.500)",1,single_r1.00_a180,180,1.0,-7.0,4.5,True,True,False,,0.08449903700966388,nav2_planner_no_path,0
P2_S3_B2_seed1003,S3,B2,"plant@(12.000,2.000)",1,single_r1.00_a180,180,1.0,11.0,2.0,False,True,False,,0.189438479981618,nav2_planner_no_path,0
P2_S3_B2_seed1004,S3,B2,"plant@(2.000,3.000)",1,single_r1.00_a180,180,1.0,1.0,3.0,True,True,True,3.169875174869212,0.21128343700547703,,1
P2_S3_B2_seed1004,S3,B2,"plant@(-6.000,4.500)",1,single_r1.00_a180,180,1.0,-7.0,4.5,True,True,False,,0.09020683699054644,nav2_planner_no_path,0
P2_S3_B2_seed1004,S3,B2,"plant@(12.000,2.000)",1,single_r1.00_a180,180,1.0,11.0,2.0,False,True,False,,0.19262207401334308,nav2_planner_no_path,0
P2_S3_B2_seed1005,S3,B2,"plant@(2.000,3.000)",1,single_r1.00_a180,180,1.0,1.0,3.0,True,True,True,3.169875174869212,0.2126830500201322,,1
P2_S3_B2_seed1005,S3,B2,"plant@(-6.000,4.500)",1,single_r1.00_a180,180,1.0,-7.0,4.5,True,True,False,,0.0882742399990093,nav2_planner_no_path,0
P2_S3_B2_seed1005,S3,B2,"plant@(12.000,2.000)",1,single_r1.00_a180,180,1.0,11.0,2.0,False,True,False,,0.11530661798315123,nav2_planner_no_path,0
P2_S3_B2_seed1006,S3,B2,"plant@(2.000,3.000)",1,single_r1.00_a180,180,1.0,1.0,3.0,True,True,True,3.169875174869212,0.21396360601647757,,1
P2_S3_B2_seed1006,S3,B2,"plant@(-6.000,4.500)",1,single_r1.00_a180,180,1.0,-7.0,4.5,True,True,False,,0.09165598900290206,nav2_planner_no_path,0
P2_S3_B2_seed1006,S3,B2,"plant@(12.000,2.000)",1,single_r1.00_a180,180,1.0,11.0,2.0,False,True,False,,0.18194793901056983,nav2_planner_no_path,0
P2_S3_B2_seed1007,S3,B2,"plant@(2.000,3.000)",1,single_r1.00_a180,180,1.0,1.0,3.0,True,True,True,3.169875174869212,0.2242833240015898,,1
P2_S3_B2_seed1007,S3,B2,"plant@(-6.000,4.500)",1,single_r1.00_a180,180,1.0,-7.0,4.5,True,True,False,,0.10215521301142871,nav2_planner_no_path,0
P2_S3_B2_seed1007,S3,B2,"plant@(12.000,2.000)",1,single_r1.00_a180,180,1.0,11.0,2.0,False,True,False,,0.11069344301358797,nav2_planner_no_path,0
P2_S3_B2_seed1008,S3,B2,"plant@(2.000,3.000)",1,single_r1.00_a180,180,1.0,1.0,3.0,True,True,True,3.169875174869212,0.2111029860097915,,1
P2_S3_B2_seed1008,S3,B2,"plant@(-6.000,4.500)",1,single_r1.00_a180,180,1.0,-7.0,4.5,True,True,False,,0.08183146599913016,nav2_planner_no_path,0
P2_S3_B2_seed1008,S3,B2,"plant@(12.000,2.000)",1,single_r1.00_a180,180,1.0,11.0,2.0,False,True,False,,0.11181651600054465,nav2_planner_no_path,0
P2_S3_B2_seed1009,S3,B2,"plant@(2.000,3.000)",1,single_r1.00_a180,180,1.0,1.0,3.0,True,True,True,3.169875174869212,0.21202407201053575,,1
P2_S3_B2_seed1009,S3,B2,"plant@(-6.000,4.500)",1,single_r1.00_a180,180,1.0,-7.0,4.5,True,True,False,,0.12088646899792366,nav2_planner_no_path,0
P2_S3_B2_seed1009,S3,B2,"plant@(12.000,2.000)",1,single_r1.00_a180,180,1.0,11.0,2.0,False,True,False,,0.1165650250040926,nav2_planner_no_path,0
P2_S3_B2_seed1010,S3,B2,"plant@(2.000,3.000)",1,single_r1.00_a180,180,1.0,1.0,3.0,True,True,True,3.169875174869212,0.2084312530059833,,1
P2_S3_B2_seed1010,S3,B2,"plant@(-6.000,4.500)",1,single_r1.00_a180,180,1.0,-7.0,4.5,True,True,False,,0.08979589398950338,nav2_planner_no_path,0
P2_S3_B2_seed1010,S3,B2,"plant@(12.000,2.000)",1,single_r1.00_a180,180,1.0,11.0,2.0,False,True,False,,0.10603021501447074,nav2_planner_no_path,0
P2_S3_B3_seed1001,S3,B3,"plant@(2.000,3.000)",1,r1.20_a240,240,1.2,1.3999999999999995,1.960769515458674,True,True,True,2.4021980321074725,0.17640359897632152,,1
P2_S3_B3_seed1001,S3,B3,"plant@(2.000,3.000)",1,r1.20_a210,210,1.2,0.9607695154586737,2.4,True,True,True,2.5982584977119902,0.18914417398627847,,0
P2_S3_B3_seed1001,S3,B3,"plant@(2.000,3.000)",1,r1.00_a240,240,1.0,1.4999999999999996,2.1339745962155616,True,True,True,2.602031634036085,0.17851107797469012,,0
P2_S3_B3_seed1001,S3,B3,"plant@(2.000,3.000)",1,r1.20_a270,270,1.2,1.9999999999999998,1.8,True,True,True,2.6786582306225384,0.17965446101152338,,0
P2_S3_B3_seed1001,S3,B3,"plant@(2.000,3.000)",1,r1.00_a210,210,1.0,1.1339745962155614,2.5,True,True,True,2.74531223429477,0.1730924769944977,,0
P2_S3_B3_seed1001,S3,B3,"plant@(2.000,3.000)",1,r0.80_a240,240,0.8,1.5999999999999996,2.3071796769724493,True,True,True,2.803764317979718,0.18104940402554348,,0
P2_S3_B3_seed1001,S3,B3,"plant@(2.000,3.000)",1,r1.00_a270,270,1.0,1.9999999999999998,2.0,True,True,True,2.816025931651265,0.18695332799688913,,0
P2_S3_B3_seed1001,S3,B3,"plant@(2.000,3.000)",1,r0.80_a210,210,0.8,1.307179676972449,2.5999999999999996,True,True,True,2.9198346466490075,0.1956239760038443,,0
P2_S3_B3_seed1001,S3,B3,"plant@(2.000,3.000)",1,r0.80_a270,270,0.8,1.9999999999999998,2.2,True,True,True,2.96247563771313,0.19198587999562733,,0
P2_S3_B3_seed1001,S3,B3,"plant@(2.000,3.000)",1,r1.20_a180,180,1.2,0.8,3.0,True,True,True,3.1847430226150277,0.20388782699592412,,0
P2_S3_B3_seed1001,S3,B3,"plant@(2.000,3.000)",1,r1.00_a180,180,1.0,1.0,3.0,True,True,True,3.169875174869212,0.20264315701206215,,0
P2_S3_B3_seed1001,S3,B3,"plant@(2.000,3.000)",1,r0.80_a180,180,0.8,1.2,3.0,True,True,True,3.2416304739555724,0.2150048410112504,,0
P2_S3_B3_seed1001,S3,B3,"plant@(2.000,3.000)",1,r1.20_a300,300,1.2,2.6,1.9607695154586737,True,True,True,3.2493641108315225,0.21439526599715464,,0
P2_S3_B3_seed1001,S3,B3,"plant@(2.000,3.000)",1,r1.00_a300,300,1.0,2.5,2.1339745962155616,True,True,True,3.2803082874835803,0.2262061089859344,,0
P2_S3_B3_seed1001,S3,B3,"plant@(2.000,3.000)",1,r0.80_a300,300,0.8,2.4000000000000004,2.3071796769724493,True,True,True,3.3238474265494395,0.22793405200354755,,0
P2_S3_B3_seed1001,S3,B3,"plant@(2.000,3.000)",1,r0.80_a150,150,0.8,1.3071796769724489,3.4,True,True,True,3.697423411089156,0.3237019570078701,,0
P2_S3_B3_seed1001,S3,B3,"plant@(2.000,3.000)",1,r1.00_a150,150,1.0,1.1339745962155612,3.5,True,True,True,3.688042177210573,0.27941278100479394,,0
P2_S3_B3_seed1001,S3,B3,"plant@(2.000,3.000)",1,r1.20_a150,150,1.2,0.9607695154586735,3.5999999999999996,True,True,True,3.7664397493190878,0.24949335600831546,,0
P2_S3_B3_seed1001,S3,B3,"plant@(2.000,3.000)",1,r0.80_a330,330,0.8,2.6928203230275507,2.5999999999999996,True,True,True,3.7670170039224296,0.2541379919857718,,0
P2_S3_B3_seed1001,S3,B3,"plant@(2.000,3.000)",1,r1.00_a330,330,1.0,2.8660254037844384,2.4999999999999996,True,True,True,3.8177101866375125,0.24641530599910766,,0
P2_S3_B3_seed1001,S3,B3,"plant@(2.000,3.000)",1,r1.20_a330,330,1.2,3.039230484541326,2.3999999999999995,True,True,True,3.862814351084195,0.26367997599299997,,0
P2_S3_B3_seed1001,S3,B3,"plant@(2.000,3.000)",1,r0.80_a000,0,0.8,2.8,3.0,True,True,True,4.198710423429075,0.2645645099983085,,0
P2_S3_B3_seed1001,S3,B3,"plant@(2.000,3.000)",1,r1.00_a120,120,1.0,1.5000000000000002,3.866025403784439,True,True,True,4.349087003878647,0.2893496710166801,,0
P2_S3_B3_seed1001,S3,B3,"plant@(2.000,3.000)",1,r1.00_a000,0,1.0,3.0,3.0,True,True,True,4.262439227569819,0.28282882599160075,,0
P2_S3_B3_seed1001,S3,B3,"plant@(2.000,3.000)",1,r1.20_a120,120,1.2,1.4000000000000004,4.039230484541326,True,True,True,4.307100999716338,0.2778684030054137,,0
P2_S3_B3_seed1001,S3,B3,"plant@(2.000,3.000)",1,r0.80_a030,30,0.8,2.692820323027551,3.4,True,True,True,4.6843439254528665,0.30001693399390206,,0
P2_S3_B3_seed1001,S3,B3,"plant@(2.000,3.000)",1,r1.20_a000,0,1.2,3.2,3.0,True,True,True,4.391661197065614,0.28921608900418505,,0
P2_S3_B3_seed1001,S3,B3,"plant@(2.000,3.000)",1,r1.00_a090,90,1.0,2.0,4.0,True,True,True,4.93275588851247,0.32056586400722153,,0
P2_S3_B3_seed1001,S3,B3,"plant@(2.000,3.000)",1,r1.00_a030,30,1.0,2.866025403784439,3.5,True,True,True,4.733839035284139,0.30813969299197197,,0
P2_S3_B3_seed1001,S3,B3,"plant@(2.000,3.000)",1,r1.00_a060,60,1.0,2.5,3.8660254037844384,True,True,True,5.290531886297779,0.4404477450007107,,0
P2_S3_B3_seed1001,S3,B3,"plant@(2.000,3.000)",1,r1.20_a090,90,1.2,2.0,4.2,True,True,True,4.937109901060667,0.3346074419969227,,0
P2_S3_B3_seed1001,S3,B3,"plant@(2.000,3.000)",1,r1.20_a030,30,1.2,3.0392304845413265,3.5999999999999996,True,True,True,4.865006267629385,0.32470904299407266,,0
P2_S3_B3_seed1001,S3,B3,"plant@(-6.000,4.500)",1,r1.20_a330,330,1.2,-4.960769515458674,3.8999999999999995,True,True,True,7.791318019268132,0.2654183479899075,,0
P2_S3_B3_seed1001,S3,B3,"plant@(-6.000,4.500)",1,r1.20_a000,0,1.2,-4.8,4.5,True,True,True,7.592004018360777,0.26766057100030594,,1
P2_S3_B3_seed1001,S3,B3,"plant@(-6.000,4.500)",1,r1.00_a330,330,1.0,-5.133974596215562,3.9999999999999996,True,True,True,7.922451298013273,0.2727334480150603,,0
P2_S3_B3_seed1001,S3,B3,"plant@(-6.000,4.500)",1,r1.00_a000,0,1.0,-5.0,4.5,True,True,True,7.705130894592871,0.29129402100807056,,0
P2_S3_B3_seed1001,S3,B3,"plant@(-6.000,4.500)",1,r1.20_a300,300,1.2,-5.4,3.460769515458674,True,True,False,,0.25830462301382795,path_infeasible_under_safety_checks,0
P2_S3_B3_seed1001,S3,B3,"plant@(-6.000,4.500)",1,r0.80_a330,330,0.8,-5.307179676972449,4.1,True,True,True,8.031974997784543,0.2890267689945176,,0
P2_S3_B3_seed1001,S3,B3,"plant@(-6.000,4.500)",1,r0.80_a000,0,0.8,-5.2,4.5,True,True,True,7.899903364513001,0.2784529729979113,,0
P2_S3_B3_seed1001,S3,B3,"plant@(-6.000,4.500)",1,r1.20_a030,30,1.2,-4.960769515458674,5.1,True,True,True,7.720120417866004,0.27465583800221793,,0
P2_S3_B3_seed1001,S3,B3,"plant@(-6.000,4.500)",1,r1.00_a030,30,1.0,-5.133974596215562,5.0,True,True,True,8.138973600238801,0.2960415579727851,,0
P2_S3_B3_seed1001,S3,B3,"plant@(-6.000,4.500)",1,r0.80_a030,30,0.8,-5.307179676972449,4.9,True,True,True,8.030881616638638,0.34299731301143765,,0
P2_S3_B3_seed1001,S3,B3,"plant@(-6.000,4.500)",1,r1.20_a060,60,1.2,-5.4,5.539230484541326,True,True,False,,0.2882395299966447,path_infeasible_under_safety_checks,0
P2_S3_B3_seed1001,S3,B3,"plant@(-6.000,4.500)",1,r1.20_a240,240,1.2,-6.6000000000000005,3.460769515458674,True,True,False,,0.17785545397782698,path_infeasible_under_safety_checks,0
P2_S3_B3_seed1001,S3,B3,"plant@(-6.000,4.500)",1,r0.80_a210,210,0.8,-6.692820323027551,4.1,True,True,True,11.469268701222969,0.28683571598958224,,0
P2_S3_B3_seed1001,S3,B3,"plant@(-6.000,4.500)",1,r1.00_a210,210,1.0,-6.866025403784438,4.0,True,True,False,,0.18139989901101217,path_infeasible_under_safety_checks,0
P2_S3_B3_seed1001,S3,B3,"plant@(-6.000,4.500)",1,r0.80_a180,180,0.8,-6.8,4.5,True,True,True,11.045268313355834,0.27051174599910155,,0
P2_S3_B3_seed1001,S3,B3,"plant@(-6.000,4.500)",1,r1.00_a120,120,1.0,-6.5,5.366025403784438,True,True,False,,0.25204190899967216,path_infeasible_under_safety_checks,0
P2_S3_B3_seed1001,S3,B3,"plant@(-6.000,4.500)",1,r0.80_a150,150,0.8,-6.692820323027551,4.9,True,True,True,10.891309171877168,0.2667207359918393,,0
P2_S3_B3_seed1001,S3,B3,"plant@(-6.000,4.500)",1,r1.20_a210,210,1.2,-7.039230484541326,3.9,True,True,False,,0.17807964701205492,path_infeasible_under_safety_checks,0
P2_S3_B3_seed1001,S3,B3,"plant@(-6.000,4.500)",1,r1.20_a120,120,1.2,-6.6,5.539230484541326,True,True,True,9.958275131913988,0.24957447801716626,,0
P2_S3_B3_seed1001,S3,B3,"plant@(-6.000,4.500)",1,r1.00_a180,180,1.0,-7.0,4.5,True,True,True,11.095473163869553,0.28503527797874995,,0
P2_S3_B3_seed1001,S3,B3,"plant@(-6.000,4.500)",1,r1.00_a150,150,1.0,-6.866025403784438,5.0,True,True,True,10.541131584929841,0.264251949993195,,0
P2_S3_B3_seed1001,S3,B3,"plant@(-6.000,4.500)",1,r1.20_a180,180,1.2,-7.2,4.5,True,True,True,11.158284081011002,0.27919442497659475,,0
P2_S3_B3_seed1001,S3,B3,"plant@(-6.000,4.500)",1,r1.20_a150,150,1.2,-7.039230484541326,5.1,True,True,True,10.53322450001952,0.2698766939865891,,0
P2_S3_B3_seed1001,S3,B3,"plant@(-6.000,4.500)",1,r1.00_a300,300,1.0,-5.5,3.6339745962155616,False,True,False,,0.29385398601880297,path_infeasible_under_safety_checks,0
P2_S3_B3_seed1001,S3,B3,"plant@(-6.000,4.500)",1,r0.80_a300,300,0.8,-5.6,3.8071796769724493,False,True,False,,0.30354845500551164,path_infeasible_under_safety_checks,0
P2_S3_B3_seed1001,S3,B3,"plant@(-6.000,4.500)",1,r1.20_a270,270,1.2,-6.0,3.3,False,True,False,,0.25568319601006806,path_infeasible_under_safety_checks,0
P2_S3_B3_seed1001,S3,B3,"plant@(-6.000,4.500)",1,r1.00_a270,270,1.0,-6.0,3.5,False,True,False,,0.2836889440077357,path_infeasible_under_safety_checks,0
P2_S3_B3_seed1001,S3,B3,"plant@(-6.000,4.500)",1,r0.80_a270,270,0.8,-6.0,3.7,False,True,False,,0.31631843000650406,path_infeasible_under_safety_checks,0
P2_S3_B3_seed1001,S3,B3,"plant@(-6.000,4.500)",1,r1.00_a060,60,1.0,-5.5,5.366025403784438,False,True,False,,0.29688626498682424,path_infeasible_under_safety_checks,0
P2_S3_B3_seed1001,S3,B3,"plant@(-6.000,4.500)",1,r0.80_a060,60,0.8,-5.6,5.192820323027551,False,True,False,,0.2905439789756201,path_infeasible_under_safety_checks,0
P2_S3_B3_seed1001,S3,B3,"plant@(-6.000,4.500)",1,r0.80_a240,240,0.8,-6.4,3.8071796769724493,False,True,False,,0.22506772901397198,path_infeasible_under_safety_checks,0
P2_S3_B3_seed1001,S3,B3,"plant@(-6.000,4.500)",1,r1.00_a240,240,1.0,-6.5,3.6339745962155616,False,True,False,,0.19776469300268218,path_infeasible_under_safety_checks,0
P2_S3_B3_seed1001,S3,B3,"plant@(12.000,2.000)",1,r1.20_a240,240,1.2,11.399999999999999,0.960769515458674,True,True,False,,0.20838298700982705,path_infeasible_under_safety_checks,0
P2_S3_B3_seed1001,S3,B3,"plant@(12.000,2.000)",1,r1.20_a090,90,1.2,12.0,3.2,True,True,False,,0.10641353999380954,path_infeasible_under_safety_checks,0
P2_S3_B3_seed1001,S3,B3,"plant@(12.000,2.000)",1,r0.80_a060,60,0.8,12.4,2.6928203230275507,True,True,False,,0.10897553799441084,path_infeasible_under_safety_checks,0
P2_S3_B3_seed1001,S3,B3,"plant@(12.000,2.000)",1,r1.00_a060,60,1.0,12.5,2.8660254037844384,True,True,False,,0.10973644201294519,path_infeasible_under_safety_checks,0
P2_S3_B3_seed1001,S3,B3,"plant@(12.000,2.000)",1,r1.20_a060,60,1.2,12.6,3.039230484541326,True,True,False,,0.10776690999045968,path_infeasible_under_safety_checks,0
P2_S3_B3_seed1001,S3,B3,"plant@(12.000,2.000)",1,r0.80_a030,30,0.8,12.69282032302755,2.4,True,True,False,,0.11674752700491808,path_infeasible_under_safety_checks,0
P2_S3_B3_seed1001,S3,B3,"plant@(12.000,2.000)",1,r0.80_a330,330,0.8,12.69282032302755,1.5999999999999996,True,True,False,,0.10823753199656494,path_infeasible_under_safety_checks,0
P2_S3_B3_seed1001,S3,B3,"plant@(12.000,2.000)",1,r1.00_a030,30,1.0,12.86602540378444,2.5,True,True,False,,0.11826197701157071,path_infeasible_under_safety_checks,0
P2_S3_B3_seed1001,S3,B3,"plant@(12.000,2.000)",1,r0.80_a000,0,0.8,12.8,2.0,True,True,False,,0.11657693699817173,path_infeasible_under_safety_checks,0
P2_S3_B3_seed1001,S3,B3,"plant@(12.000,2.000)",1,r1.00_a330,330,1.0,12.866025403784437,1.4999999999999996,True,True,False,,0.11333271098555997,path_infeasible_under_safety_checks,0
P2_S3_B3_seed1001,S3,B3,"plant@(12.000,2.000)",1,r1.20_a030,30,1.2,13.039230484541326,2.5999999999999996,True,True,False,,0.1089785489893984,path_infeasible_under_safety_checks,0
P2_S3_B3_seed1001,S3,B3,"plant@(12.000,2.000)",1,r1.00_a000,0,1.0,13.0,2.0,True,True,False,,0.1209085629961919,path_infeasible_under_safety_checks,0
P2_S3_B3_seed1001,S3,B3,"plant@(12.000,2.000)",1,r1.20_a330,330,1.2,13.039230484541326,1.3999999999999995,True,True,False,,0.11745867400895804,path_infeasible_under_safety_checks,0
P2_S3_B3_seed1001,S3,B3,"plant@(12.000,2.000)",1,r1.20_a000,0,1.2,13.2,2.0,True,True,False,,0.10560172598343343,path_infeasible_under_safety_checks,0
P2_S3_B3_seed1001,S3,B3,"plant@(12.000,2.000)",1,r1.20_a180,180,1.2,10.8,2.0,False,True,False,,0.21592022699769586,path_infeasible_under_safety_checks,0
P2_S3_B3_seed1001,S3,B3,"plant@(12.000,2.000)",1,r1.20_a150,150,1.2,10.960769515458674,2.5999999999999996,False,True,False,,0.11460869701113552,path_infeasible_under_safety_checks,0
P2_S3_B3_seed1001,S3,B3,"plant@(12.000,2.000)",1,r1.00_a180,180,1.0,11.0,2.0,False,True,False,,0.23025823800708167,path_infeasible_under_safety_checks,0
P2_S3_B3_seed1001,S3,B3,"plant@(12.000,2.000)",1,r1.00_a150,150,1.0,11.13397459621556,2.5,False,True,False,,0.22519523202208802,path_infeasible_under_safety_checks,0
P2_S3_B3_seed1001,S3,B3,"plant@(12.000,2.000)",1,r1.20_a210,210,1.2,10.960769515458674,1.4,False,True,False,,0.21870963400579058,path_infeasible_under_safety_checks,0
P2_S3_B3_seed1001,S3,B3,"plant@(12.000,2.000)",1,r0.80_a180,180,0.8,11.2,2.0,False,True,False,,0.21950028801802546,path_infeasible_under_safety_checks,0
P2_S3_B3_seed1001,S3,B3,"plant@(12.000,2.000)",1,r1.00_a210,210,1.0,11.13397459621556,1.5,False,True,False,,0.23730702098691836,path_infeasible_under_safety_checks,0
P2_S3_B3_seed1001,S3,B3,"plant@(12.000,2.000)",1,r0.80_a150,150,0.8,11.30717967697245,2.4,False,True,False,,0.2305514810141176,path_infeasible_under_safety_checks,0
P2_S3_B3_seed1001,S3,B3,"plant@(12.000,2.000)",1,r1.20_a120,120,1.2,11.4,3.0392304845413265,False,True,False,,0.3066976120171603,path_infeasible_under_safety_checks,0
P2_S3_B3_seed1001,S3,B3,"plant@(12.000,2.000)",1,r0.80_a210,210,0.8,11.30717967697245,1.5999999999999999,False,True,False,,0.24138264698558487,path_infeasible_under_safety_checks,0
P2_S3_B3_seed1001,S3,B3,"plant@(12.000,2.000)",1,r1.00_a120,120,1.0,11.5,2.866025403784439,False,True,False,,0.29184775601606816,path_infeasible_under_safety_checks,0
P2_S3_B3_seed1001,S3,B3,"plant@(12.000,2.000)",1,r0.80_a120,120,0.8,11.6,2.692820323027551,False,True,False,,0.13712758000474423,path_infeasible_under_safety_checks,0
P2_S3_B3_seed1001,S3,B3,"plant@(12.000,2.000)",1,r1.00_a240,240,1.0,11.5,1.1339745962155616,False,True,False,,0.21682816199609078,path_infeasible_under_safety_checks,0
P2_S3_B3_seed1001,S3,B3,"plant@(12.000,2.000)",1,r0.80_a240,240,0.8,11.6,1.3071796769724493,False,True,False,,0.22621109502506442,path_infeasible_under_safety_checks,0
P2_S3_B3_seed1001,S3,B3,"plant@(12.000,2.000)",1,r1.00_a090,90,1.0,12.0,3.0,False,True,False,,0.11277574297855608,path_infeasible_under_safety_checks,0
P2_S3_B3_seed1001,S3,B3,"plant@(12.000,2.000)",1,r0.80_a090,90,0.8,12.0,2.8,False,True,False,,0.11067419301252812,path_infeasible_under_safety_checks,0
P2_S3_B3_seed1001,S3,B3,"plant@(12.000,2.000)",1,r0.80_a270,270,0.8,12.0,1.2,False,True,False,,0.2309220969909802,path_infeasible_under_safety_checks,0
P2_S3_B3_seed1001,S3,B3,"plant@(12.000,2.000)",1,r1.00_a270,270,1.0,12.0,1.0,False,True,False,,0.22649974300293252,path_infeasible_under_safety_checks,0
P2_S3_B3_seed1002,S3,B3,"plant@(2.000,3.000)",1,r1.20_a240,240,1.2,1.3999999999999995,1.960769515458674,True,True,True,2.4021980321074725,0.15479037698241882,,1
P2_S3_B3_seed1002,S3,B3,"plant@(2.000,3.000)",1,r1.20_a210,210,1.2,0.9607695154586737,2.4,True,True,True,2.5982584977119902,0.17523789301048964,,0
P2_S3_B3_seed1002,S3,B3,"plant@(2.000,3.000)",1,r1.00_a240,240,1.0,1.4999999999999996,2.1339745962155616,True,True,True,2.602031634036085,0.17214936300297268,,0
P2_S3_B3_seed1002,S3,B3,"plant@(2.000,3.000)",1,r1.20_a270,270,1.2,1.9999999999999998,1.8,True,True,True,2.6786582306225384,0.1725645110127516,,0
P2_S3_B3_seed1002,S3,B3,"plant@(2.000,3.000)",1,r1.00_a210,210,1.0,1.1339745962155614,2.5,True,True,True,2.74531223429477,0.1800419400096871,,0
P2_S3_B3_seed1002,S3,B3,"plant@(2.000,3.000)",1,r0.80_a240,240,0.8,1.5999999999999996,2.3071796769724493,True,True,True,2.803764317979718,0.18448175399680622,,0
P2_S3_B3_seed1002,S3,B3,"plant@(2.000,3.000)",1,r1.00_a270,270,1.0,1.9999999999999998,2.0,True,True,True,2.816025931651265,0.1792123980121687,,0
P2_S3_B3_seed1002,S3,B3,"plant@(2.000,3.000)",1,r0.80_a210,210,0.8,1.307179676972449,2.5999999999999996,True,True,True,2.9198346466490075,0.1915844370087143,,0
P2_S3_B3_seed1002,S3,B3,"plant@(2.000,3.000)",1,r0.80_a270,270,0.8,1.9999999999999998,2.2,True,True,True,2.96247563771313,0.1937511730066035,,0
P2_S3_B3_seed1002,S3,B3,"plant@(2.000,3.000)",1,r1.20_a180,180,1.2,0.8,3.0,True,True,True,3.1847430226150277,0.2083261319785379,,0
P2_S3_B3_seed1002,S3,B3,"plant@(2.000,3.000)",1,r1.00_a180,180,1.0,1.0,3.0,True,True,True,3.169875174869212,0.21287423200556077,,0
P2_S3_B3_seed1002,S3,B3,"plant@(2.000,3.000)",1,r0.80_a180,180,0.8,1.2,3.0,True,True,True,3.2416304739555724,0.21580843697302043,,0
P2_S3_B3_seed1002,S3,B3,"plant@(2.000,3.000)",1,r1.20_a300,300,1.2,2.6,1.9607695154586737,True,True,True,3.2493641108315225,0.20962132699787617,,0
P2_S3_B3_seed1002,S3,B3,"plant@(2.000,3.000)",1,r1.00_a300,300,1.0,2.5,2.1339745962155616,True,True,True,3.2803082874835803,0.21657731701270677,,0
P2_S3_B3_seed1002,S3,B3,"plant@(2.000,3.000)",1,r0.80_a300,300,0.8,2.4000000000000004,2.3071796769724493,True,True,True,3.3238474265494395,0.2233035800163634,,0
P2_S3_B3_seed1002,S3,B3,"plant@(2.000,3.000)",1,r0.80_a150,150,0.8,1.3071796769724489,3.4,True,True,True,3.697423411089156,0.2461117839848157,,0
P2_S3_B3_seed1002,S3,B3,"plant@(2.000,3.000)",1,r1.00_a150,150,1.0,1.1339745962155612,3.5,True,True,True,3.688042177210573,0.24149248501635157,,0
P2_S3_B3_seed1002,S3,B3,"plant@(2.000,3.000)",1,r1.20_a150,150,1.2,0.9607695154586735,3.5999999999999996,True,True,True,3.7664397493190878,0.29089372197631747,,0
P2_S3_B3_seed1002,S3,B3,"plant@(2.000,3.000)",1,r0.80_a330,330,0.8,2.6928203230275507,2.5999999999999996,True,True,True,3.7670170039224296,0.2573854429938365,,0
P2_S3_B3_seed1002,S3,B3,"plant@(2.000,3.000)",1,r1.00_a330,330,1.0,2.8660254037844384,2.4999999999999996,True,True,True,3.8177101866375125,0.25612201399053447,,0
P2_S3_B3_seed1002,S3,B3,"plant@(2.000,3.000)",1,r1.20_a330,330,1.2,3.039230484541326,2.3999999999999995,True,True,True,3.862814351084195,0.24830757599556819,,0
P2_S3_B3_seed1002,S3,B3,"plant@(2.000,3.000)",1,r0.80_a000,0,0.8,2.8,3.0,True,True,True,4.198710423429075,0.2719483679975383,,0
P2_S3_B3_seed1002,S3,B3,"plant@(2.000,3.000)",1,r1.00_a120,120,1.0,1.5000000000000002,3.866025403784439,True,True,True,4.349087003878647,0.28401240301900543,,0
P2_S3_B3_seed1002,S3,B3,"plant@(2.000,3.000)",1,r1.00_a000,0,1.0,3.0,3.0,True,True,True,4.262439227569819,0.27895484399050474,,0
P2_S3_B3_seed1002,S3,B3,"plant@(2.000,3.000)",1,r1.20_a120,120,1.2,1.4000000000000004,4.039230484541326,True,True,True,4.307100999716338,0.2772264119994361,,0
P2_S3_B3_seed1002,S3,B3,"plant@(2.000,3.000)",1,r0.80_a030,30,0.8,2.692820323027551,3.4,True,True,True,4.6843439254528665,0.31287995498860255,,0
P2_S3_B3_seed1002,S3,B3,"plant@(2.000,3.000)",1,r1.20_a000,0,1.2,3.2,3.0,True,True,True,4.391661197065614,0.29212243598885834,,0
P2_S3_B3_seed1002,S3,B3,"plant@(2.000,3.000)",1,r1.00_a090,90,1.0,2.0,4.0,True,True,True,4.93275588851247,0.3191075499926228,,0
P2_S3_B3_seed1002,S3,B3,"plant@(2.000,3.000)",1,r1.00_a030,30,1.0,2.866025403784439,3.5,True,True,True,4.733839035284139,0.31147440799395554,,0
P2_S3_B3_seed1002,S3,B3,"plant@(2.000,3.000)",1,r1.00_a060,60,1.0,2.5,3.8660254037844384,True,True,True,5.290531886297779,0.3543584510043729,,0
P2_S3_B3_seed1002,S3,B3,"plant@(2.000,3.000)",1,r1.20_a090,90,1.2,2.0,4.2,True,True,True,4.937109901060667,0.32507391201215796,,0
P2_S3_B3_seed1002,S3,B3,"plant@(2.000,3.000)",1,r1.20_a030,30,1.2,3.0392304845413265,3.5999999999999996,True,True,True,4.865006267629385,0.3489651959971525,,0
P2_S3_B3_seed1002,S3,B3,"plant@(-6.000,4.500)",1,r1.20_a330,330,1.2,-4.960769515458674,3.8999999999999995,True,True,True,7.7786912897878375,0.2755701999994926,,0
P2_S3_B3_seed1002,S3,B3,"plant@(-6.000,4.500)",1,r1.20_a000,0,1.2,-4.8,4.5,True,True,True,7.499035933053501,0.26238313000067137,,1
P2_S3_B3_seed1002,S3,B3,"plant@(-6.000,4.500)",1,r1.00_a330,330,1.0,-5.133974596215562,3.9999999999999996,True,True,True,7.967371928005717,0.2653520629974082,,0
P2_S3_B3_seed1002,S3,B3,"plant@(-6.000,4.500)",1,r1.00_a000,0,1.0,-5.0,4.5,True,True,True,7.741200009825955,0.2667119480029214,,0
P2_S3_B3_seed1002,S3,B3,"plant@(-6.000,4.500)",1,r1.20_a300,300,1.2,-5.4,3.460769515458674,True,True,False,,0.2639597050147131,path_infeasible_under_safety_checks,0
P2_S3_B3_seed1002,S3,B3,"plant@(-6.000,4.500)",1,r0.80_a330,330,0.8,-5.307179676972449,4.1,True,True,True,8.02283584172472,0.278441725007724,,0
P2_S3_B3_seed1002,S3,B3,"plant@(-6.000,4.500)",1,r0.80_a000,0,0.8,-5.2,4.5,True,True,True,7.861927088163996,0.2792644040018786,,0
P2_S3_B3_seed1002,S3,B3,"plant@(-6.000,4.500)",1,r1.20_a030,30,1.2,-4.960769515458674,5.1,True,True,True,7.759571422100919,0.2692370949953329,,0
P2_S3_B3_seed1002,S3,B3,"plant@(-6.000,4.500)",1,r1.00_a030,30,1.0,-5.133974596215562,5.0,True,True,True,8.139981453404344,0.2572814179875422,,0
P2_S3_B3_seed1002,S3,B3,"plant@(-6.000,4.500)",1,r0.80_a030,30,0.8,-5.307179676972449,4.9,True,True,True,8.01229575904147,0.2834811499924399,,0
P2_S3_B3_seed1002,S3,B3,"plant@(-6.000,4.500)",1,r1.20_a060,60,1.2,-5.4,5.539230484541326,True,True,True,8.319400296132509,0.3170826749992557,,0
P2_S3_B3_seed1002,S3,B3,"plant@(-6.000,4.500)",1,r1.20_a240,240,1.2,-6.6000000000000005,3.460769515458674,True,True,False,,0.18060829400201328,path_infeasible_under_safety_checks,0
P2_S3_B3_seed1002,S3,B3,"plant@(-6.000,4.500)",1,r0.80_a210,210,0.8,-6.692820323027551,4.1,True,True,True,11.552453930606083,0.2838312720123213,,0
P2_S3_B3_seed1002,S3,B3,"plant@(-6.000,4.500)",1,r1.00_a210,210,1.0,-6.866025403784438,4.0,True,True,False,,0.17492345502250828,path_infeasible_under_safety_checks,0
P2_S3_B3_seed1002,S3,B3,"plant@(-6.000,4.500)",1,r0.80_a180,180,0.8,-6.8,4.5,True,True,True,11.102618502045415,0.27792832400882617,,0
P2_S3_B3_seed1002,S3,B3,"plant@(-6.000,4.500)",1,r1.00_a120,120,1.0,-6.5,5.366025403784438,True,True,False,,0.26657646300736815,path_infeasible_under_safety_checks,0
P2_S3_B3_seed1002,S3,B3,"plant@(-6.000,4.500)",1,r0.80_a150,150,0.8,-6.692820323027551,4.9,True,True,True,10.890294239830432,0.27162496600067243,,0
P2_S3_B3_seed1002,S3,B3,"plant@(-6.000,4.500)",1,r1.20_a210,210,1.2,-7.039230484541326,3.9,True,True,False,,0.17865133099257946,path_infeasible_under_safety_checks,0
P2_S3_B3_seed1002,S3,B3,"plant@(-6.000,4.500)",1,r1.20_a120,120,1.2,-6.6,5.539230484541326,True,True,True,10.062821719333614,0.2536595140118152,,0
P2_S3_B3_seed1002,S3,B3,"plant@(-6.000,4.500)",1,r1.00_a180,180,1.0,-7.0,4.5,True,True,True,11.126937983582863,0.28085931899840944,,0
P2_S3_B3_seed1002,S3,B3,"plant@(-6.000,4.500)",1,r1.00_a150,150,1.0,-6.866025403784438,5.0,True,True,True,10.7201005553924,0.26129663598840125,,0
P2_S3_B3_seed1002,S3,B3,"plant@(-6.000,4.500)",1,r1.20_a180,180,1.2,-7.2,4.5,True,True,True,11.157454019179196,0.27536670700646937,,0
P2_S3_B3_seed1002,S3,B3,"plant@(-6.000,4.500)",1,r1.20_a150,150,1.2,-7.039230484541326,5.1,True,True,True,10.547550618129515,0.2596340059826616,,0
P2_S3_B3_seed1002,S3,B3,"plant@(-6.000,4.500)",1,r1.00_a300,300,1.0,-5.5,3.6339745962155616,False,True,False,,0.265717884991318,path_infeasible_under_safety_checks,0
P2_S3_B3_seed1002,S3,B3,"plant@(-6.000,4.500)",1,r0.80_a300,300,0.8,-5.6,3.8071796769724493,False,True,False,,0.2999327279976569,path_infeasible_under_safety_checks,0
P2_S3_B3_seed1002,S3,B3,"plant@(-6.000,4.500)",1,r1.20_a270,270,1.2,-6.0,3.3,False,True,False,,0.26009207699098624,path_infeasible_under_safety_checks,0
P2_S3_B3_seed1002,S3,B3,"plant@(-6.000,4.500)",1,r1.00_a270,270,1.0,-6.0,3.5,False,True,False,,0.3130838950164616,path_infeasible_under_safety_checks,0
P2_S3_B3_seed1002,S3,B3,"plant@(-6.000,4.500)",1,r0.80_a270,270,0.8,-6.0,3.7,False,True,False,,0.3163965880230535,path_infeasible_under_safety_checks,0
P2_S3_B3_seed1002,S3,B3,"plant@(-6.000,4.500)",1,r1.00_a060,60,1.0,-5.5,5.366025403784438,False,True,False,,0.2864532039966434,path_infeasible_under_safety_checks,0
P2_S3_B3_seed1002,S3,B3,"plant@(-6.000,4.500)",1,r0.80_a060,60,0.8,-5.6,5.192820323027551,False,True,False,,0.34455442501348443,path_infeasible_under_safety_checks,0
P2_S3_B3_seed1002,S3,B3,"plant@(-6.000,4.500)",1,r0.80_a240,240,0.8,-6.4,3.8071796769724493,False,True,False,,0.2689404329867102,path_infeasible_under_safety_checks,0
P2_S3_B3_seed1002,S3,B3,"plant@(-6.000,4.500)",1,r1.00_a240,240,1.0,-6.5,3.6339745962155616,False,True,False,,0.23064677600632422,path_infeasible_under_safety_checks,0
P2_S3_B3_seed1002,S3,B3,"plant@(12.000,2.000)",1,r1.20_a240,240,1.2,11.399999999999999,0.960769515458674,True,True,True,21.5267224825696,0.26800099399406463,,1
P2_S3_B3_seed1002,S3,B3,"plant@(12.000,2.000)",1,r1.20_a090,90,1.2,12.0,3.2,True,True,False,,0.10576780699193478,path_infeasible_under_safety_checks,0
P2_S3_B3_seed1002,S3,B3,"plant@(12.000,2.000)",1,r0.80_a060,60,0.8,12.4,2.6928203230275507,True,True,False,,0.10350592801114544,path_infeasible_under_safety_checks,0
P2_S3_B3_seed1002,S3,B3,"plant@(12.000,2.000)",1,r1.00_a060,60,1.0,12.5,2.8660254037844384,True,True,False,,0.09735106298467144,path_infeasible_under_safety_checks,0
P2_S3_B3_seed1002,S3,B3,"plant@(12.000,2.000)",1,r1.20_a060,60,1.2,12.6,3.039230484541326,True,True,False,,0.09614128799876198,path_infeasible_under_safety_checks,0
P2_S3_B3_seed1002,S3,B3,"plant@(12.000,2.000)",1,r0.80_a030,30,0.8,12.69282032302755,2.4,True,True,False,,0.09891866697580554,path_infeasible_under_safety_checks,0
P2_S3_B3_seed1002,S3,B3,"plant@(12.000,2.000)",1,r0.80_a330,330,0.8,12.69282032302755,1.5999999999999996,True,True,False,,0.10899151099147275,path_infeasible_under_safety_checks,0
P2_S3_B3_seed1002,S3,B3,"plant@(12.000,2.000)",1,r1.00_a030,30,1.0,12.86602540378444,2.5,True,True,False,,0.10233932902337983,path_infeasible_under_safety_checks,0
P2_S3_B3_seed1002,S3,B3,"plant@(12.000,2.000)",1,r0.80_a000,0,0.8,12.8,2.0,True,True,False,,0.12570645599043928,path_infeasible_under_safety_checks,0
P2_S3_B3_seed1002,S3,B3,"plant@(12.000,2.000)",1,r1.00_a330,330,1.0,12.866025403784437,1.4999999999999996,True,True,False,,0.16024555699550547,path_infeasible_under_safety_checks,0
P2_S3_B3_seed1002,S3,B3,"plant@(12.000,2.000)",1,r1.20_a030,30,1.2,13.039230484541326,2.5999999999999996,True,True,False,,0.14754943799925968,path_infeasible_under_safety_checks,0
P2_S3_B3_seed1002,S3,B3,"plant@(12.000,2.000)",1,r1.00_a000,0,1.0,13.0,2.0,True,True,False,,0.09807594300946221,path_infeasible_under_safety_checks,0
P2_S3_B3_seed1002,S3,B3,"plant@(12.000,2.000)",1,r1.20_a330,330,1.2,13.039230484541326,1.3999999999999995,True,True,False,,0.10566427500452846,path_infeasible_under_safety_checks,0
P2_S3_B3_seed1002,S3,B3,"plant@(12.000,2.000)",1,r1.20_a000,0,1.2,13.2,2.0,True,True,False,,0.10290924599394202,path_infeasible_under_safety_checks,0
P2_S3_B3_seed1002,S3,B3,"plant@(12.000,2.000)",1,r1.20_a180,180,1.2,10.8,2.0,False,True,False,,0.3258181209967006,path_infeasible_under_safety_checks,0
P2_S3_B3_seed1002,S3,B3,"plant@(12.000,2.000)",1,r1.20_a150,150,1.2,10.960769515458674,2.5999999999999996,False,True,False,,0.16687241999898106,path_infeasible_under_safety_checks,0
P2_S3_B3_seed1002,S3,B3,"plant@(12.000,2.000)",1,r1.00_a180,180,1.0,11.0,2.0,False,True,False,,0.26447098900098354,path_infeasible_under_safety_checks,0
P2_S3_B3_seed1002,S3,B3,"plant@(12.000,2.000)",1,r1.00_a150,150,1.0,11.13397459621556,2.5,False,True,False,,0.22941906700725667,path_infeasible_under_safety_checks,0
P2_S3_B3_seed1002,S3,B3,"plant@(12.000,2.000)",1,r1.20_a210,210,1.2,10.960769515458674,1.4,False,True,False,,0.22516502998769283,path_infeasible_under_safety_checks,0
P2_S3_B3_seed1002,S3,B3,"plant@(12.000,2.000)",1,r0.80_a180,180,0.8,11.2,2.0,False,True,False,,0.23733302799519151,path_infeasible_under_safety_checks,0
P2_S3_B3_seed1002,S3,B3,"plant@(12.000,2.000)",1,r1.00_a210,210,1.0,11.13397459621556,1.5,False,True,False,,0.2541416849999223,path_infeasible_under_safety_checks,0
P2_S3_B3_seed1002,S3,B3,"plant@(12.000,2.000)",1,r0.80_a150,150,0.8,11.30717967697245,2.4,False,True,False,,0.2366121470113285,path_infeasible_under_safety_checks,0
P2_S3_B3_seed1002,S3,B3,"plant@(12.000,2.000)",1,r1.20_a120,120,1.2,11.4,3.0392304845413265,False,True,False,,0.13197184898308478,path_infeasible_under_safety_checks,0
P2_S3_B3_seed1002,S3,B3,"plant@(12.000,2.000)",1,r0.80_a210,210,0.8,11.30717967697245,1.5999999999999999,False,True,False,,0.25659990499843843,path_infeasible_under_safety_checks,0
P2_S3_B3_seed1002,S3,B3,"plant@(12.000,2.000)",1,r1.00_a120,120,1.0,11.5,2.866025403784439,False,True,False,,0.11664960801135749,path_infeasible_under_safety_checks,0
P2_S3_B3_seed1002,S3,B3,"plant@(12.000,2.000)",1,r0.80_a120,120,0.8,11.6,2.692820323027551,False,True,False,,0.12234465600340627,path_infeasible_under_safety_checks,0
P2_S3_B3_seed1002,S3,B3,"plant@(12.000,2.000)",1,r1.00_a240,240,1.0,11.5,1.1339745962155616,False,True,False,,0.28505681100068614,path_infeasible_under_safety_checks,0
P2_S3_B3_seed1002,S3,B3,"plant@(12.000,2.000)",1,r0.80_a240,240,0.8,11.6,1.3071796769724493,False,True,False,,0.24965758799226023,path_infeasible_under_safety_checks,0
P2_S3_B3_seed1002,S3,B3,"plant@(12.000,2.000)",1,r1.00_a090,90,1.0,12.0,3.0,False,True,False,,0.1045413299871143,path_infeasible_under_safety_checks,0
P2_S3_B3_seed1002,S3,B3,"plant@(12.000,2.000)",1,r0.80_a090,90,0.8,12.0,2.8,False,True,False,,0.11670973099535331,path_infeasible_under_safety_checks,0
P2_S3_B3_seed1002,S3,B3,"plant@(12.000,2.000)",1,r0.80_a270,270,0.8,12.0,1.2,False,True,False,,0.24769295399892144,path_infeasible_under_safety_checks,0
P2_S3_B3_seed1002,S3,B3,"plant@(12.000,2.000)",1,r1.00_a270,270,1.0,12.0,1.0,False,True,False,,0.2520521790138446,path_infeasible_under_safety_checks,0
P2_S3_B3_seed1003,S3,B3,"plant@(2.000,3.000)",1,r1.20_a240,240,1.2,1.3999999999999995,1.960769515458674,True,True,True,2.4021980321074725,0.1696784870000556,,1
P2_S3_B3_seed1003,S3,B3,"plant@(2.000,3.000)",1,r1.20_a210,210,1.2,0.9607695154586737,2.4,True,True,True,2.5982584977119902,0.1905552149983123,,0
P2_S3_B3_seed1003,S3,B3,"plant@(2.000,3.000)",1,r1.00_a240,240,1.0,1.4999999999999996,2.1339745962155616,True,True,True,2.602031634036085,0.17982356500579044,,0
P2_S3_B3_seed1003,S3,B3,"plant@(2.000,3.000)",1,r1.20_a270,270,1.2,1.9999999999999998,1.8,True,True,True,2.6786582306225384,0.17547315199044533,,0
P2_S3_B3_seed1003,S3,B3,"plant@(2.000,3.000)",1,r1.00_a210,210,1.0,1.1339745962155614,2.5,True,True,True,2.74531223429477,0.18282353598624468,,0
P2_S3_B3_seed1003,S3,B3,"plant@(2.000,3.000)",1,r0.80_a240,240,0.8,1.5999999999999996,2.3071796769724493,True,True,True,2.803764317979718,0.19072744800359942,,0
P2_S3_B3_seed1003,S3,B3,"plant@(2.000,3.000)",1,r1.00_a270,270,1.0,1.9999999999999998,2.0,True,True,True,2.816025931651265,0.19683538499521092,,0
P2_S3_B3_seed1003,S3,B3,"plant@(2.000,3.000)",1,r0.80_a210,210,0.8,1.307179676972449,2.5999999999999996,True,True,True,2.9198346466490075,0.1997427360038273,,0
P2_S3_B3_seed1003,S3,B3,"plant@(2.000,3.000)",1,r0.80_a270,270,0.8,1.9999999999999998,2.2,True,True,True,2.96247563771313,0.20640254800673574,,0
P2_S3_B3_seed1003,S3,B3,"plant@(2.000,3.000)",1,r1.20_a180,180,1.2,0.8,3.0,True,True,True,3.1847430226150277,0.21671682398300618,,0
P2_S3_B3_seed1003,S3,B3,"plant@(2.000,3.000)",1,r1.00_a180,180,1.0,1.0,3.0,True,True,True,3.169875174869212,0.21296145202359185,,0
P2_S3_B3_seed1003,S3,B3,"plant@(2.000,3.000)",1,r0.80_a180,180,0.8,1.2,3.0,True,True,True,3.2416304739555724,0.22522569898865186,,0
P2_S3_B3_seed1003,S3,B3,"plant@(2.000,3.000)",1,r1.20_a300,300,1.2,2.6,1.9607695154586737,True,True,True,3.2493641108315225,0.2189080409880262,,0
P2_S3_B3_seed1003,S3,B3,"plant@(2.000,3.000)",1,r1.00_a300,300,1.0,2.5,2.1339745962155616,True,True,True,3.2803082874835803,0.23174629200366326,,0
P2_S3_B3_seed1003,S3,B3,"plant@(2.000,3.000)",1,r0.80_a300,300,0.8,2.4000000000000004,2.3071796769724493,True,True,True,3.3238474265494395,0.23227151200990193,,0
P2_S3_B3_seed1003,S3,B3,"plant@(2.000,3.000)",1,r0.80_a150,150,0.8,1.3071796769724489,3.4,True,True,True,3.697423411089156,0.2652026650030166,,0
P2_S3_B3_seed1003,S3,B3,"plant@(2.000,3.000)",1,r1.00_a150,150,1.0,1.1339745962155612,3.5,True,True,True,3.688042177210573,0.2501233980001416,,0
P2_S3_B3_seed1003,S3,B3,"plant@(2.000,3.000)",1,r1.20_a150,150,1.2,0.9607695154586735,3.5999999999999996,True,True,True,3.7664397493190878,0.2557175279944204,,0
P2_S3_B3_seed1003,S3,B3,"plant@(2.000,3.000)",1,r0.80_a330,330,0.8,2.6928203230275507,2.5999999999999996,True,True,True,3.7670170039224296,0.2557527880126145,,0
P2_S3_B3_seed1003,S3,B3,"plant@(2.000,3.000)",1,r1.00_a330,330,1.0,2.8660254037844384,2.4999999999999996,True,True,True,3.8177101866375125,0.2700408380187582,,0
P2_S3_B3_seed1003,S3,B3,"plant@(2.000,3.000)",1,r1.20_a330,330,1.2,3.039230484541326,2.3999999999999995,True,True,True,3.862814351084195,0.25151117201312445,,0
P2_S3_B3_seed1003,S3,B3,"plant@(2.000,3.000)",1,r0.80_a000,0,0.8,2.8,3.0,True,True,True,4.198710423429075,0.27909151700441726,,0
P2_S3_B3_seed1003,S3,B3,"plant@(2.000,3.000)",1,r1.00_a120,120,1.0,1.5000000000000002,3.866025403784439,True,True,True,4.349087003878647,0.2948905789817218,,0
P2_S3_B3_seed1003,S3,B3,"plant@(2.000,3.000)",1,r1.00_a000,0,1.0,3.0,3.0,True,True,True,4.262439227569819,0.2872204309969675,,0
P2_S3_B3_seed1003,S3,B3,"plant@(2.000,3.000)",1,r1.20_a120,120,1.2,1.4000000000000004,4.039230484541326,True,True,True,4.307100999716338,0.29620165401138365,,0
P2_S3_B3_seed1003,S3,B3,"plant@(2.000,3.000)",1,r0.80_a030,30,0.8,2.692820323027551,3.4,True,True,True,4.6843439254528665,0.3152389439928811,,0
P2_S3_B3_seed1003,S3,B3,"plant@(2.000,3.000)",1,r1.20_a000,0,1.2,3.2,3.0,True,True,True,4.391661197065614,0.3059245490003377,,0
P2_S3_B3_seed1003,S3,B3,"plant@(2.000,3.000)",1,r1.00_a090,90,1.0,2.0,4.0,True,True,True,4.93275588851247,0.35212172599858604,,0
P2_S3_B3_seed1003,S3,B3,"plant@(2.000,3.000)",1,r1.00_a030,30,1.0,2.866025403784439,3.5,True,True,True,4.733839035284139,0.3229616030002944,,0
P2_S3_B3_seed1003,S3,B3,"plant@(2.000,3.000)",1,r1.00_a060,60,1.0,2.5,3.8660254037844384,True,True,True,5.290531886297779,0.4487763019860722,,0
P2_S3_B3_seed1003,S3,B3,"plant@(2.000,3.000)",1,r1.20_a090,90,1.2,2.0,4.2,True,True,True,4.937109901060667,0.33629257400752977,,0
P2_S3_B3_seed1003,S3,B3,"plant@(2.000,3.000)",1,r1.20_a030,30,1.2,3.0392304845413265,3.5999999999999996,True,True,True,4.865006267629385,0.3352816330152564,,0
P2_S3_B3_seed1003,S3,B3,"plant@(-6.000,4.500)",1,r1.20_a330,330,1.2,-4.960769515458674,3.8999999999999995,True,True,True,7.791318019268132,0.2679285809863359,,0
P2_S3_B3_seed1003,S3,B3,"plant@(-6.000,4.500)",1,r1.20_a000,0,1.2,-4.8,4.5,True,True,True,7.592004018360777,0.25471564100007527,,1
P2_S3_B3_seed1003,S3,B3,"plant@(-6.000,4.500)",1,r1.00_a330,330,1.0,-5.133974596215562,3.9999999999999996,True,True,True,7.922451298013273,0.28428402601275593,,0
P2_S3_B3_seed1003,S3,B3,"plant@(-6.000,4.500)",1,r1.00_a000,0,1.0,-5.0,4.5,True,True,True,7.705130894592871,0.2671595099964179,,0
P2_S3_B3_seed1003,S3,B3,"plant@(-6.000,4.500)",1,r1.20_a300,300,1.2,-5.4,3.460769515458674,True,True,False,,0.2593113429902587,path_infeasible_under_safety_checks,0
P2_S3_B3_seed1003,S3,B3,"plant@(-6.000,4.500)",1,r0.80_a330,330,0.8,-5.307179676972449,4.1,True,True,True,8.031974997784543,0.2795980449882336,,0
P2_S3_B3_seed1003,S3,B3,"plant@(-6.000,4.500)",1,r0.80_a000,0,0.8,-5.2,4.5,True,True,True,7.899903364513001,0.27625962599995546,,0
P2_S3_B3_seed1003,S3,B3,"plant@(-6.000,4.500)",1,r1.20_a030,30,1.2,-4.960769515458674,5.1,True,True,True,7.720120417866004,0.2947747109865304,,0
P2_S3_B3_seed1003,S3,B3,"plant@(-6.000,4.500)",1,r1.00_a030,30,1.0,-5.133974596215562,5.0,True,True,True,8.138973600238801,0.2613881029828917,,0
P2_S3_B3_seed1003,S3,B3,"plant@(-6.000,4.500)",1,r0.80_a030,30,0.8,-5.307179676972449,4.9,True,True,True,8.030881616638638,0.28644691000226885,,0
P2_S3_B3_seed1003,S3,B3,"plant@(-6.000,4.500)",1,r1.20_a060,60,1.2,-5.4,5.539230484541326,True,True,False,,0.2956389279861469,path_infeasible_under_safety_checks,0
P2_S3_B3_seed1003,S3,B3,"plant@(-6.000,4.500)",1,r1.20_a240,240,1.2,-6.6000000000000005,3.460769515458674,True,True,False,,0.17646621400490403,path_infeasible_under_safety_checks,0
P2_S3_B3_seed1003,S3,B3,"plant@(-6.000,4.500)",1,r0.80_a210,210,0.8,-6.692820323027551,4.1,True,True,True,11.469268701222969,0.29375743700074963,,0
P2_S3_B3_seed1003,S3,B3,"plant@(-6.000,4.500)",1,r1.00_a210,210,1.0,-6.866025403784438,4.0,True,True,False,,0.18605452601332217,path_infeasible_under_safety_checks,0
P2_S3_B3_seed1003,S3,B3,"plant@(-6.000,4.500)",1,r0.80_a180,180,0.8,-6.8,4.5,True,True,True,11.045268313355834,0.26553216099273413,,0
P2_S3_B3_seed1003,S3,B3,"plant@(-6.000,4.500)",1,r1.00_a120,120,1.0,-6.5,5.366025403784438,True,True,False,,0.24589294602628797,path_infeasible_under_safety_checks,0
P2_S3_B3_seed1003,S3,B3,"plant@(-6.000,4.500)",1,r0.80_a150,150,0.8,-6.692820323027551,4.9,True,True,True,10.891309171877168,0.26529676700010896,,0
P2_S3_B3_seed1003,S3,B3,"plant@(-6.000,4.500)",1,r1.20_a210,210,1.2,-7.039230484541326,3.9,True,True,False,,0.17552664497634396,path_infeasible_under_safety_checks,0
P2_S3_B3_seed1003,S3,B3,"plant@(-6.000,4.500)",1,r1.20_a120,120,1.2,-6.6,5.539230484541326,True,True,True,9.958275131913988,0.2541751219832804,,0
P2_S3_B3_seed1003,S3,B3,"plant@(-6.000,4.500)",1,r1.00_a180,180,1.0,-7.0,4.5,True,True,True,11.095473163869553,0.28804902400588617,,0
P2_S3_B3_seed1003,S3,B3,"plant@(-6.000,4.500)",1,r1.00_a150,150,1.0,-6.866025403784438,5.0,True,True,True,10.541131584929841,0.26502844601054676,,0
P2_S3_B3_seed1003,S3,B3,"plant@(-6.000,4.500)",1,r1.20_a180,180,1.2,-7.2,4.5,True,True,True,11.158284081011002,0.28451662097359076,,0
P2_S3_B3_seed1003,S3,B3,"plant@(-6.000,4.500)",1,r1.20_a150,150,1.2,-7.039230484541326,5.1,True,True,True,10.53322450001952,0.269770585000515,,0
P2_S3_B3_seed1003,S3,B3,"plant@(-6.000,4.500)",1,r1.00_a300,300,1.0,-5.5,3.6339745962155616,False,True,False,,0.3336377410159912,path_infeasible_under_safety_checks,0
P2_S3_B3_seed1003,S3,B3,"plant@(-6.000,4.500)",1,r0.80_a300,300,0.8,-5.6,3.8071796769724493,False,True,False,,0.3060254620213527,path_infeasible_under_safety_checks,0
P2_S3_B3_seed1003,S3,B3,"plant@(-6.000,4.500)",1,r1.20_a270,270,1.2,-6.0,3.3,False,True,False,,0.25909756898181513,path_infeasible_under_safety_checks,0
P2_S3_B3_seed1003,S3,B3,"plant@(-6.000,4.500)",1,r1.00_a270,270,1.0,-6.0,3.5,False,True,False,,0.29322170998784713,path_infeasible_under_safety_checks,0
P2_S3_B3_seed1003,S3,B3,"plant@(-6.000,4.500)",1,r0.80_a270,270,0.8,-6.0,3.7,False,True,False,,0.3213268350227736,path_infeasible_under_safety_checks,0
P2_S3_B3_seed1003,S3,B3,"plant@(-6.000,4.500)",1,r1.00_a060,60,1.0,-5.5,5.366025403784438,False,True,False,,0.291978653986007,path_infeasible_under_safety_checks,0
P2_S3_B3_seed1003,S3,B3,"plant@(-6.000,4.500)",1,r0.80_a060,60,0.8,-5.6,5.192820323027551,False,True,False,,0.2862391560047399,path_infeasible_under_safety_checks,0
P2_S3_B3_seed1003,S3,B3,"plant@(-6.000,4.500)",1,r0.80_a240,240,0.8,-6.4,3.8071796769724493,False,True,False,,0.2230039550049696,path_infeasible_under_safety_checks,0
P2_S3_B3_seed1003,S3,B3,"plant@(-6.000,4.500)",1,r1.00_a240,240,1.0,-6.5,3.6339745962155616,False,True,False,,0.18981530499877408,path_infeasible_under_safety_checks,0
P2_S3_B3_seed1003,S3,B3,"plant@(12.000,2.000)",1,r1.20_a240,240,1.2,11.399999999999999,0.960769515458674,True,True,False,,0.21191311700385995,path_infeasible_under_safety_checks,0
P2_S3_B3_seed1003,S3,B3,"plant@(12.000,2.000)",1,r1.20_a090,90,1.2,12.0,3.2,True,True,False,,0.10892453900305554,path_infeasible_under_safety_checks,0
P2_S3_B3_seed1003,S3,B3,"plant@(12.000,2.000)",1,r0.80_a060,60,0.8,12.4,2.6928203230275507,True,True,False,,0.1139512560039293,path_infeasible_under_safety_checks,0
P2_S3_B3_seed1003,S3,B3,"plant@(12.000,2.000)",1,r1.00_a060,60,1.0,12.5,2.8660254037844384,True,True,False,,0.11257009601104073,path_infeasible_under_safety_checks,0
P2_S3_B3_seed1003,S3,B3,"plant@(12.000,2.000)",1,r1.20_a060,60,1.2,12.6,3.039230484541326,True,True,False,,0.10373106398037635,path_infeasible_under_safety_checks,0
P2_S3_B3_seed1003,S3,B3,"plant@(12.000,2.000)",1,r0.80_a030,30,0.8,12.69282032302755,2.4,True,True,False,,0.11523419601144269,path_infeasible_under_safety_checks,0
P2_S3_B3_seed1003,S3,B3,"plant@(12.000,2.000)",1,r0.80_a330,330,0.8,12.69282032302755,1.5999999999999996,True,True,False,,0.11568399399402551,path_infeasible_under_safety_checks,0
P2_S3_B3_seed1003,S3,B3,"plant@(12.000,2.000)",1,r1.00_a030,30,1.0,12.86602540378444,2.5,True,True,False,,0.10638363301404752,path_infeasible_under_safety_checks,0
P2_S3_B3_seed1003,S3,B3,"plant@(12.000,2.000)",1,r0.80_a000,0,0.8,12.8,2.0,True,True,False,,0.11227146300370805,path_infeasible_under_safety_checks,0
P2_S3_B3_seed1003,S3,B3,"plant@(12.000,2.000)",1,r1.00_a330,330,1.0,12.866025403784437,1.4999999999999996,True,True,False,,0.11119921901263297,path_infeasible_under_safety_checks,0
P2_S3_B3_seed1003,S3,B3,"plant@(12.000,2.000)",1,r1.20_a030,30,1.2,13.039230484541326,2.5999999999999996,True,True,False,,0.10865318099968135,path_infeasible_under_safety_checks,0
P2_S3_B3_seed1003,S3,B3,"plant@(12.000,2.000)",1,r1.00_a000,0,1.0,13.0,2.0,True,True,False,,0.11352402399643324,path_infeasible_under_safety_checks,0
P2_S3_B3_seed1003,S3,B3,"plant@(12.000,2.000)",1,r1.20_a330,330,1.2,13.039230484541326,1.3999999999999995,True,True,False,,0.11429956700885668,path_infeasible_under_safety_checks,0
P2_S3_B3_seed1003,S3,B3,"plant@(12.000,2.000)",1,r1.20_a000,0,1.2,13.2,2.0,True,True,False,,0.10698389902245253,path_infeasible_under_safety_checks,0
P2_S3_B3_seed1003,S3,B3,"plant@(12.000,2.000)",1,r1.20_a180,180,1.2,10.8,2.0,False,True,False,,0.2159326339897234,path_infeasible_under_safety_checks,0
P2_S3_B3_seed1003,S3,B3,"plant@(12.000,2.000)",1,r1.20_a150,150,1.2,10.960769515458674,2.5999999999999996,False,True,False,,0.12290464801480994,path_infeasible_under_safety_checks,0
P2_S3_B3_seed1003,S3,B3,"plant@(12.000,2.000)",1,r1.00_a180,180,1.0,11.0,2.0,False,True,False,,0.23066948298946954,path_infeasible_under_safety_checks,0
P2_S3_B3_seed1003,S3,B3,"plant@(12.000,2.000)",1,r1.00_a150,150,1.0,11.13397459621556,2.5,False,True,False,,0.22473829399677925,path_infeasible_under_safety_checks,0
P2_S3_B3_seed1003,S3,B3,"plant@(12.000,2.000)",1,r1.20_a210,210,1.2,10.960769515458674,1.4,False,True,False,,0.21995816699927673,path_infeasible_under_safety_checks,0
P2_S3_B3_seed1003,S3,B3,"plant@(12.000,2.000)",1,r0.80_a180,180,0.8,11.2,2.0,False,True,False,,0.24742130999220535,path_infeasible_under_safety_checks,0
P2_S3_B3_seed1003,S3,B3,"plant@(12.000,2.000)",1,r1.00_a210,210,1.0,11.13397459621556,1.5,False,True,False,,0.2516890630067792,path_infeasible_under_safety_checks,0
P2_S3_B3_seed1003,S3,B3,"plant@(12.000,2.000)",1,r0.80_a150,150,0.8,11.30717967697245,2.4,False,True,False,,0.23394777200883254,path_infeasible_under_safety_checks,0
P2_S3_B3_seed1003,S3,B3,"plant@(12.000,2.000)",1,r1.20_a120,120,1.2,11.4,3.0392304845413265,False,True,False,,0.2934858049848117,path_infeasible_under_safety_checks,0
P2_S3_B3_seed1003,S3,B3,"plant@(12.000,2.000)",1,r0.80_a210,210,0.8,11.30717967697245,1.5999999999999999,False,True,False,,0.2419914539786987,path_infeasible_under_safety_checks,0
P2_S3_B3_seed1003,S3,B3,"plant@(12.000,2.000)",1,r1.00_a120,120,1.0,11.5,2.866025403784439,False,True,False,,0.307713465008419,path_infeasible_under_safety_checks,0
P2_S3_B3_seed1003,S3,B3,"plant@(12.000,2.000)",1,r0.80_a120,120,0.8,11.6,2.692820323027551,False,True,False,,0.3126165780122392,path_infeasible_under_safety_checks,0
P2_S3_B3_seed1003,S3,B3,"plant@(12.000,2.000)",1,r1.00_a240,240,1.0,11.5,1.1339745962155616,False,True,False,,0.21166180598083884,path_infeasible_under_safety_checks,0
P2_S3_B3_seed1003,S3,B3,"plant@(12.000,2.000)",1,r0.80_a240,240,0.8,11.6,1.3071796769724493,False,True,False,,0.24035244301194325,path_infeasible_under_safety_checks,0
P2_S3_B3_seed1003,S3,B3,"plant@(12.000,2.000)",1,r1.00_a090,90,1.0,12.0,3.0,False,True,False,,0.2845919370010961,path_infeasible_under_safety_checks,0
P2_S3_B3_seed1003,S3,B3,"plant@(12.000,2.000)",1,r0.80_a090,90,0.8,12.0,2.8,False,True,False,,0.30146935101947747,path_infeasible_under_safety_checks,0
P2_S3_B3_seed1003,S3,B3,"plant@(12.000,2.000)",1,r0.80_a270,270,0.8,12.0,1.2,False,True,False,,0.24877125801867805,path_infeasible_under_safety_checks,0
P2_S3_B3_seed1003,S3,B3,"plant@(12.000,2.000)",1,r1.00_a270,270,1.0,12.0,1.0,False,True,False,,0.239799700997537,path_infeasible_under_safety_checks,0
P2_S3_B3_seed1004,S3,B3,"plant@(2.000,3.000)",1,r1.20_a240,240,1.2,1.3999999999999995,1.960769515458674,True,True,True,2.4021980321074725,0.16829400000278838,,1
P2_S3_B3_seed1004,S3,B3,"plant@(2.000,3.000)",1,r1.20_a210,210,1.2,0.9607695154586737,2.4,True,True,True,2.5982584977119902,0.1925025059899781,,0
P2_S3_B3_seed1004,S3,B3,"plant@(2.000,3.000)",1,r1.00_a240,240,1.0,1.4999999999999996,2.1339745962155616,True,True,True,2.602031634036085,0.17959808799787425,,0
P2_S3_B3_seed1004,S3,B3,"plant@(2.000,3.000)",1,r1.20_a270,270,1.2,1.9999999999999998,1.8,True,True,True,2.6786582306225384,0.1768219959922135,,0
P2_S3_B3_seed1004,S3,B3,"plant@(2.000,3.000)",1,r1.00_a210,210,1.0,1.1339745962155614,2.5,True,True,True,2.74531223429477,0.17912041398813017,,0
P2_S3_B3_seed1004,S3,B3,"plant@(2.000,3.000)",1,r0.80_a240,240,0.8,1.5999999999999996,2.3071796769724493,True,True,True,2.803764317979718,0.19540871400386095,,0
P2_S3_B3_seed1004,S3,B3,"plant@(2.000,3.000)",1,r1.00_a270,270,1.0,1.9999999999999998,2.0,True,True,True,2.816025931651265,0.1898005390248727,,0
P2_S3_B3_seed1004,S3,B3,"plant@(2.000,3.000)",1,r0.80_a210,210,0.8,1.307179676972449,2.5999999999999996,True,True,True,2.9198346466490075,0.20042170799570158,,0
P2_S3_B3_seed1004,S3,B3,"plant@(2.000,3.000)",1,r0.80_a270,270,0.8,1.9999999999999998,2.2,True,True,True,2.96247563771313,0.18871374399168417,,0
P2_S3_B3_seed1004,S3,B3,"plant@(2.000,3.000)",1,r1.20_a180,180,1.2,0.8,3.0,True,True,True,3.1847430226150277,0.212335754011292,,0
P2_S3_B3_seed1004,S3,B3,"plant@(2.000,3.000)",1,r1.00_a180,180,1.0,1.0,3.0,True,True,True,3.169875174869212,0.21830391301773489,,0
P2_S3_B3_seed1004,S3,B3,"plant@(2.000,3.000)",1,r0.80_a180,180,0.8,1.2,3.0,True,True,True,3.2416304739555724,0.2105320260161534,,0
P2_S3_B3_seed1004,S3,B3,"plant@(2.000,3.000)",1,r1.20_a300,300,1.2,2.6,1.9607695154586737,True,True,True,3.2493641108315225,0.22183290901011787,,0
P2_S3_B3_seed1004,S3,B3,"plant@(2.000,3.000)",1,r1.00_a300,300,1.0,2.5,2.1339745962155616,True,True,True,3.2803082874835803,0.22440814098808914,,0
P2_S3_B3_seed1004,S3,B3,"plant@(2.000,3.000)",1,r0.80_a300,300,0.8,2.4000000000000004,2.3071796769724493,True,True,True,3.3238474265494395,0.23090016000787728,,0
P2_S3_B3_seed1004,S3,B3,"plant@(2.000,3.000)",1,r0.80_a150,150,0.8,1.3071796769724489,3.4,True,True,True,3.697423411089156,0.24917851499048993,,0
P2_S3_B3_seed1004,S3,B3,"plant@(2.000,3.000)",1,r1.00_a150,150,1.0,1.1339745962155612,3.5,True,True,True,3.688042177210573,0.24777736701071262,,0
P2_S3_B3_seed1004,S3,B3,"plant@(2.000,3.000)",1,r1.20_a150,150,1.2,0.9607695154586735,3.5999999999999996,True,True,True,3.7664397493190878,0.24902641598600894,,0
P2_S3_B3_seed1004,S3,B3,"plant@(2.000,3.000)",1,r0.80_a330,330,0.8,2.6928203230275507,2.5999999999999996,True,True,True,3.7670170039224296,0.26309171598404646,,0
P2_S3_B3_seed1004,S3,B3,"plant@(2.000,3.000)",1,r1.00_a330,330,1.0,2.8660254037844384,2.4999999999999996,True,True,True,3.8177101866375125,0.2682281440065708,,0
P2_S3_B3_seed1004,S3,B3,"plant@(2.000,3.000)",1,r1.20_a330,330,1.2,3.039230484541326,2.3999999999999995,True,True,True,3.862814351084195,0.2679951079771854,,0
P2_S3_B3_seed1004,S3,B3,"plant@(2.000,3.000)",1,r0.80_a000,0,0.8,2.8,3.0,True,True,True,4.198710423429075,0.273967739980435,,0
P2_S3_B3_seed1004,S3,B3,"plant@(2.000,3.000)",1,r1.00_a120,120,1.0,1.5000000000000002,3.866025403784439,True,True,True,4.349087003878647,0.2812899540003855,,0
P2_S3_B3_seed1004,S3,B3,"plant@(2.000,3.000)",1,r1.00_a000,0,1.0,3.0,3.0,True,True,True,4.262439227569819,0.280844986991724,,0
P2_S3_B3_seed1004,S3,B3,"plant@(2.000,3.000)",1,r1.20_a120,120,1.2,1.4000000000000004,4.039230484541326,True,True,True,4.307100999716338,0.2950919129943941,,0
P2_S3_B3_seed1004,S3,B3,"plant@(2.000,3.000)",1,r0.80_a030,30,0.8,2.692820323027551,3.4,True,True,True,4.6843439254528665,0.3115987640048843,,0
P2_S3_B3_seed1004,S3,B3,"plant@(2.000,3.000)",1,r1.20_a000,0,1.2,3.2,3.0,True,True,True,4.391661197065614,0.28602186602074653,,0
P2_S3_B3_seed1004,S3,B3,"plant@(2.000,3.000)",1,r1.00_a090,90,1.0,2.0,4.0,True,True,True,4.93275588851247,0.3267152240150608,,0
P2_S3_B3_seed1004,S3,B3,"plant@(2.000,3.000)",1,r1.00_a030,30,1.0,2.866025403784439,3.5,True,True,True,4.733839035284139,0.3171509930107277,,0
P2_S3_B3_seed1004,S3,B3,"plant@(2.000,3.000)",1,r1.00_a060,60,1.0,2.5,3.8660254037844384,True,True,True,5.290531886297779,0.44376352298422717,,0
P2_S3_B3_seed1004,S3,B3,"plant@(2.000,3.000)",1,r1.20_a090,90,1.2,2.0,4.2,True,True,True,4.937109901060667,0.32237104701926,,0
P2_S3_B3_seed1004,S3,B3,"plant@(2.000,3.000)",1,r1.20_a030,30,1.2,3.0392304845413265,3.5999999999999996,True,True,True,4.865006267629385,0.3244490959914401,,0
P2_S3_B3_seed1004,S3,B3,"plant@(-6.000,4.500)",1,r1.20_a330,330,1.2,-4.960769515458674,3.8999999999999995,True,True,True,7.7786912897878375,0.27861623201170005,,0
P2_S3_B3_seed1004,S3,B3,"plant@(-6.000,4.500)",1,r1.20_a000,0,1.2,-4.8,4.5,True,True,True,7.499035933053501,0.25826387500273995,,1
P2_S3_B3_seed1004,S3,B3,"plant@(-6.000,4.500)",1,r1.00_a330,330,1.0,-5.133974596215562,3.9999999999999996,True,True,True,7.967371928005717,0.26977277599507943,,0
P2_S3_B3_seed1004,S3,B3,"plant@(-6.000,4.500)",1,r1.00_a000,0,1.0,-5.0,4.5,True,True,True,7.741200009825955,0.2585142040043138,,0
P2_S3_B3_seed1004,S3,B3,"plant@(-6.000,4.500)",1,r1.20_a300,300,1.2,-5.4,3.460769515458674,True,True,False,,0.26573062999523245,path_infeasible_under_safety_checks,0
P2_S3_B3_seed1004,S3,B3,"plant@(-6.000,4.500)",1,r0.80_a330,330,0.8,-5.307179676972449,4.1,True,True,True,8.02283584172472,0.28919670201139525,,0
P2_S3_B3_seed1004,S3,B3,"plant@(-6.000,4.500)",1,r0.80_a000,0,0.8,-5.2,4.5,True,True,True,7.861927088163996,0.28686005002236925,,0
P2_S3_B3_seed1004,S3,B3,"plant@(-6.000,4.500)",1,r1.20_a030,30,1.2,-4.960769515458674,5.1,True,True,True,7.759571422100919,0.2644945130159613,,0
P2_S3_B3_seed1004,S3,B3,"plant@(-6.000,4.500)",1,r1.00_a030,30,1.0,-5.133974596215562,5.0,True,True,True,8.139981453404344,0.26296976799494587,,0
P2_S3_B3_seed1004,S3,B3,"plant@(-6.000,4.500)",1,r0.80_a030,30,0.8,-5.307179676972449,4.9,True,True,True,8.01229575904147,0.2897230490052607,,0
P2_S3_B3_seed1004,S3,B3,"plant@(-6.000,4.500)",1,r1.20_a060,60,1.2,-5.4,5.539230484541326,True,True,True,8.319400296132509,0.2896502820076421,,0
P2_S3_B3_seed1004,S3,B3,"plant@(-6.000,4.500)",1,r1.20_a240,240,1.2,-6.6000000000000005,3.460769515458674,True,True,False,,0.17318559499108233,path_infeasible_under_safety_checks,0
P2_S3_B3_seed1004,S3,B3,"plant@(-6.000,4.500)",1,r0.80_a210,210,0.8,-6.692820323027551,4.1,True,True,True,11.552453930606083,0.29566163700656034,,0
P2_S3_B3_seed1004,S3,B3,"plant@(-6.000,4.500)",1,r1.00_a210,210,1.0,-6.866025403784438,4.0,True,True,False,,0.18320853399927728,path_infeasible_under_safety_checks,0
P2_S3_B3_seed1004,S3,B3,"plant@(-6.000,4.500)",1,r0.80_a180,180,0.8,-6.8,4.5,True,True,True,11.102618502045415,0.2746393140114378,,0
P2_S3_B3_seed1004,S3,B3,"plant@(-6.000,4.500)",1,r1.00_a120,120,1.0,-6.5,5.366025403784438,True,True,False,,0.2472574659914244,path_infeasible_under_safety_checks,0
P2_S3_B3_seed1004,S3,B3,"plant@(-6.000,4.500)",1,r0.80_a150,150,0.8,-6.692820323027551,4.9,True,True,True,10.890294239830432,0.26975266000954434,,0
P2_S3_B3_seed1004,S3,B3,"plant@(-6.000,4.500)",1,r1.20_a210,210,1.2,-7.039230484541326,3.9,True,True,False,,0.18464044597931206,path_infeasible_under_safety_checks,0
P2_S3_B3_seed1004,S3,B3,"plant@(-6.000,4.500)",1,r1.20_a120,120,1.2,-6.6,5.539230484541326,True,True,True,10.062821719333614,0.24843917301041074,,0
P2_S3_B3_seed1004,S3,B3,"plant@(-6.000,4.500)",1,r1.00_a180,180,1.0,-7.0,4.5,True,True,True,11.126937983582863,0.2713477899960708,,0
P2_S3_B3_seed1004,S3,B3,"plant@(-6.000,4.500)",1,r1.00_a150,150,1.0,-6.866025403784438,5.0,True,True,True,10.7201005553924,0.25921645399648696,,0
P2_S3_B3_seed1004,S3,B3,"plant@(-6.000,4.500)",1,r1.20_a180,180,1.2,-7.2,4.5,True,True,True,11.157454019179196,0.26064264299930073,,0
P2_S3_B3_seed1004,S3,B3,"plant@(-6.000,4.500)",1,r1.20_a150,150,1.2,-7.039230484541326,5.1,True,True,True,10.547550618129515,0.262844849989051,,0
P2_S3_B3_seed1004,S3,B3,"plant@(-6.000,4.500)",1,r1.00_a300,300,1.0,-5.5,3.6339745962155616,False,True,False,,0.26684831897728145,path_infeasible_under_safety_checks,0
P2_S3_B3_seed1004,S3,B3,"plant@(-6.000,4.500)",1,r0.80_a300,300,0.8,-5.6,3.8071796769724493,False,True,False,,0.3228190160007216,path_infeasible_under_safety_checks,0
P2_S3_B3_seed1004,S3,B3,"plant@(-6.000,4.500)",1,r1.20_a270,270,1.2,-6.0,3.3,False,True,False,,0.29739456201787107,path_infeasible_under_safety_checks,0
P2_S3_B3_seed1004,S3,B3,"plant@(-6.000,4.500)",1,r1.00_a270,270,1.0,-6.0,3.5,False,True,False,,0.27290379599435255,path_infeasible_under_safety_checks,0
P2_S3_B3_seed1004,S3,B3,"plant@(-6.000,4.500)",1,r0.80_a270,270,0.8,-6.0,3.7,False,True,False,,0.31328111700713634,path_infeasible_under_safety_checks,0
P2_S3_B3_seed1004,S3,B3,"plant@(-6.000,4.500)",1,r1.00_a060,60,1.0,-5.5,5.366025403784438,False,True,False,,0.2932475619891193,path_infeasible_under_safety_checks,0
P2_S3_B3_seed1004,S3,B3,"plant@(-6.000,4.500)",1,r0.80_a060,60,0.8,-5.6,5.192820323027551,False,True,False,,0.2869045360130258,path_infeasible_under_safety_checks,0
P2_S3_B3_seed1004,S3,B3,"plant@(-6.000,4.500)",1,r0.80_a240,240,0.8,-6.4,3.8071796769724493,False,True,False,,0.2058918749971781,path_infeasible_under_safety_checks,0
P2_S3_B3_seed1004,S3,B3,"plant@(-6.000,4.500)",1,r1.00_a240,240,1.0,-6.5,3.6339745962155616,False,True,False,,0.21519624997745268,path_infeasible_under_safety_checks,0
P2_S3_B3_seed1004,S3,B3,"plant@(12.000,2.000)",1,r1.20_a240,240,1.2,11.399999999999999,0.960769515458674,True,True,False,,0.22465565497986972,path_infeasible_under_safety_checks,0
P2_S3_B3_seed1004,S3,B3,"plant@(12.000,2.000)",1,r1.20_a090,90,1.2,12.0,3.2,True,True,False,,0.09894010500283912,path_infeasible_under_safety_checks,0
P2_S3_B3_seed1004,S3,B3,"plant@(12.000,2.000)",1,r0.80_a060,60,0.8,12.4,2.6928203230275507,True,True,False,,0.09883256899775006,path_infeasible_under_safety_checks,0
P2_S3_B3_seed1004,S3,B3,"plant@(12.000,2.000)",1,r1.00_a060,60,1.0,12.5,2.8660254037844384,True,True,False,,0.10504706701613031,path_infeasible_under_safety_checks,0
P2_S3_B3_seed1004,S3,B3,"plant@(12.000,2.000)",1,r1.20_a060,60,1.2,12.6,3.039230484541326,True,True,False,,0.10330517700640485,path_infeasible_under_safety_checks,0
P2_S3_B3_seed1004,S3,B3,"plant@(12.000,2.000)",1,r0.80_a030,30,0.8,12.69282032302755,2.4,True,True,False,,0.12592629800201394,path_infeasible_under_safety_checks,0
P2_S3_B3_seed1004,S3,B3,"plant@(12.000,2.000)",1,r0.80_a330,330,0.8,12.69282032302755,1.5999999999999996,True,True,False,,0.14207911901758052,path_infeasible_under_safety_checks,0
P2_S3_B3_seed1004,S3,B3,"plant@(12.000,2.000)",1,r1.00_a030,30,1.0,12.86602540378444,2.5,True,True,False,,0.11187898999196477,path_infeasible_under_safety_checks,0
P2_S3_B3_seed1004,S3,B3,"plant@(12.000,2.000)",1,r0.80_a000,0,0.8,12.8,2.0,True,True,False,,0.10621600999729708,path_infeasible_under_safety_checks,0
P2_S3_B3_seed1004,S3,B3,"plant@(12.000,2.000)",1,r1.00_a330,330,1.0,12.866025403784437,1.4999999999999996,True,True,False,,0.1110843580099754,path_infeasible_under_safety_checks,0
P2_S3_B3_seed1004,S3,B3,"plant@(12.000,2.000)",1,r1.20_a030,30,1.2,13.039230484541326,2.5999999999999996,True,True,False,,0.10152930600452237,path_infeasible_under_safety_checks,0
P2_S3_B3_seed1004,S3,B3,"plant@(12.000,2.000)",1,r1.00_a000,0,1.0,13.0,2.0,True,True,False,,0.10705362801672891,path_infeasible_under_safety_checks,0
P2_S3_B3_seed1004,S3,B3,"plant@(12.000,2.000)",1,r1.20_a330,330,1.2,13.039230484541326,1.3999999999999995,True,True,False,,0.10960339801385999,path_infeasible_under_safety_checks,0
P2_S3_B3_seed1004,S3,B3,"plant@(12.000,2.000)",1,r1.20_a000,0,1.2,13.2,2.0,True,True,False,,0.11116871400736272,path_infeasible_under_safety_checks,0
P2_S3_B3_seed1004,S3,B3,"plant@(12.000,2.000)",1,r1.20_a180,180,1.2,10.8,2.0,False,True,False,,0.21348326199222356,path_infeasible_under_safety_checks,0
P2_S3_B3_seed1004,S3,B3,"plant@(12.000,2.000)",1,r1.20_a150,150,1.2,10.960769515458674,2.5999999999999996,False,True,False,,0.1103308200254105,path_infeasible_under_safety_checks,0
P2_S3_B3_seed1004,S3,B3,"plant@(12.000,2.000)",1,r1.00_a180,180,1.0,11.0,2.0,False,True,False,,0.22402192300069146,path_infeasible_under_safety_checks,0
P2_S3_B3_seed1004,S3,B3,"plant@(12.000,2.000)",1,r1.00_a150,150,1.0,11.13397459621556,2.5,False,True,False,,0.21392335000564344,path_infeasible_under_safety_checks,0
P2_S3_B3_seed1004,S3,B3,"plant@(12.000,2.000)",1,r1.20_a210,210,1.2,10.960769515458674,1.4,False,True,False,,0.21560366297489963,path_infeasible_under_safety_checks,0
P2_S3_B3_seed1004,S3,B3,"plant@(12.000,2.000)",1,r0.80_a180,180,0.8,11.2,2.0,False,True,False,,0.210912971990183,path_infeasible_under_safety_checks,0
P2_S3_B3_seed1004,S3,B3,"plant@(12.000,2.000)",1,r1.00_a210,210,1.0,11.13397459621556,1.5,False,True,False,,0.2273367900052108,path_infeasible_under_safety_checks,0
P2_S3_B3_seed1004,S3,B3,"plant@(12.000,2.000)",1,r0.80_a150,150,0.8,11.30717967697245,2.4,False,True,False,,0.21333034601411782,path_infeasible_under_safety_checks,0
P2_S3_B3_seed1004,S3,B3,"plant@(12.000,2.000)",1,r1.20_a120,120,1.2,11.4,3.0392304845413265,False,True,False,,0.12164470797870308,path_infeasible_under_safety_checks,0
P2_S3_B3_seed1004,S3,B3,"plant@(12.000,2.000)",1,r0.80_a210,210,0.8,11.30717967697245,1.5999999999999999,False,True,False,,0.21808215498458594,path_infeasible_under_safety_checks,0
P2_S3_B3_seed1004,S3,B3,"plant@(12.000,2.000)",1,r1.00_a120,120,1.0,11.5,2.866025403784439,False,True,False,,0.13268431002506986,path_infeasible_under_safety_checks,0
P2_S3_B3_seed1004,S3,B3,"plant@(12.000,2.000)",1,r0.80_a120,120,0.8,11.6,2.692820323027551,False,True,False,,0.12648441799683496,path_infeasible_under_safety_checks,0
P2_S3_B3_seed1004,S3,B3,"plant@(12.000,2.000)",1,r1.00_a240,240,1.0,11.5,1.1339745962155616,False,True,False,,0.20440519001567736,path_infeasible_under_safety_checks,0
P2_S3_B3_seed1004,S3,B3,"plant@(12.000,2.000)",1,r0.80_a240,240,0.8,11.6,1.3071796769724493,False,True,False,,0.2189467950083781,path_infeasible_under_safety_checks,0
P2_S3_B3_seed1004,S3,B3,"plant@(12.000,2.000)",1,r1.00_a090,90,1.0,12.0,3.0,False,True,False,,0.1042205499834381,path_infeasible_under_safety_checks,0
P2_S3_B3_seed1004,S3,B3,"plant@(12.000,2.000)",1,r0.80_a090,90,0.8,12.0,2.8,False,True,False,,0.10588921798625961,path_infeasible_under_safety_checks,0
P2_S3_B3_seed1004,S3,B3,"plant@(12.000,2.000)",1,r0.80_a270,270,0.8,12.0,1.2,False,True,False,,0.24384233599994332,path_infeasible_under_safety_checks,0
P2_S3_B3_seed1004,S3,B3,"plant@(12.000,2.000)",1,r1.00_a270,270,1.0,12.0,1.0,False,True,False,,0.25027999602025375,path_infeasible_under_safety_checks,0
P2_S3_B3_seed1005,S3,B3,"plant@(2.000,3.000)",1,r1.20_a240,240,1.2,1.3999999999999995,1.960769515458674,True,True,True,2.4021980321074725,0.1680675919924397,,1
P2_S3_B3_seed1005,S3,B3,"plant@(2.000,3.000)",1,r1.20_a210,210,1.2,0.9607695154586737,2.4,True,True,True,2.5982584977119902,0.18834210699424148,,0
P2_S3_B3_seed1005,S3,B3,"plant@(2.000,3.000)",1,r1.00_a240,240,1.0,1.4999999999999996,2.1339745962155616,True,True,True,2.602031634036085,0.17427181199309416,,0
P2_S3_B3_seed1005,S3,B3,"plant@(2.000,3.000)",1,r1.20_a270,270,1.2,1.9999999999999998,1.8,True,True,True,2.6786582306225384,0.1754789590195287,,0
P2_S3_B3_seed1005,S3,B3,"plant@(2.000,3.000)",1,r1.00_a210,210,1.0,1.1339745962155614,2.5,True,True,True,2.74531223429477,0.183828993991483,,0
P2_S3_B3_seed1005,S3,B3,"plant@(2.000,3.000)",1,r0.80_a240,240,0.8,1.5999999999999996,2.3071796769724493,True,True,True,2.803764317979718,0.1834414760232903,,0
P2_S3_B3_seed1005,S3,B3,"plant@(2.000,3.000)",1,r1.00_a270,270,1.0,1.9999999999999998,2.0,True,True,True,2.816025931651265,0.19288759600021876,,0
P2_S3_B3_seed1005,S3,B3,"plant@(2.000,3.000)",1,r0.80_a210,210,0.8,1.307179676972449,2.5999999999999996,True,True,True,2.9198346466490075,0.18986466201022267,,0
P2_S3_B3_seed1005,S3,B3,"plant@(2.000,3.000)",1,r0.80_a270,270,0.8,1.9999999999999998,2.2,True,True,True,2.96247563771313,0.1985510929953307,,0
P2_S3_B3_seed1005,S3,B3,"plant@(2.000,3.000)",1,r1.20_a180,180,1.2,0.8,3.0,True,True,True,3.1847430226150277,0.20440644197515212,,0
P2_S3_B3_seed1005,S3,B3,"plant@(2.000,3.000)",1,r1.00_a180,180,1.0,1.0,3.0,True,True,True,3.169875174869212,0.20924428701982833,,0
P2_S3_B3_seed1005,S3,B3,"plant@(2.000,3.000)",1,r0.80_a180,180,0.8,1.2,3.0,True,True,True,3.2416304739555724,0.21950671900413,,0
P2_S3_B3_seed1005,S3,B3,"plant@(2.000,3.000)",1,r1.20_a300,300,1.2,2.6,1.9607695154586737,True,True,True,3.2493641108315225,0.20891365798888728,,0
P2_S3_B3_seed1005,S3,B3,"plant@(2.000,3.000)",1,r1.00_a300,300,1.0,2.5,2.1339745962155616,True,True,True,3.2803082874835803,0.21246445502038114,,0
P2_S3_B3_seed1005,S3,B3,"plant@(2.000,3.000)",1,r0.80_a300,300,0.8,2.4000000000000004,2.3071796769724493,True,True,True,3.3238474265494395,0.20641370699740946,,0
P2_S3_B3_seed1005,S3,B3,"plant@(2.000,3.000)",1,r0.80_a150,150,0.8,1.3071796769724489,3.4,True,True,True,3.697423411089156,0.23185139300767332,,0
P2_S3_B3_seed1005,S3,B3,"plant@(2.000,3.000)",1,r1.00_a150,150,1.0,1.1339745962155612,3.5,True,True,True,3.688042177210573,0.2443087639985606,,0
P2_S3_B3_seed1005,S3,B3,"plant@(2.000,3.000)",1,r1.20_a150,150,1.2,0.9607695154586735,3.5999999999999996,True,True,True,3.7664397493190878,0.27886211100849323,,0
P2_S3_B3_seed1005,S3,B3,"plant@(2.000,3.000)",1,r0.80_a330,330,0.8,2.6928203230275507,2.5999999999999996,True,True,True,3.7670170039224296,0.23799676800263114,,0
P2_S3_B3_seed1005,S3,B3,"plant@(2.000,3.000)",1,r1.00_a330,330,1.0,2.8660254037844384,2.4999999999999996,True,True,True,3.8177101866375125,0.24252437299583107,,0
P2_S3_B3_seed1005,S3,B3,"plant@(2.000,3.000)",1,r1.20_a330,330,1.2,3.039230484541326,2.3999999999999995,True,True,True,3.862814351084195,0.2505434739869088,,0
P2_S3_B3_seed1005,S3,B3,"plant@(2.000,3.000)",1,r0.80_a000,0,0.8,2.8,3.0,True,True,True,4.198710423429075,0.2550641300040297,,0
P2_S3_B3_seed1005,S3,B3,"plant@(2.000,3.000)",1,r1.00_a120,120,1.0,1.5000000000000002,3.866025403784439,True,True,True,4.349087003878647,0.2793676150031388,,0
P2_S3_B3_seed1005,S3,B3,"plant@(2.000,3.000)",1,r1.00_a000,0,1.0,3.0,3.0,True,True,True,4.262439227569819,0.27895144300418906,,0
P2_S3_B3_seed1005,S3,B3,"plant@(2.000,3.000)",1,r1.20_a120,120,1.2,1.4000000000000004,4.039230484541326,True,True,True,4.307100999716338,0.27175008700578474,,0
P2_S3_B3_seed1005,S3,B3,"plant@(2.000,3.000)",1,r0.80_a030,30,0.8,2.692820323027551,3.4,True,True,True,4.6843439254528665,0.30077720002736896,,0
P2_S3_B3_seed1005,S3,B3,"plant@(2.000,3.000)",1,r1.20_a000,0,1.2,3.2,3.0,True,True,True,4.391661197065614,0.2781149450165685,,0
P2_S3_B3_seed1005,S3,B3,"plant@(2.000,3.000)",1,r1.00_a090,90,1.0,2.0,4.0,True,True,True,4.93275588851247,0.32852739800000563,,0
P2_S3_B3_seed1005,S3,B3,"plant@(2.000,3.000)",1,r1.00_a030,30,1.0,2.866025403784439,3.5,True,True,True,4.733839035284139,0.3157065619889181,,0
P2_S3_B3_seed1005,S3,B3,"plant@(2.000,3.000)",1,r1.00_a060,60,1.0,2.5,3.8660254037844384,True,True,True,5.290531886297779,0.3517518200096674,,0
P2_S3_B3_seed1005,S3,B3,"plant@(2.000,3.000)",1,r1.20_a090,90,1.2,2.0,4.2,True,True,True,4.937109901060667,0.35010758400312625,,0
P2_S3_B3_seed1005,S3,B3,"plant@(2.000,3.000)",1,r1.20_a030,30,1.2,3.0392304845413265,3.5999999999999996,True,True,True,4.865006267629385,0.34793810700648464,,0
P2_S3_B3_seed1005,S3,B3,"plant@(-6.000,4.500)",1,r1.20_a330,330,1.2,-4.960769515458674,3.8999999999999995,True,True,True,7.7786912897878375,0.26648639599443413,,0
P2_S3_B3_seed1005,S3,B3,"plant@(-6.000,4.500)",1,r1.20_a000,0,1.2,-4.8,4.5,True,True,True,7.499035933053501,0.2705463409947697,,1
P2_S3_B3_seed1005,S3,B3,"plant@(-6.000,4.500)",1,r1.00_a330,330,1.0,-5.133974596215562,3.9999999999999996,True,True,True,7.967371928005717,0.26014569599647075,,0
P2_S3_B3_seed1005,S3,B3,"plant@(-6.000,4.500)",1,r1.00_a000,0,1.0,-5.0,4.5,True,True,True,7.741200009825955,0.25651458400534466,,0
P2_S3_B3_seed1005,S3,B3,"plant@(-6.000,4.500)",1,r1.20_a300,300,1.2,-5.4,3.460769515458674,True,True,False,,0.2546278350055218,path_infeasible_under_safety_checks,0
P2_S3_B3_seed1005,S3,B3,"plant@(-6.000,4.500)",1,r0.80_a330,330,0.8,-5.307179676972449,4.1,True,True,True,8.02283584172472,0.2908819169970229,,0
P2_S3_B3_seed1005,S3,B3,"plant@(-6.000,4.500)",1,r0.80_a000,0,0.8,-5.2,4.5,True,True,True,7.861927088163996,0.27351174599607475,,0
P2_S3_B3_seed1005,S3,B3,"plant@(-6.000,4.500)",1,r1.20_a030,30,1.2,-4.960769515458674,5.1,True,True,True,7.759571422100919,0.2680227980017662,,0
P2_S3_B3_seed1005,S3,B3,"plant@(-6.000,4.500)",1,r1.00_a030,30,1.0,-5.133974596215562,5.0,True,True,True,8.139981453404344,0.25258100501378067,,0
P2_S3_B3_seed1005,S3,B3,"plant@(-6.000,4.500)",1,r0.80_a030,30,0.8,-5.307179676972449,4.9,True,True,True,8.01229575904147,0.2782475390122272,,0
P2_S3_B3_seed1005,S3,B3,"plant@(-6.000,4.500)",1,r1.20_a060,60,1.2,-5.4,5.539230484541326,True,True,True,8.319400296132509,0.33137896098196507,,0
P2_S3_B3_seed1005,S3,B3,"plant@(-6.000,4.500)",1,r1.20_a240,240,1.2,-6.6000000000000005,3.460769515458674,True,True,False,,0.1741463450016454,path_infeasible_under_safety_checks,0
P2_S3_B3_seed1005,S3,B3,"plant@(-6.000,4.500)",1,r0.80_a210,210,0.8,-6.692820323027551,4.1,True,True,True,11.552453930606083,0.28144751899526455,,0
P2_S3_B3_seed1005,S3,B3,"plant@(-6.000,4.500)",1,r1.00_a210,210,1.0,-6.866025403784438,4.0,True,True,False,,0.1709380840184167,path_infeasible_under_safety_checks,0
P2_S3_B3_seed1005,S3,B3,"plant@(-6.000,4.500)",1,r0.80_a180,180,0.8,-6.8,4.5,True,True,True,11.102618502045415,0.2653075949929189,,0
P2_S3_B3_seed1005,S3,B3,"plant@(-6.000,4.500)",1,r1.00_a120,120,1.0,-6.5,5.366025403784438,True,True,False,,0.24024038697825745,path_infeasible_under_safety_checks,0
P2_S3_B3_seed1005,S3,B3,"plant@(-6.000,4.500)",1,r0.80_a150,150,0.8,-6.692820323027551,4.9,True,True,True,10.890294239830432,0.2682535760104656,,0
P2_S3_B3_seed1005,S3,B3,"plant@(-6.000,4.500)",1,r1.20_a210,210,1.2,-7.039230484541326,3.9,True,True,False,,0.1708253390097525,path_infeasible_under_safety_checks,0
P2_S3_B3_seed1005,S3,B3,"plant@(-6.000,4.500)",1,r1.20_a120,120,1.2,-6.6,5.539230484541326,True,True,True,10.062821719333614,0.23921457401593216,,0
P2_S3_B3_seed1005,S3,B3,"plant@(-6.000,4.500)",1,r1.00_a180,180,1.0,-7.0,4.5,True,True,True,11.126937983582863,0.278992706007557,,0
P2_S3_B3_seed1005,S3,B3,"plant@(-6.000,4.500)",1,r1.00_a150,150,1.0,-6.866025403784438,5.0,True,True,True,10.7201005553924,0.25575479899998754,,0
P2_S3_B3_seed1005,S3,B3,"plant@(-6.000,4.500)",1,r1.20_a180,180,1.2,-7.2,4.5,True,True,True,11.157454019179196,0.26863596998737194,,0
P2_S3_B3_seed1005,S3,B3,"plant@(-6.000,4.500)",1,r1.20_a150,150,1.2,-7.039230484541326,5.1,True,True,True,10.547550618129515,0.2513301190047059,,0
P2_S3_B3_seed1005,S3,B3,"plant@(-6.000,4.500)",1,r1.00_a300,300,1.0,-5.5,3.6339745962155616,False,True,False,,0.25109716900624335,path_infeasible_under_safety_checks,0
P2_S3_B3_seed1005,S3,B3,"plant@(-6.000,4.500)",1,r0.80_a300,300,0.8,-5.6,3.8071796769724493,False,True,False,,0.2866463699901942,path_infeasible_under_safety_checks,0
P2_S3_B3_seed1005,S3,B3,"plant@(-6.000,4.500)",1,r1.20_a270,270,1.2,-6.0,3.3,False,True,False,,0.26126716801081784,path_infeasible_under_safety_checks,0
P2_S3_B3_seed1005,S3,B3,"plant@(-6.000,4.500)",1,r1.00_a270,270,1.0,-6.0,3.5,False,True,False,,0.2886951589898672,path_infeasible_under_safety_checks,0
P2_S3_B3_seed1005,S3,B3,"plant@(-6.000,4.500)",1,r0.80_a270,270,0.8,-6.0,3.7,False,True,False,,0.3076570690027438,path_infeasible_under_safety_checks,0
P2_S3_B3_seed1005,S3,B3,"plant@(-6.000,4.500)",1,r1.00_a060,60,1.0,-5.5,5.366025403784438,False,True,False,,0.2941388440085575,path_infeasible_under_safety_checks,0
P2_S3_B3_seed1005,S3,B3,"plant@(-6.000,4.500)",1,r0.80_a060,60,0.8,-5.6,5.192820323027551,False,True,False,,0.2798032680002507,path_infeasible_under_safety_checks,0
P2_S3_B3_seed1005,S3,B3,"plant@(-6.000,4.500)",1,r0.80_a240,240,0.8,-6.4,3.8071796769724493,False,True,False,,0.20873203099472448,path_infeasible_under_safety_checks,0
P2_S3_B3_seed1005,S3,B3,"plant@(-6.000,4.500)",1,r1.00_a240,240,1.0,-6.5,3.6339745962155616,False,True,False,,0.20443870400777087,path_infeasible_under_safety_checks,0
P2_S3_B3_seed1005,S3,B3,"plant@(12.000,2.000)",1,r1.20_a240,240,1.2,11.399999999999999,0.960769515458674,True,True,False,,0.19445700899814256,path_infeasible_under_safety_checks,0
P2_S3_B3_seed1005,S3,B3,"plant@(12.000,2.000)",1,r1.20_a090,90,1.2,12.0,3.2,True,True,True,21.19450794294404,0.2668830080074258,,1
P2_S3_B3_seed1005,S3,B3,"plant@(12.000,2.000)",1,r0.80_a060,60,0.8,12.4,2.6928203230275507,True,True,True,21.71613789955855,0.27637773400056176,,0
P2_S3_B3_seed1005,S3,B3,"plant@(12.000,2.000)",1,r1.00_a060,60,1.0,12.5,2.8660254037844384,True,True,True,21.573976941450997,0.2677111609955318,,0
P2_S3_B3_seed1005,S3,B3,"plant@(12.000,2.000)",1,r1.20_a060,60,1.2,12.6,3.039230484541326,True,True,True,21.389967839788405,0.26094883898622356,,0
P2_S3_B3_seed1005,S3,B3,"plant@(12.000,2.000)",1,r0.80_a030,30,0.8,12.69282032302755,2.4,True,True,True,22.102664402136668,0.28760423499625176,,0
P2_S3_B3_seed1005,S3,B3,"plant@(12.000,2.000)",1,r0.80_a330,330,0.8,12.69282032302755,1.5999999999999996,True,True,True,22.944223227495808,0.28407853699172847,,0
P2_S3_B3_seed1005,S3,B3,"plant@(12.000,2.000)",1,r0.80_a000,0,0.8,12.8,2.0,True,True,True,22.46918590982364,0.27039986799354665,,0
P2_S3_B3_seed1005,S3,B3,"plant@(12.000,2.000)",1,r1.00_a030,30,1.0,12.86602540378444,2.5,True,True,True,21.9907524843788,0.26529579400084913,,0
P2_S3_B3_seed1005,S3,B3,"plant@(12.000,2.000)",1,r1.00_a330,330,1.0,12.866025403784437,1.4999999999999996,True,True,True,22.961101357269676,0.2859481269842945,,0
P2_S3_B3_seed1005,S3,B3,"plant@(12.000,2.000)",1,r1.20_a030,30,1.2,13.039230484541326,2.5999999999999996,True,True,True,21.96289202822069,0.27061555499676615,,0
P2_S3_B3_seed1005,S3,B3,"plant@(12.000,2.000)",1,r1.00_a000,0,1.0,13.0,2.0,True,True,True,22.55924345952462,0.2819102829962503,,0
P2_S3_B3_seed1005,S3,B3,"plant@(12.000,2.000)",1,r1.20_a330,330,1.2,13.039230484541326,1.3999999999999995,True,True,True,23.087564306911215,0.28831167198950425,,0
P2_S3_B3_seed1005,S3,B3,"plant@(12.000,2.000)",1,r1.20_a000,0,1.2,13.2,2.0,True,True,True,22.575523463465224,0.2893457009922713,,0
P2_S3_B3_seed1005,S3,B3,"plant@(12.000,2.000)",1,r1.20_a180,180,1.2,10.8,2.0,False,True,False,,0.22143973800120875,path_infeasible_under_safety_checks,0
P2_S3_B3_seed1005,S3,B3,"plant@(12.000,2.000)",1,r1.20_a150,150,1.2,10.960769515458674,2.5999999999999996,False,True,False,,0.2680201019975357,path_infeasible_under_safety_checks,0
P2_S3_B3_seed1005,S3,B3,"plant@(12.000,2.000)",1,r1.00_a180,180,1.0,11.0,2.0,False,True,False,,0.2840128450188786,path_infeasible_under_safety_checks,0
P2_S3_B3_seed1005,S3,B3,"plant@(12.000,2.000)",1,r1.00_a150,150,1.0,11.13397459621556,2.5,False,True,False,,0.22530608699889854,path_infeasible_under_safety_checks,0
P2_S3_B3_seed1005,S3,B3,"plant@(12.000,2.000)",1,r1.20_a210,210,1.2,10.960769515458674,1.4,False,True,False,,0.21233963800477795,path_infeasible_under_safety_checks,0
P2_S3_B3_seed1005,S3,B3,"plant@(12.000,2.000)",1,r0.80_a180,180,0.8,11.2,2.0,False,True,False,,0.2182506450044457,path_infeasible_under_safety_checks,0
P2_S3_B3_seed1005,S3,B3,"plant@(12.000,2.000)",1,r1.00_a210,210,1.0,11.13397459621556,1.5,False,True,False,,0.33499668102012947,path_infeasible_under_safety_checks,0
P2_S3_B3_seed1005,S3,B3,"plant@(12.000,2.000)",1,r0.80_a150,150,0.8,11.30717967697245,2.4,False,True,False,,0.28228286499506794,path_infeasible_under_safety_checks,0
P2_S3_B3_seed1005,S3,B3,"plant@(12.000,2.000)",1,r1.20_a120,120,1.2,11.4,3.0392304845413265,False,True,False,,0.2830433350172825,path_infeasible_under_safety_checks,0
P2_S3_B3_seed1005,S3,B3,"plant@(12.000,2.000)",1,r0.80_a210,210,0.8,11.30717967697245,1.5999999999999999,False,True,False,,0.2887787999934517,path_infeasible_under_safety_checks,0
P2_S3_B3_seed1005,S3,B3,"plant@(12.000,2.000)",1,r1.00_a120,120,1.0,11.5,2.866025403784439,False,True,False,,0.2793648870137986,path_infeasible_under_safety_checks,0
P2_S3_B3_seed1005,S3,B3,"plant@(12.000,2.000)",1,r0.80_a120,120,0.8,11.6,2.692820323027551,False,True,False,,0.2849741909885779,path_infeasible_under_safety_checks,0
P2_S3_B3_seed1005,S3,B3,"plant@(12.000,2.000)",1,r1.00_a240,240,1.0,11.5,1.1339745962155616,False,True,False,,0.26536632000352256,path_infeasible_under_safety_checks,0
P2_S3_B3_seed1005,S3,B3,"plant@(12.000,2.000)",1,r0.80_a240,240,0.8,11.6,1.3071796769724493,False,True,False,,0.28660039900569245,path_infeasible_under_safety_checks,0
P2_S3_B3_seed1005,S3,B3,"plant@(12.000,2.000)",1,r1.00_a090,90,1.0,12.0,3.0,False,True,False,,0.2674890589842107,path_infeasible_under_safety_checks,0
P2_S3_B3_seed1005,S3,B3,"plant@(12.000,2.000)",1,r0.80_a090,90,0.8,12.0,2.8,False,True,False,,0.2643143930181395,path_infeasible_under_safety_checks,0
P2_S3_B3_seed1005,S3,B3,"plant@(12.000,2.000)",1,r0.80_a270,270,0.8,12.0,1.2,False,True,False,,0.277136196003994,path_infeasible_under_safety_checks,0
P2_S3_B3_seed1005,S3,B3,"plant@(12.000,2.000)",1,r1.00_a270,270,1.0,12.0,1.0,False,True,False,,0.2781245350197423,path_infeasible_under_safety_checks,0
P2_S3_B3_seed1006,S3,B3,"plant@(2.000,3.000)",1,r1.20_a240,240,1.2,1.3999999999999995,1.960769515458674,True,True,True,2.4021980321074725,0.16828827498829924,,1
P2_S3_B3_seed1006,S3,B3,"plant@(2.000,3.000)",1,r1.20_a210,210,1.2,0.9607695154586737,2.4,True,True,True,2.5982584977119902,0.19738995999796316,,0
P2_S3_B3_seed1006,S3,B3,"plant@(2.000,3.000)",1,r1.00_a240,240,1.0,1.4999999999999996,2.1339745962155616,True,True,True,2.602031634036085,0.17246888298541307,,0
P2_S3_B3_seed1006,S3,B3,"plant@(2.000,3.000)",1,r1.20_a270,270,1.2,1.9999999999999998,1.8,True,True,True,2.6786582306225384,0.18129191899788566,,0
P2_S3_B3_seed1006,S3,B3,"plant@(2.000,3.000)",1,r1.00_a210,210,1.0,1.1339745962155614,2.5,True,True,True,2.74531223429477,0.18523180202464573,,0
P2_S3_B3_seed1006,S3,B3,"plant@(2.000,3.000)",1,r0.80_a240,240,0.8,1.5999999999999996,2.3071796769724493,True,True,True,2.803764317979718,0.17984948001685552,,0
P2_S3_B3_seed1006,S3,B3,"plant@(2.000,3.000)",1,r1.00_a270,270,1.0,1.9999999999999998,2.0,True,True,True,2.816025931651265,0.17985274500097148,,0
P2_S3_B3_seed1006,S3,B3,"plant@(2.000,3.000)",1,r0.80_a210,210,0.8,1.307179676972449,2.5999999999999996,True,True,True,2.9198346466490075,0.18844742100918666,,0
P2_S3_B3_seed1006,S3,B3,"plant@(2.000,3.000)",1,r0.80_a270,270,0.8,1.9999999999999998,2.2,True,True,True,2.96247563771313,0.1927914590050932,,0
P2_S3_B3_seed1006,S3,B3,"plant@(2.000,3.000)",1,r1.20_a180,180,1.2,0.8,3.0,True,True,True,3.1847430226150277,0.21385398498387076,,0
P2_S3_B3_seed1006,S3,B3,"plant@(2.000,3.000)",1,r1.00_a180,180,1.0,1.0,3.0,True,True,True,3.169875174869212,0.20362869199016131,,0
P2_S3_B3_seed1006,S3,B3,"plant@(2.000,3.000)",1,r0.80_a180,180,0.8,1.2,3.0,True,True,True,3.2416304739555724,0.2076383999956306,,0
P2_S3_B3_seed1006,S3,B3,"plant@(2.000,3.000)",1,r1.20_a300,300,1.2,2.6,1.9607695154586737,True,True,True,3.2493641108315225,0.21314532100223005,,0
P2_S3_B3_seed1006,S3,B3,"plant@(2.000,3.000)",1,r1.00_a300,300,1.0,2.5,2.1339745962155616,True,True,True,3.2803082874835803,0.21790042900829576,,0
P2_S3_B3_seed1006,S3,B3,"plant@(2.000,3.000)",1,r0.80_a300,300,0.8,2.4000000000000004,2.3071796769724493,True,True,True,3.3238474265494395,0.22696169099071994,,0
P2_S3_B3_seed1006,S3,B3,"plant@(2.000,3.000)",1,r0.80_a150,150,0.8,1.3071796769724489,3.4,True,True,True,3.697423411089156,0.2549228570132982,,0
P2_S3_B3_seed1006,S3,B3,"plant@(2.000,3.000)",1,r1.00_a150,150,1.0,1.1339745962155612,3.5,True,True,True,3.688042177210573,0.2618343759968411,,0
P2_S3_B3_seed1006,S3,B3,"plant@(2.000,3.000)",1,r1.20_a150,150,1.2,0.9607695154586735,3.5999999999999996,True,True,True,3.7664397493190878,0.243623223999748,,0
P2_S3_B3_seed1006,S3,B3,"plant@(2.000,3.000)",1,r0.80_a330,330,0.8,2.6928203230275507,2.5999999999999996,True,True,True,3.7670170039224296,0.2605009739927482,,0
P2_S3_B3_seed1006,S3,B3,"plant@(2.000,3.000)",1,r1.00_a330,330,1.0,2.8660254037844384,2.4999999999999996,True,True,True,3.8177101866375125,0.2483225460164249,,0
P2_S3_B3_seed1006,S3,B3,"plant@(2.000,3.000)",1,r1.20_a330,330,1.2,3.039230484541326,2.3999999999999995,True,True,True,3.862814351084195,0.25947298502433114,,0
P2_S3_B3_seed1006,S3,B3,"plant@(2.000,3.000)",1,r0.80_a000,0,0.8,2.8,3.0,True,True,True,4.198710423429075,0.25746929401066154,,0
P2_S3_B3_seed1006,S3,B3,"plant@(2.000,3.000)",1,r1.00_a120,120,1.0,1.5000000000000002,3.866025403784439,True,True,True,4.349087003878647,0.2941255119803827,,0
P2_S3_B3_seed1006,S3,B3,"plant@(2.000,3.000)",1,r1.00_a000,0,1.0,3.0,3.0,True,True,True,4.262439227569819,0.2748907629866153,,0
P2_S3_B3_seed1006,S3,B3,"plant@(2.000,3.000)",1,r1.20_a120,120,1.2,1.4000000000000004,4.039230484541326,True,True,True,4.307100999716338,0.2925720100174658,,0
P2_S3_B3_seed1006,S3,B3,"plant@(2.000,3.000)",1,r0.80_a030,30,0.8,2.692820323027551,3.4,True,True,True,4.6843439254528665,0.3098411020182539,,0
P2_S3_B3_seed1006,S3,B3,"plant@(2.000,3.000)",1,r1.20_a000,0,1.2,3.2,3.0,True,True,True,4.391661197065614,0.2987454110116232,,0
P2_S3_B3_seed1006,S3,B3,"plant@(2.000,3.000)",1,r1.00_a090,90,1.0,2.0,4.0,True,True,True,4.93275588851247,0.3365368600061629,,0
P2_S3_B3_seed1006,S3,B3,"plant@(2.000,3.000)",1,r1.00_a030,30,1.0,2.866025403784439,3.5,True,True,True,4.733839035284139,0.3164531500078738,,0
P2_S3_B3_seed1006,S3,B3,"plant@(2.000,3.000)",1,r1.00_a060,60,1.0,2.5,3.8660254037844384,True,True,True,5.290531886297779,0.43419055500999093,,0
P2_S3_B3_seed1006,S3,B3,"plant@(2.000,3.000)",1,r1.20_a090,90,1.2,2.0,4.2,True,True,True,4.937109901060667,0.32802984601585194,,0
P2_S3_B3_seed1006,S3,B3,"plant@(2.000,3.000)",1,r1.20_a030,30,1.2,3.0392304845413265,3.5999999999999996,True,True,True,4.865006267629385,0.322274573991308,,0
P2_S3_B3_seed1006,S3,B3,"plant@(-6.000,4.500)",1,r1.20_a330,330,1.2,-4.960769515458674,3.8999999999999995,True,True,True,7.791318019268132,0.27959408800234087,,0
P2_S3_B3_seed1006,S3,B3,"plant@(-6.000,4.500)",1,r1.20_a000,0,1.2,-4.8,4.5,True,True,True,7.592004018360777,0.2709960360080004,,1
P2_S3_B3_seed1006,S3,B3,"plant@(-6.000,4.500)",1,r1.00_a330,330,1.0,-5.133974596215562,3.9999999999999996,True,True,True,7.922451298013273,0.28425912201055326,,0
P2_S3_B3_seed1006,S3,B3,"plant@(-6.000,4.500)",1,r1.00_a000,0,1.0,-5.0,4.5,True,True,True,7.705130894592871,0.27473790702060796,,0
P2_S3_B3_seed1006,S3,B3,"plant@(-6.000,4.500)",1,r1.20_a300,300,1.2,-5.4,3.460769515458674,True,True,False,,0.26913058597710915,path_infeasible_under_safety_checks,0
P2_S3_B3_seed1006,S3,B3,"plant@(-6.000,4.500)",1,r0.80_a330,330,0.8,-5.307179676972449,4.1,True,True,True,8.031974997784543,0.2948118839995004,,0
P2_S3_B3_seed1006,S3,B3,"plant@(-6.000,4.500)",1,r0.80_a000,0,0.8,-5.2,4.5,True,True,True,7.899903364513001,0.295293358998606,,0
P2_S3_B3_seed1006,S3,B3,"plant@(-6.000,4.500)",1,r1.20_a030,30,1.2,-4.960769515458674,5.1,True,True,True,7.720120417866004,0.2783093360194471,,0
P2_S3_B3_seed1006,S3,B3,"plant@(-6.000,4.500)",1,r1.00_a030,30,1.0,-5.133974596215562,5.0,True,True,True,8.138973600238801,0.2798000329930801,,0
P2_S3_B3_seed1006,S3,B3,"plant@(-6.000,4.500)",1,r0.80_a030,30,0.8,-5.307179676972449,4.9,True,True,True,8.030881616638638,0.3019515830092132,,0
P2_S3_B3_seed1006,S3,B3,"plant@(-6.000,4.500)",1,r1.20_a060,60,1.2,-5.4,5.539230484541326,True,True,False,,0.2943860639934428,path_infeasible_under_safety_checks,0
P2_S3_B3_seed1006,S3,B3,"plant@(-6.000,4.500)",1,r1.20_a240,240,1.2,-6.6000000000000005,3.460769515458674,True,True,False,,0.17323437400045805,path_infeasible_under_safety_checks,0
P2_S3_B3_seed1006,S3,B3,"plant@(-6.000,4.500)",1,r0.80_a210,210,0.8,-6.692820323027551,4.1,True,True,True,11.469268701222969,0.2893178340164013,,0
P2_S3_B3_seed1006,S3,B3,"plant@(-6.000,4.500)",1,r1.00_a210,210,1.0,-6.866025403784438,4.0,True,True,False,,0.18746288298279978,path_infeasible_under_safety_checks,0
P2_S3_B3_seed1006,S3,B3,"plant@(-6.000,4.500)",1,r0.80_a180,180,0.8,-6.8,4.5,True,True,True,11.045268313355834,0.27282047100015916,,0
P2_S3_B3_seed1006,S3,B3,"plant@(-6.000,4.500)",1,r1.00_a120,120,1.0,-6.5,5.366025403784438,True,True,False,,0.2539566599880345,path_infeasible_under_safety_checks,0
P2_S3_B3_seed1006,S3,B3,"plant@(-6.000,4.500)",1,r0.80_a150,150,0.8,-6.692820323027551,4.9,True,True,True,10.891309171877168,0.27100661300937645,,0
P2_S3_B3_seed1006,S3,B3,"plant@(-6.000,4.500)",1,r1.20_a210,210,1.2,-7.039230484541326,3.9,True,True,False,,0.18541695000021718,path_infeasible_under_safety_checks,0
P2_S3_B3_seed1006,S3,B3,"plant@(-6.000,4.500)",1,r1.20_a120,120,1.2,-6.6,5.539230484541326,True,True,True,9.958275131913988,0.24271488498197868,,0
P2_S3_B3_seed1006,S3,B3,"plant@(-6.000,4.500)",1,r1.00_a180,180,1.0,-7.0,4.5,True,True,True,11.095473163869553,0.2757674400054384,,0
P2_S3_B3_seed1006,S3,B3,"plant@(-6.000,4.500)",1,r1.00_a150,150,1.0,-6.866025403784438,5.0,True,True,True,10.541131584929841,0.25941559599596076,,0
P2_S3_B3_seed1006,S3,B3,"plant@(-6.000,4.500)",1,r1.20_a180,180,1.2,-7.2,4.5,True,True,True,11.158284081011002,0.26411375700263306,,0
P2_S3_B3_seed1006,S3,B3,"plant@(-6.000,4.500)",1,r1.20_a150,150,1.2,-7.039230484541326,5.1,True,True,True,10.53322450001952,0.26086874000611715,,0
P2_S3_B3_seed1006,S3,B3,"plant@(-6.000,4.500)",1,r1.00_a300,300,1.0,-5.5,3.6339745962155616,False,True,False,,0.2928746190154925,path_infeasible_under_safety_checks,0
P2_S3_B3_seed1006,S3,B3,"plant@(-6.000,4.500)",1,r0.80_a300,300,0.8,-5.6,3.8071796769724493,False,True,False,,0.32142261500121094,path_infeasible_under_safety_checks,0
P2_S3_B3_seed1006,S3,B3,"plant@(-6.000,4.500)",1,r1.20_a270,270,1.2,-6.0,3.3,False,True,False,,0.25859307299833745,path_infeasible_under_safety_checks,0
P2_S3_B3_seed1006,S3,B3,"plant@(-6.000,4.500)",1,r1.00_a270,270,1.0,-6.0,3.5,False,True,False,,0.29982549502165057,path_infeasible_under_safety_checks,0
P2_S3_B3_seed1006,S3,B3,"plant@(-6.000,4.500)",1,r0.80_a270,270,0.8,-6.0,3.7,False,True,False,,0.30827011697692797,path_infeasible_under_safety_checks,0
P2_S3_B3_seed1006,S3,B3,"plant@(-6.000,4.500)",1,r1.00_a060,60,1.0,-5.5,5.366025403784438,False,True,False,,0.2998817379993852,path_infeasible_under_safety_checks,0
P2_S3_B3_seed1006,S3,B3,"plant@(-6.000,4.500)",1,r0.80_a060,60,0.8,-5.6,5.192820323027551,False,True,False,,0.29449178199865855,path_infeasible_under_safety_checks,0
P2_S3_B3_seed1006,S3,B3,"plant@(-6.000,4.500)",1,r0.80_a240,240,0.8,-6.4,3.8071796769724493,False,True,False,,0.2098116090055555,path_infeasible_under_safety_checks,0
P2_S3_B3_seed1006,S3,B3,"plant@(-6.000,4.500)",1,r1.00_a240,240,1.0,-6.5,3.6339745962155616,False,True,False,,0.1899572290130891,path_infeasible_under_safety_checks,0
P2_S3_B3_seed1006,S3,B3,"plant@(12.000,2.000)",1,r1.20_a240,240,1.2,11.399999999999999,0.960769515458674,True,True,True,21.5267224825696,0.29912303198943846,,1
P2_S3_B3_seed1006,S3,B3,"plant@(12.000,2.000)",1,r1.20_a090,90,1.2,12.0,3.2,True,True,False,,0.09987297799671069,path_infeasible_under_safety_checks,0
P2_S3_B3_seed1006,S3,B3,"plant@(12.000,2.000)",1,r0.80_a060,60,0.8,12.4,2.6928203230275507,True,True,False,,0.09950374497566372,path_infeasible_under_safety_checks,0
P2_S3_B3_seed1006,S3,B3,"plant@(12.000,2.000)",1,r1.00_a060,60,1.0,12.5,2.8660254037844384,True,True,False,,0.10056609701132402,path_infeasible_under_safety_checks,0
P2_S3_B3_seed1006,S3,B3,"plant@(12.000,2.000)",1,r1.20_a060,60,1.2,12.6,3.039230484541326,True,True,False,,0.09365887200692669,path_infeasible_under_safety_checks,0
P2_S3_B3_seed1006,S3,B3,"plant@(12.000,2.000)",1,r0.80_a030,30,0.8,12.69282032302755,2.4,True,True,False,,0.09529347901116125,path_infeasible_under_safety_checks,0
P2_S3_B3_seed1006,S3,B3,"plant@(12.000,2.000)",1,r0.80_a330,330,0.8,12.69282032302755,1.5999999999999996,True,True,False,,0.09889162701438181,path_infeasible_under_safety_checks,0
P2_S3_B3_seed1006,S3,B3,"plant@(12.000,2.000)",1,r1.00_a030,30,1.0,12.86602540378444,2.5,True,True,False,,0.10805372599861585,path_infeasible_under_safety_checks,0
P2_S3_B3_seed1006,S3,B3,"plant@(12.000,2.000)",1,r0.80_a000,0,0.8,12.8,2.0,True,True,False,,0.10232383597758599,path_infeasible_under_safety_checks,0
P2_S3_B3_seed1006,S3,B3,"plant@(12.000,2.000)",1,r1.00_a330,330,1.0,12.866025403784437,1.4999999999999996,True,True,False,,0.10653702501440421,path_infeasible_under_safety_checks,0
P2_S3_B3_seed1006,S3,B3,"plant@(12.000,2.000)",1,r1.20_a030,30,1.2,13.039230484541326,2.5999999999999996,True,True,False,,0.09617049698135816,path_infeasible_under_safety_checks,0
P2_S3_B3_seed1006,S3,B3,"plant@(12.000,2.000)",1,r1.00_a000,0,1.0,13.0,2.0,True,True,False,,0.0996636240161024,path_infeasible_under_safety_checks,0
P2_S3_B3_seed1006,S3,B3,"plant@(12.000,2.000)",1,r1.20_a330,330,1.2,13.039230484541326,1.3999999999999995,True,True,False,,0.09984612400876358,path_infeasible_under_safety_checks,0
P2_S3_B3_seed1006,S3,B3,"plant@(12.000,2.000)",1,r1.20_a000,0,1.2,13.2,2.0,True,True,False,,0.10309816399239935,path_infeasible_under_safety_checks,0
P2_S3_B3_seed1006,S3,B3,"plant@(12.000,2.000)",1,r1.20_a180,180,1.2,10.8,2.0,False,True,False,,0.2909944209968671,path_infeasible_under_safety_checks,0
P2_S3_B3_seed1006,S3,B3,"plant@(12.000,2.000)",1,r1.20_a150,150,1.2,10.960769515458674,2.5999999999999996,False,True,False,,0.10758746997453272,path_infeasible_under_safety_checks,0
P2_S3_B3_seed1006,S3,B3,"plant@(12.000,2.000)",1,r1.00_a180,180,1.0,11.0,2.0,False,True,False,,0.3066996480047237,path_infeasible_under_safety_checks,0
P2_S3_B3_seed1006,S3,B3,"plant@(12.000,2.000)",1,r1.00_a150,150,1.0,11.13397459621556,2.5,False,True,False,,0.28475432901177555,path_infeasible_under_safety_checks,0
P2_S3_B3_seed1006,S3,B3,"plant@(12.000,2.000)",1,r1.20_a210,210,1.2,10.960769515458674,1.4,False,True,False,,0.22656050801742822,path_infeasible_under_safety_checks,0
P2_S3_B3_seed1006,S3,B3,"plant@(12.000,2.000)",1,r0.80_a180,180,0.8,11.2,2.0,False,True,False,,0.2862454240093939,path_infeasible_under_safety_checks,0
P2_S3_B3_seed1006,S3,B3,"plant@(12.000,2.000)",1,r1.00_a210,210,1.0,11.13397459621556,1.5,False,True,False,,0.3006069219845813,path_infeasible_under_safety_checks,0
P2_S3_B3_seed1006,S3,B3,"plant@(12.000,2.000)",1,r0.80_a150,150,0.8,11.30717967697245,2.4,False,True,False,,0.286376581992954,path_infeasible_under_safety_checks,0
P2_S3_B3_seed1006,S3,B3,"plant@(12.000,2.000)",1,r1.20_a120,120,1.2,11.4,3.0392304845413265,False,True,False,,0.12492921101511456,path_infeasible_under_safety_checks,0
P2_S3_B3_seed1006,S3,B3,"plant@(12.000,2.000)",1,r0.80_a210,210,0.8,11.30717967697245,1.5999999999999999,False,True,False,,0.31312251000781544,path_infeasible_under_safety_checks,0
P2_S3_B3_seed1006,S3,B3,"plant@(12.000,2.000)",1,r1.00_a120,120,1.0,11.5,2.866025403784439,False,True,False,,0.1289870000036899,path_infeasible_under_safety_checks,0
P2_S3_B3_seed1006,S3,B3,"plant@(12.000,2.000)",1,r0.80_a120,120,0.8,11.6,2.692820323027551,False,True,False,,0.12080660997889936,path_infeasible_under_safety_checks,0
P2_S3_B3_seed1006,S3,B3,"plant@(12.000,2.000)",1,r1.00_a240,240,1.0,11.5,1.1339745962155616,False,True,False,,0.21949430499807931,path_infeasible_under_safety_checks,0
P2_S3_B3_seed1006,S3,B3,"plant@(12.000,2.000)",1,r0.80_a240,240,0.8,11.6,1.3071796769724493,False,True,False,,0.2338309779879637,path_infeasible_under_safety_checks,0
P2_S3_B3_seed1006,S3,B3,"plant@(12.000,2.000)",1,r1.00_a090,90,1.0,12.0,3.0,False,True,False,,0.09990101601579227,path_infeasible_under_safety_checks,0
P2_S3_B3_seed1006,S3,B3,"plant@(12.000,2.000)",1,r0.80_a090,90,0.8,12.0,2.8,False,True,False,,0.10719831800088286,path_infeasible_under_safety_checks,0
P2_S3_B3_seed1006,S3,B3,"plant@(12.000,2.000)",1,r0.80_a270,270,0.8,12.0,1.2,False,True,False,,0.24506653999560513,path_infeasible_under_safety_checks,0
P2_S3_B3_seed1006,S3,B3,"plant@(12.000,2.000)",1,r1.00_a270,270,1.0,12.0,1.0,False,True,False,,0.23204405599972233,path_infeasible_under_safety_checks,0
P2_S3_B3_seed1007,S3,B3,"plant@(2.000,3.000)",1,r1.20_a240,240,1.2,1.3999999999999995,1.960769515458674,True,True,True,2.4021980321074725,0.16289541198057123,,1
P2_S3_B3_seed1007,S3,B3,"plant@(2.000,3.000)",1,r1.20_a210,210,1.2,0.9607695154586737,2.4,True,True,True,2.5982584977119902,0.18130657100118697,,0
P2_S3_B3_seed1007,S3,B3,"plant@(2.000,3.000)",1,r1.00_a240,240,1.0,1.4999999999999996,2.1339745962155616,True,True,True,2.602031634036085,0.1687782360240817,,0
P2_S3_B3_seed1007,S3,B3,"plant@(2.000,3.000)",1,r1.20_a270,270,1.2,1.9999999999999998,1.8,True,True,True,2.6786582306225384,0.18108837099862285,,0
P2_S3_B3_seed1007,S3,B3,"plant@(2.000,3.000)",1,r1.00_a210,210,1.0,1.1339745962155614,2.5,True,True,True,2.74531223429477,0.19155487100942992,,0
P2_S3_B3_seed1007,S3,B3,"plant@(2.000,3.000)",1,r0.80_a240,240,0.8,1.5999999999999996,2.3071796769724493,True,True,True,2.803764317979718,0.18737265799427405,,0
P2_S3_B3_seed1007,S3,B3,"plant@(2.000,3.000)",1,r1.00_a270,270,1.0,1.9999999999999998,2.0,True,True,True,2.816025931651265,0.19564305001404136,,0
P2_S3_B3_seed1007,S3,B3,"plant@(2.000,3.000)",1,r0.80_a210,210,0.8,1.307179676972449,2.5999999999999996,True,True,True,2.9198346466490075,0.1896991590037942,,0
P2_S3_B3_seed1007,S3,B3,"plant@(2.000,3.000)",1,r0.80_a270,270,0.8,1.9999999999999998,2.2,True,True,True,2.96247563771313,0.19497595998109318,,0
P2_S3_B3_seed1007,S3,B3,"plant@(2.000,3.000)",1,r1.20_a180,180,1.2,0.8,3.0,True,True,True,3.1847430226150277,0.2128542110149283,,0
P2_S3_B3_seed1007,S3,B3,"plant@(2.000,3.000)",1,r1.00_a180,180,1.0,1.0,3.0,True,True,True,3.169875174869212,0.2119358159834519,,0
P2_S3_B3_seed1007,S3,B3,"plant@(2.000,3.000)",1,r0.80_a180,180,0.8,1.2,3.0,True,True,True,3.2416304739555724,0.2127158629882615,,0
P2_S3_B3_seed1007,S3,B3,"plant@(2.000,3.000)",1,r1.20_a300,300,1.2,2.6,1.9607695154586737,True,True,True,3.2493641108315225,0.20825632201740518,,0
P2_S3_B3_seed1007,S3,B3,"plant@(2.000,3.000)",1,r1.00_a300,300,1.0,2.5,2.1339745962155616,True,True,True,3.2803082874835803,0.21192784700542688,,0
P2_S3_B3_seed1007,S3,B3,"plant@(2.000,3.000)",1,r0.80_a300,300,0.8,2.4000000000000004,2.3071796769724493,True,True,True,3.3238474265494395,0.2161412090063095,,0
P2_S3_B3_seed1007,S3,B3,"plant@(2.000,3.000)",1,r0.80_a150,150,0.8,1.3071796769724489,3.4,True,True,True,3.697423411089156,0.24112972000148147,,0
P2_S3_B3_seed1007,S3,B3,"plant@(2.000,3.000)",1,r1.00_a150,150,1.0,1.1339745962155612,3.5,True,True,True,3.688042177210573,0.29046763898804784,,0
P2_S3_B3_seed1007,S3,B3,"plant@(2.000,3.000)",1,r1.20_a150,150,1.2,0.9607695154586735,3.5999999999999996,True,True,True,3.7664397493190878,0.2556685770105105,,0
P2_S3_B3_seed1007,S3,B3,"plant@(2.000,3.000)",1,r0.80_a330,330,0.8,2.6928203230275507,2.5999999999999996,True,True,True,3.7670170039224296,0.2487035800004378,,0
P2_S3_B3_seed1007,S3,B3,"plant@(2.000,3.000)",1,r1.00_a330,330,1.0,2.8660254037844384,2.4999999999999996,True,True,True,3.8177101866375125,0.25201308500254527,,0
P2_S3_B3_seed1007,S3,B3,"plant@(2.000,3.000)",1,r1.20_a330,330,1.2,3.039230484541326,2.3999999999999995,True,True,True,3.862814351084195,0.2565610019955784,,0
P2_S3_B3_seed1007,S3,B3,"plant@(2.000,3.000)",1,r0.80_a000,0,0.8,2.8,3.0,True,True,True,4.198710423429075,0.2689262079948094,,0
P2_S3_B3_seed1007,S3,B3,"plant@(2.000,3.000)",1,r1.00_a120,120,1.0,1.5000000000000002,3.866025403784439,True,True,True,4.349087003878647,0.2836160440056119,,0
P2_S3_B3_seed1007,S3,B3,"plant@(2.000,3.000)",1,r1.00_a000,0,1.0,3.0,3.0,True,True,True,4.262439227569819,0.28356429998530075,,0
P2_S3_B3_seed1007,S3,B3,"plant@(2.000,3.000)",1,r1.20_a120,120,1.2,1.4000000000000004,4.039230484541326,True,True,True,4.307100999716338,0.2832566819852218,,0
P2_S3_B3_seed1007,S3,B3,"plant@(2.000,3.000)",1,r0.80_a030,30,0.8,2.692820323027551,3.4,True,True,True,4.6843439254528665,0.3029940920241643,,0
P2_S3_B3_seed1007,S3,B3,"plant@(2.000,3.000)",1,r1.20_a000,0,1.2,3.2,3.0,True,True,True,4.391661197065614,0.2909736220026389,,0
P2_S3_B3_seed1007,S3,B3,"plant@(2.000,3.000)",1,r1.00_a090,90,1.0,2.0,4.0,True,True,True,4.93275588851247,0.3312081420153845,,0
P2_S3_B3_seed1007,S3,B3,"plant@(2.000,3.000)",1,r1.00_a030,30,1.0,2.866025403784439,3.5,True,True,True,4.733839035284139,0.3262761700025294,,0
P2_S3_B3_seed1007,S3,B3,"plant@(2.000,3.000)",1,r1.00_a060,60,1.0,2.5,3.8660254037844384,True,True,True,5.290531886297779,0.3692767729808111,,0
P2_S3_B3_seed1007,S3,B3,"plant@(2.000,3.000)",1,r1.20_a090,90,1.2,2.0,4.2,True,True,True,4.937109901060667,0.33465947600780055,,0
P2_S3_B3_seed1007,S3,B3,"plant@(2.000,3.000)",1,r1.20_a030,30,1.2,3.0392304845413265,3.5999999999999996,True,True,True,4.865006267629385,0.3239940390049014,,0
P2_S3_B3_seed1007,S3,B3,"plant@(-6.000,4.500)",1,r1.20_a330,330,1.2,-4.960769515458674,3.8999999999999995,True,True,True,7.7786912897878375,0.2804818580043502,,0
P2_S3_B3_seed1007,S3,B3,"plant@(-6.000,4.500)",1,r1.20_a000,0,1.2,-4.8,4.5,True,True,True,7.499035933053501,0.27757468601339497,,1
P2_S3_B3_seed1007,S3,B3,"plant@(-6.000,4.500)",1,r1.00_a330,330,1.0,-5.133974596215562,3.9999999999999996,True,True,True,7.967371928005717,0.26402389697614126,,0
P2_S3_B3_seed1007,S3,B3,"plant@(-6.000,4.500)",1,r1.00_a000,0,1.0,-5.0,4.5,True,True,True,7.741200009825955,0.2783712149830535,,0
P2_S3_B3_seed1007,S3,B3,"plant@(-6.000,4.500)",1,r1.20_a300,300,1.2,-5.4,3.460769515458674,True,True,False,,0.2624117500090506,path_infeasible_under_safety_checks,0
P2_S3_B3_seed1007,S3,B3,"plant@(-6.000,4.500)",1,r0.80_a330,330,0.8,-5.307179676972449,4.1,True,True,True,8.02283584172472,0.2852352960035205,,0
P2_S3_B3_seed1007,S3,B3,"plant@(-6.000,4.500)",1,r0.80_a000,0,0.8,-5.2,4.5,True,True,True,7.861927088163996,0.28382140799658373,,0
P2_S3_B3_seed1007,S3,B3,"plant@(-6.000,4.500)",1,r1.20_a030,30,1.2,-4.960769515458674,5.1,True,True,True,7.759571422100919,0.2692663049965631,,0
P2_S3_B3_seed1007,S3,B3,"plant@(-6.000,4.500)",1,r1.00_a030,30,1.0,-5.133974596215562,5.0,True,True,True,8.139981453404344,0.2673068270087242,,0
P2_S3_B3_seed1007,S3,B3,"plant@(-6.000,4.500)",1,r0.80_a030,30,0.8,-5.307179676972449,4.9,True,True,True,8.01229575904147,0.2769754769979045,,0
P2_S3_B3_seed1007,S3,B3,"plant@(-6.000,4.500)",1,r1.20_a060,60,1.2,-5.4,5.539230484541326,True,True,True,8.319400296132509,0.3785940089728683,,0
P2_S3_B3_seed1007,S3,B3,"plant@(-6.000,4.500)",1,r1.20_a240,240,1.2,-6.6000000000000005,3.460769515458674,True,True,False,,0.18648591899545863,path_infeasible_under_safety_checks,0
P2_S3_B3_seed1007,S3,B3,"plant@(-6.000,4.500)",1,r0.80_a210,210,0.8,-6.692820323027551,4.1,True,True,True,11.552453930606083,0.276177435007412,,0
P2_S3_B3_seed1007,S3,B3,"plant@(-6.000,4.500)",1,r1.00_a210,210,1.0,-6.866025403784438,4.0,True,True,False,,0.169856060994789,path_infeasible_under_safety_checks,0
P2_S3_B3_seed1007,S3,B3,"plant@(-6.000,4.500)",1,r0.80_a180,180,0.8,-6.8,4.5,True,True,True,11.102618502045415,0.26551717601250857,,0
P2_S3_B3_seed1007,S3,B3,"plant@(-6.000,4.500)",1,r1.00_a120,120,1.0,-6.5,5.366025403784438,True,True,False,,0.2507098829955794,path_infeasible_under_safety_checks,0
P2_S3_B3_seed1007,S3,B3,"plant@(-6.000,4.500)",1,r0.80_a150,150,0.8,-6.692820323027551,4.9,True,True,True,10.890294239830432,0.2581321769976057,,0
P2_S3_B3_seed1007,S3,B3,"plant@(-6.000,4.500)",1,r1.20_a210,210,1.2,-7.039230484541326,3.9,True,True,False,,0.17465499899117276,path_infeasible_under_safety_checks,0
P2_S3_B3_seed1007,S3,B3,"plant@(-6.000,4.500)",1,r1.20_a120,120,1.2,-6.6,5.539230484541326,True,True,True,10.062821719333614,0.24974388800910674,,0
P2_S3_B3_seed1007,S3,B3,"plant@(-6.000,4.500)",1,r1.00_a180,180,1.0,-7.0,4.5,True,True,True,11.126937983582863,0.26809151499764994,,0
P2_S3_B3_seed1007,S3,B3,"plant@(-6.000,4.500)",1,r1.00_a150,150,1.0,-6.866025403784438,5.0,True,True,True,10.7201005553924,0.25995279700146057,,0
P2_S3_B3_seed1007,S3,B3,"plant@(-6.000,4.500)",1,r1.20_a180,180,1.2,-7.2,4.5,True,True,True,11.157454019179196,0.2647077229921706,,0
P2_S3_B3_seed1007,S3,B3,"plant@(-6.000,4.500)",1,r1.20_a150,150,1.2,-7.039230484541326,5.1,True,True,True,10.547550618129515,0.2581604070146568,,0
P2_S3_B3_seed1007,S3,B3,"plant@(-6.000,4.500)",1,r1.00_a300,300,1.0,-5.5,3.6339745962155616,False,True,False,,0.26227500700042583,path_infeasible_under_safety_checks,0
P2_S3_B3_seed1007,S3,B3,"plant@(-6.000,4.500)",1,r0.80_a300,300,0.8,-5.6,3.8071796769724493,False,True,False,,0.2949599980202038,path_infeasible_under_safety_checks,0
P2_S3_B3_seed1007,S3,B3,"plant@(-6.000,4.500)",1,r1.20_a270,270,1.2,-6.0,3.3,False,True,False,,0.24713609798345715,path_infeasible_under_safety_checks,0
P2_S3_B3_seed1007,S3,B3,"plant@(-6.000,4.500)",1,r1.00_a270,270,1.0,-6.0,3.5,False,True,False,,0.29535801301244646,path_infeasible_under_safety_checks,0
P2_S3_B3_seed1007,S3,B3,"plant@(-6.000,4.500)",1,r0.80_a270,270,0.8,-6.0,3.7,False,True,False,,0.3248318010009825,path_infeasible_under_safety_checks,0
P2_S3_B3_seed1007,S3,B3,"plant@(-6.000,4.500)",1,r1.00_a060,60,1.0,-5.5,5.366025403784438,False,True,False,,0.28382256100303493,path_infeasible_under_safety_checks,0
P2_S3_B3_seed1007,S3,B3,"plant@(-6.000,4.500)",1,r0.80_a060,60,0.8,-5.6,5.192820323027551,False,True,False,,0.28613967800629325,path_infeasible_under_safety_checks,0
P2_S3_B3_seed1007,S3,B3,"plant@(-6.000,4.500)",1,r0.80_a240,240,0.8,-6.4,3.8071796769724493,False,True,False,,0.20410655401065014,path_infeasible_under_safety_checks,0
P2_S3_B3_seed1007,S3,B3,"plant@(-6.000,4.500)",1,r1.00_a240,240,1.0,-6.5,3.6339745962155616,False,True,False,,0.20820540498243645,path_infeasible_under_safety_checks,0
P2_S3_B3_seed1007,S3,B3,"plant@(12.000,2.000)",1,r1.20_a240,240,1.2,11.399999999999999,0.960769515458674,True,True,False,,0.23803020000923425,path_infeasible_under_safety_checks,0
P2_S3_B3_seed1007,S3,B3,"plant@(12.000,2.000)",1,r1.20_a090,90,1.2,12.0,3.2,True,True,False,,0.0993014220148325,path_infeasible_under_safety_checks,0
P2_S3_B3_seed1007,S3,B3,"plant@(12.000,2.000)",1,r0.80_a060,60,0.8,12.4,2.6928203230275507,True,True,False,,0.09911288999137469,path_infeasible_under_safety_checks,0
P2_S3_B3_seed1007,S3,B3,"plant@(12.000,2.000)",1,r1.00_a060,60,1.0,12.5,2.8660254037844384,True,True,False,,0.0947565849928651,path_infeasible_under_safety_checks,0
P2_S3_B3_seed1007,S3,B3,"plant@(12.000,2.000)",1,r1.20_a060,60,1.2,12.6,3.039230484541326,True,True,False,,0.10194603999843821,path_infeasible_under_safety_checks,0
P2_S3_B3_seed1007,S3,B3,"plant@(12.000,2.000)",1,r0.80_a030,30,0.8,12.69282032302755,2.4,True,True,False,,0.0989879560074769,path_infeasible_under_safety_checks,0
P2_S3_B3_seed1007,S3,B3,"plant@(12.000,2.000)",1,r0.80_a330,330,0.8,12.69282032302755,1.5999999999999996,True,True,False,,0.10362155799521133,path_infeasible_under_safety_checks,0
P2_S3_B3_seed1007,S3,B3,"plant@(12.000,2.000)",1,r1.00_a030,30,1.0,12.86602540378444,2.5,True,True,False,,0.09934408898698166,path_infeasible_under_safety_checks,0
P2_S3_B3_seed1007,S3,B3,"plant@(12.000,2.000)",1,r0.80_a000,0,0.8,12.8,2.0,True,True,False,,0.1007212590193376,path_infeasible_under_safety_checks,0
P2_S3_B3_seed1007,S3,B3,"plant@(12.000,2.000)",1,r1.00_a330,330,1.0,12.866025403784437,1.4999999999999996,True,True,False,,0.09874552101246081,path_infeasible_under_safety_checks,0
P2_S3_B3_seed1007,S3,B3,"plant@(12.000,2.000)",1,r1.20_a030,30,1.2,13.039230484541326,2.5999999999999996,True,True,False,,0.09799456901964732,path_infeasible_under_safety_checks,0
P2_S3_B3_seed1007,S3,B3,"plant@(12.000,2.000)",1,r1.00_a000,0,1.0,13.0,2.0,True,True,False,,0.09673193798516877,path_infeasible_under_safety_checks,0
P2_S3_B3_seed1007,S3,B3,"plant@(12.000,2.000)",1,r1.20_a330,330,1.2,13.039230484541326,1.3999999999999995,True,True,False,,0.1009698239795398,path_infeasible_under_safety_checks,0
P2_S3_B3_seed1007,S3,B3,"plant@(12.000,2.000)",1,r1.20_a000,0,1.2,13.2,2.0,True,True,False,,0.10188489701249637,path_infeasible_under_safety_checks,0
P2_S3_B3_seed1007,S3,B3,"plant@(12.000,2.000)",1,r1.20_a180,180,1.2,10.8,2.0,False,True,False,,0.21610158300609328,path_infeasible_under_safety_checks,0
P2_S3_B3_seed1007,S3,B3,"plant@(12.000,2.000)",1,r1.20_a150,150,1.2,10.960769515458674,2.5999999999999996,False,True,False,,0.10869001899845898,path_infeasible_under_safety_checks,0
P2_S3_B3_seed1007,S3,B3,"plant@(12.000,2.000)",1,r1.00_a180,180,1.0,11.0,2.0,False,True,False,,0.24795821600127965,path_infeasible_under_safety_checks,0
P2_S3_B3_seed1007,S3,B3,"plant@(12.000,2.000)",1,r1.00_a150,150,1.0,11.13397459621556,2.5,False,True,False,,0.233902684005443,path_infeasible_under_safety_checks,0
P2_S3_B3_seed1007,S3,B3,"plant@(12.000,2.000)",1,r1.20_a210,210,1.2,10.960769515458674,1.4,False,True,False,,0.23053926901775412,path_infeasible_under_safety_checks,0
P2_S3_B3_seed1007,S3,B3,"plant@(12.000,2.000)",1,r0.80_a180,180,0.8,11.2,2.0,False,True,False,,0.2800829430052545,path_infeasible_under_safety_checks,0
P2_S3_B3_seed1007,S3,B3,"plant@(12.000,2.000)",1,r1.00_a210,210,1.0,11.13397459621556,1.5,False,True,False,,0.24513494802522473,path_infeasible_under_safety_checks,0
P2_S3_B3_seed1007,S3,B3,"plant@(12.000,2.000)",1,r0.80_a150,150,0.8,11.30717967697245,2.4,False,True,False,,0.2345240409777034,path_infeasible_under_safety_checks,0
P2_S3_B3_seed1007,S3,B3,"plant@(12.000,2.000)",1,r1.20_a120,120,1.2,11.4,3.0392304845413265,False,True,False,,0.13364461797755212,path_infeasible_under_safety_checks,0
P2_S3_B3_seed1007,S3,B3,"plant@(12.000,2.000)",1,r0.80_a210,210,0.8,11.30717967697245,1.5999999999999999,False,True,False,,0.23308516497490928,path_infeasible_under_safety_checks,0
P2_S3_B3_seed1007,S3,B3,"plant@(12.000,2.000)",1,r1.00_a120,120,1.0,11.5,2.866025403784439,False,True,False,,0.11839926298125647,path_infeasible_under_safety_checks,0
P2_S3_B3_seed1007,S3,B3,"plant@(12.000,2.000)",1,r0.80_a120,120,0.8,11.6,2.692820323027551,False,True,False,,0.11886361299548298,path_infeasible_under_safety_checks,0
P2_S3_B3_seed1007,S3,B3,"plant@(12.000,2.000)",1,r1.00_a240,240,1.0,11.5,1.1339745962155616,False,True,False,,0.22044897501473315,path_infeasible_under_safety_checks,0
P2_S3_B3_seed1007,S3,B3,"plant@(12.000,2.000)",1,r0.80_a240,240,0.8,11.6,1.3071796769724493,False,True,False,,0.23813196198898368,path_infeasible_under_safety_checks,0
P2_S3_B3_seed1007,S3,B3,"plant@(12.000,2.000)",1,r1.00_a090,90,1.0,12.0,3.0,False,True,False,,0.1026037689880468,path_infeasible_under_safety_checks,0
P2_S3_B3_seed1007,S3,B3,"plant@(12.000,2.000)",1,r0.80_a090,90,0.8,12.0,2.8,False,True,False,,0.10702182201202959,path_infeasible_under_safety_checks,0
P2_S3_B3_seed1007,S3,B3,"plant@(12.000,2.000)",1,r0.80_a270,270,0.8,12.0,1.2,False,True,False,,0.2306985059985891,path_infeasible_under_safety_checks,0
P2_S3_B3_seed1007,S3,B3,"plant@(12.000,2.000)",1,r1.00_a270,270,1.0,12.0,1.0,False,True,False,,0.22734356799628586,path_infeasible_under_safety_checks,0
P2_S3_B3_seed1008,S3,B3,"plant@(2.000,3.000)",1,r1.20_a240,240,1.2,1.3999999999999995,1.960769515458674,True,True,True,2.4021980321074725,0.15708166698459536,,1
P2_S3_B3_seed1008,S3,B3,"plant@(2.000,3.000)",1,r1.20_a210,210,1.2,0.9607695154586737,2.4,True,True,True,2.5982584977119902,0.18711239800904877,,0
P2_S3_B3_seed1008,S3,B3,"plant@(2.000,3.000)",1,r1.00_a240,240,1.0,1.4999999999999996,2.1339745962155616,True,True,True,2.602031634036085,0.17660553799942136,,0
P2_S3_B3_seed1008,S3,B3,"plant@(2.000,3.000)",1,r1.20_a270,270,1.2,1.9999999999999998,1.8,True,True,True,2.6786582306225384,0.18365768299554475,,0
P2_S3_B3_seed1008,S3,B3,"plant@(2.000,3.000)",1,r1.00_a210,210,1.0,1.1339745962155614,2.5,True,True,True,2.74531223429477,0.18033439898863435,,0
P2_S3_B3_seed1008,S3,B3,"plant@(2.000,3.000)",1,r0.80_a240,240,0.8,1.5999999999999996,2.3071796769724493,True,True,True,2.803764317979718,0.1850001270067878,,0
P2_S3_B3_seed1008,S3,B3,"plant@(2.000,3.000)",1,r1.00_a270,270,1.0,1.9999999999999998,2.0,True,True,True,2.816025931651265,0.1816793229954783,,0
P2_S3_B3_seed1008,S3,B3,"plant@(2.000,3.000)",1,r0.80_a210,210,0.8,1.307179676972449,2.5999999999999996,True,True,True,2.9198346466490075,0.19924835799611174,,0
P2_S3_B3_seed1008,S3,B3,"plant@(2.000,3.000)",1,r0.80_a270,270,0.8,1.9999999999999998,2.2,True,True,True,2.96247563771313,0.18283609198988415,,0
P2_S3_B3_seed1008,S3,B3,"plant@(2.000,3.000)",1,r1.20_a180,180,1.2,0.8,3.0,True,True,True,3.1847430226150277,0.19999199800076894,,0
P2_S3_B3_seed1008,S3,B3,"plant@(2.000,3.000)",1,r1.00_a180,180,1.0,1.0,3.0,True,True,True,3.169875174869212,0.20731117500690743,,0
P2_S3_B3_seed1008,S3,B3,"plant@(2.000,3.000)",1,r0.80_a180,180,0.8,1.2,3.0,True,True,True,3.2416304739555724,0.21342399797867984,,0
P2_S3_B3_seed1008,S3,B3,"plant@(2.000,3.000)",1,r1.20_a300,300,1.2,2.6,1.9607695154586737,True,True,True,3.2493641108315225,0.21107752600801177,,0
P2_S3_B3_seed1008,S3,B3,"plant@(2.000,3.000)",1,r1.00_a300,300,1.0,2.5,2.1339745962155616,True,True,True,3.2803082874835803,0.20535932699567638,,0
P2_S3_B3_seed1008,S3,B3,"plant@(2.000,3.000)",1,r0.80_a300,300,0.8,2.4000000000000004,2.3071796769724493,True,True,True,3.3238474265494395,0.2154352219949942,,0
P2_S3_B3_seed1008,S3,B3,"plant@(2.000,3.000)",1,r0.80_a150,150,0.8,1.3071796769724489,3.4,True,True,True,3.697423411089156,0.24144197400892153,,0
P2_S3_B3_seed1008,S3,B3,"plant@(2.000,3.000)",1,r1.00_a150,150,1.0,1.1339745962155612,3.5,True,True,True,3.688042177210573,0.25396255901432596,,0
P2_S3_B3_seed1008,S3,B3,"plant@(2.000,3.000)",1,r1.20_a150,150,1.2,0.9607695154586735,3.5999999999999996,True,True,True,3.7664397493190878,0.25610054199933074,,0
P2_S3_B3_seed1008,S3,B3,"plant@(2.000,3.000)",1,r0.80_a330,330,0.8,2.6928203230275507,2.5999999999999996,True,True,True,3.7670170039224296,0.24483417699229904,,0
P2_S3_B3_seed1008,S3,B3,"plant@(2.000,3.000)",1,r1.00_a330,330,1.0,2.8660254037844384,2.4999999999999996,True,True,True,3.8177101866375125,0.2464573090255726,,0
P2_S3_B3_seed1008,S3,B3,"plant@(2.000,3.000)",1,r1.20_a330,330,1.2,3.039230484541326,2.3999999999999995,True,True,True,3.862814351084195,0.2645091310259886,,0
P2_S3_B3_seed1008,S3,B3,"plant@(2.000,3.000)",1,r0.80_a000,0,0.8,2.8,3.0,True,True,True,4.198710423429075,0.26064710298669524,,0
P2_S3_B3_seed1008,S3,B3,"plant@(2.000,3.000)",1,r1.00_a120,120,1.0,1.5000000000000002,3.866025403784439,True,True,True,4.349087003878647,0.2826556060172152,,0
P2_S3_B3_seed1008,S3,B3,"plant@(2.000,3.000)",1,r1.00_a000,0,1.0,3.0,3.0,True,True,True,4.262439227569819,0.27539507200708613,,0
P2_S3_B3_seed1008,S3,B3,"plant@(2.000,3.000)",1,r1.20_a120,120,1.2,1.4000000000000004,4.039230484541326,True,True,True,4.307100999716338,0.27830047099268995,,0
P2_S3_B3_seed1008,S3,B3,"plant@(2.000,3.000)",1,r0.80_a030,30,0.8,2.692820323027551,3.4,True,True,True,4.6843439254528665,0.2948573949979618,,0
P2_S3_B3_seed1008,S3,B3,"plant@(2.000,3.000)",1,r1.20_a000,0,1.2,3.2,3.0,True,True,True,4.391661197065614,0.2866154930088669,,0
P2_S3_B3_seed1008,S3,B3,"plant@(2.000,3.000)",1,r1.00_a090,90,1.0,2.0,4.0,True,True,True,4.93275588851247,0.3162295819784049,,0
P2_S3_B3_seed1008,S3,B3,"plant@(2.000,3.000)",1,r1.00_a030,30,1.0,2.866025403784439,3.5,True,True,True,4.733839035284139,0.2944910259975586,,0
P2_S3_B3_seed1008,S3,B3,"plant@(2.000,3.000)",1,r1.00_a060,60,1.0,2.5,3.8660254037844384,True,True,True,5.290531886297779,0.3917554240033496,,0
P2_S3_B3_seed1008,S3,B3,"plant@(2.000,3.000)",1,r1.20_a090,90,1.2,2.0,4.2,True,True,True,4.937109901060667,0.32260936399688944,,0
P2_S3_B3_seed1008,S3,B3,"plant@(2.000,3.000)",1,r1.20_a030,30,1.2,3.0392304845413265,3.5999999999999996,True,True,True,4.865006267629385,0.31818234600359574,,0
P2_S3_B3_seed1008,S3,B3,"plant@(-6.000,4.500)",1,r1.20_a330,330,1.2,-4.960769515458674,3.8999999999999995,True,True,True,7.7786912897878375,0.2711443070147652,,0
P2_S3_B3_seed1008,S3,B3,"plant@(-6.000,4.500)",1,r1.20_a000,0,1.2,-4.8,4.5,True,True,True,7.499035933053501,0.26701146899722517,,1
P2_S3_B3_seed1008,S3,B3,"plant@(-6.000,4.500)",1,r1.00_a330,330,1.0,-5.133974596215562,3.9999999999999996,True,True,True,7.967371928005717,0.27565957797924057,,0
P2_S3_B3_seed1008,S3,B3,"plant@(-6.000,4.500)",1,r1.00_a000,0,1.0,-5.0,4.5,True,True,True,7.741200009825955,0.26397822101716883,,0
P2_S3_B3_seed1008,S3,B3,"plant@(-6.000,4.500)",1,r1.20_a300,300,1.2,-5.4,3.460769515458674,True,True,False,,0.26302563899662346,path_infeasible_under_safety_checks,0
P2_S3_B3_seed1008,S3,B3,"plant@(-6.000,4.500)",1,r0.80_a330,330,0.8,-5.307179676972449,4.1,True,True,True,8.02283584172472,0.3000865069916472,,0
P2_S3_B3_seed1008,S3,B3,"plant@(-6.000,4.500)",1,r0.80_a000,0,0.8,-5.2,4.5,True,True,True,7.861927088163996,0.28541760199004784,,0
P2_S3_B3_seed1008,S3,B3,"plant@(-6.000,4.500)",1,r1.20_a030,30,1.2,-4.960769515458674,5.1,True,True,True,7.759571422100919,0.27700185801950283,,0
P2_S3_B3_seed1008,S3,B3,"plant@(-6.000,4.500)",1,r1.00_a030,30,1.0,-5.133974596215562,5.0,True,True,True,8.139981453404344,0.25562497999635525,,0
P2_S3_B3_seed1008,S3,B3,"plant@(-6.000,4.500)",1,r0.80_a030,30,0.8,-5.307179676972449,4.9,True,True,True,8.01229575904147,0.2974132529925555,,0
P2_S3_B3_seed1008,S3,B3,"plant@(-6.000,4.500)",1,r1.20_a060,60,1.2,-5.4,5.539230484541326,True,True,True,8.319400296132509,0.2917507399979513,,0
P2_S3_B3_seed1008,S3,B3,"plant@(-6.000,4.500)",1,r1.20_a240,240,1.2,-6.6000000000000005,3.460769515458674,True,True,False,,0.18115186801878735,path_infeasible_under_safety_checks,0
P2_S3_B3_seed1008,S3,B3,"plant@(-6.000,4.500)",1,r0.80_a210,210,0.8,-6.692820323027551,4.1,True,True,True,11.552453930606083,0.2846951480023563,,0
P2_S3_B3_seed1008,S3,B3,"plant@(-6.000,4.500)",1,r1.00_a210,210,1.0,-6.866025403784438,4.0,True,True,False,,0.17965093400562182,path_infeasible_under_safety_checks,0
P2_S3_B3_seed1008,S3,B3,"plant@(-6.000,4.500)",1,r0.80_a180,180,0.8,-6.8,4.5,True,True,True,11.102618502045415,0.27987039601430297,,0
P2_S3_B3_seed1008,S3,B3,"plant@(-6.000,4.500)",1,r1.00_a120,120,1.0,-6.5,5.366025403784438,True,True,False,,0.24514668600750156,path_infeasible_under_safety_checks,0
P2_S3_B3_seed1008,S3,B3,"plant@(-6.000,4.500)",1,r0.80_a150,150,0.8,-6.692820323027551,4.9,True,True,True,10.890294239830432,0.25933054598863237,,0
P2_S3_B3_seed1008,S3,B3,"plant@(-6.000,4.500)",1,r1.20_a210,210,1.2,-7.039230484541326,3.9,True,True,False,,0.17796119302511215,path_infeasible_under_safety_checks,0
P2_S3_B3_seed1008,S3,B3,"plant@(-6.000,4.500)",1,r1.20_a120,120,1.2,-6.6,5.539230484541326,True,True,True,10.062821719333614,0.23435281999991275,,0
P2_S3_B3_seed1008,S3,B3,"plant@(-6.000,4.500)",1,r1.00_a180,180,1.0,-7.0,4.5,True,True,True,11.126937983582863,0.26664827499189414,,0
P2_S3_B3_seed1008,S3,B3,"plant@(-6.000,4.500)",1,r1.00_a150,150,1.0,-6.866025403784438,5.0,True,True,True,10.7201005553924,0.25127811200218275,,0
P2_S3_B3_seed1008,S3,B3,"plant@(-6.000,4.500)",1,r1.20_a180,180,1.2,-7.2,4.5,True,True,True,11.157454019179196,0.26513849999173544,,0
P2_S3_B3_seed1008,S3,B3,"plant@(-6.000,4.500)",1,r1.20_a150,150,1.2,-7.039230484541326,5.1,True,True,True,10.547550618129515,0.24768039397895336,,0
P2_S3_B3_seed1008,S3,B3,"plant@(-6.000,4.500)",1,r1.00_a300,300,1.0,-5.5,3.6339745962155616,False,True,False,,0.25407998901209794,path_infeasible_under_safety_checks,0
P2_S3_B3_seed1008,S3,B3,"plant@(-6.000,4.500)",1,r0.80_a300,300,0.8,-5.6,3.8071796769724493,False,True,False,,0.29283198999473825,path_infeasible_under_safety_checks,0
P2_S3_B3_seed1008,S3,B3,"plant@(-6.000,4.500)",1,r1.20_a270,270,1.2,-6.0,3.3,False,True,False,,0.27057410599081777,path_infeasible_under_safety_checks,0
P2_S3_B3_seed1008,S3,B3,"plant@(-6.000,4.500)",1,r1.00_a270,270,1.0,-6.0,3.5,False,True,False,,0.269757578993449,path_infeasible_under_safety_checks,0
P2_S3_B3_seed1008,S3,B3,"plant@(-6.000,4.500)",1,r0.80_a270,270,0.8,-6.0,3.7,False,True,False,,0.32287565400474705,path_infeasible_under_safety_checks,0
P2_S3_B3_seed1008,S3,B3,"plant@(-6.000,4.500)",1,r1.00_a060,60,1.0,-5.5,5.366025403784438,False,True,False,,0.2936191069893539,path_infeasible_under_safety_checks,0
P2_S3_B3_seed1008,S3,B3,"plant@(-6.000,4.500)",1,r0.80_a060,60,0.8,-5.6,5.192820323027551,False,True,False,,0.3007574510120321,path_infeasible_under_safety_checks,0
P2_S3_B3_seed1008,S3,B3,"plant@(-6.000,4.500)",1,r0.80_a240,240,0.8,-6.4,3.8071796769724493,False,True,False,,0.21631201199488714,path_infeasible_under_safety_checks,0
P2_S3_B3_seed1008,S3,B3,"plant@(-6.000,4.500)",1,r1.00_a240,240,1.0,-6.5,3.6339745962155616,False,True,False,,0.20900428100139834,path_infeasible_under_safety_checks,0
P2_S3_B3_seed1008,S3,B3,"plant@(12.000,2.000)",1,r1.20_a240,240,1.2,11.399999999999999,0.960769515458674,True,True,False,,0.2251537179981824,path_infeasible_under_safety_checks,0
P2_S3_B3_seed1008,S3,B3,"plant@(12.000,2.000)",1,r1.20_a090,90,1.2,12.0,3.2,True,True,False,,0.09687005099840462,path_infeasible_under_safety_checks,0
P2_S3_B3_seed1008,S3,B3,"plant@(12.000,2.000)",1,r0.80_a060,60,0.8,12.4,2.6928203230275507,True,True,False,,0.09340746601810679,path_infeasible_under_safety_checks,0
P2_S3_B3_seed1008,S3,B3,"plant@(12.000,2.000)",1,r1.00_a060,60,1.0,12.5,2.8660254037844384,True,True,False,,0.10371250999742188,path_infeasible_under_safety_checks,0
P2_S3_B3_seed1008,S3,B3,"plant@(12.000,2.000)",1,r1.20_a060,60,1.2,12.6,3.039230484541326,True,True,False,,0.0957457100157626,path_infeasible_under_safety_checks,0
P2_S3_B3_seed1008,S3,B3,"plant@(12.000,2.000)",1,r0.80_a030,30,0.8,12.69282032302755,2.4,True,True,False,,0.10086978401523083,path_infeasible_under_safety_checks,0
P2_S3_B3_seed1008,S3,B3,"plant@(12.000,2.000)",1,r0.80_a330,330,0.8,12.69282032302755,1.5999999999999996,True,True,False,,0.1019532700011041,path_infeasible_under_safety_checks,0
P2_S3_B3_seed1008,S3,B3,"plant@(12.000,2.000)",1,r0.80_a000,0,0.8,12.8,2.0,True,True,False,,0.10611413398873992,path_infeasible_under_safety_checks,0
P2_S3_B3_seed1008,S3,B3,"plant@(12.000,2.000)",1,r1.00_a030,30,1.0,12.86602540378444,2.5,True,True,False,,0.09935120498994365,path_infeasible_under_safety_checks,0
P2_S3_B3_seed1008,S3,B3,"plant@(12.000,2.000)",1,r1.00_a330,330,1.0,12.866025403784437,1.4999999999999996,True,True,False,,0.10356361500453204,path_infeasible_under_safety_checks,0
P2_S3_B3_seed1008,S3,B3,"plant@(12.000,2.000)",1,r1.20_a030,30,1.2,13.039230484541326,2.5999999999999996,True,True,False,,0.1063158139877487,path_infeasible_under_safety_checks,0
P2_S3_B3_seed1008,S3,B3,"plant@(12.000,2.000)",1,r1.00_a000,0,1.0,13.0,2.0,True,True,False,,0.09895446500740945,path_infeasible_under_safety_checks,0
P2_S3_B3_seed1008,S3,B3,"plant@(12.000,2.000)",1,r1.20_a330,330,1.2,13.039230484541326,1.3999999999999995,True,True,False,,0.10082478998810984,path_infeasible_under_safety_checks,0
P2_S3_B3_seed1008,S3,B3,"plant@(12.000,2.000)",1,r1.20_a000,0,1.2,13.2,2.0,True,True,False,,0.10101631199358962,path_infeasible_under_safety_checks,0
P2_S3_B3_seed1008,S3,B3,"plant@(12.000,2.000)",1,r1.20_a180,180,1.2,10.8,2.0,False,True,False,,0.21967959398170933,path_infeasible_under_safety_checks,0
P2_S3_B3_seed1008,S3,B3,"plant@(12.000,2.000)",1,r1.20_a150,150,1.2,10.960769515458674,2.5999999999999996,False,True,False,,0.11760874700848944,path_infeasible_under_safety_checks,0
P2_S3_B3_seed1008,S3,B3,"plant@(12.000,2.000)",1,r1.00_a180,180,1.0,11.0,2.0,False,True,False,,0.23971580399665982,path_infeasible_under_safety_checks,0
P2_S3_B3_seed1008,S3,B3,"plant@(12.000,2.000)",1,r1.00_a150,150,1.0,11.13397459621556,2.5,False,True,False,,0.2277593899925705,path_infeasible_under_safety_checks,0
P2_S3_B3_seed1008,S3,B3,"plant@(12.000,2.000)",1,r1.20_a210,210,1.2,10.960769515458674,1.4,False,True,False,,0.21387559600407258,path_infeasible_under_safety_checks,0
P2_S3_B3_seed1008,S3,B3,"plant@(12.000,2.000)",1,r0.80_a180,180,0.8,11.2,2.0,False,True,False,,0.26245715699042194,path_infeasible_under_safety_checks,0
P2_S3_B3_seed1008,S3,B3,"plant@(12.000,2.000)",1,r1.00_a210,210,1.0,11.13397459621556,1.5,False,True,False,,0.27084799500880763,path_infeasible_under_safety_checks,0
P2_S3_B3_seed1008,S3,B3,"plant@(12.000,2.000)",1,r0.80_a150,150,0.8,11.30717967697245,2.4,False,True,False,,0.21789473399985582,path_infeasible_under_safety_checks,0
P2_S3_B3_seed1008,S3,B3,"plant@(12.000,2.000)",1,r1.20_a120,120,1.2,11.4,3.0392304845413265,False,True,False,,0.11960096200346015,path_infeasible_under_safety_checks,0
P2_S3_B3_seed1008,S3,B3,"plant@(12.000,2.000)",1,r0.80_a210,210,0.8,11.30717967697245,1.5999999999999999,False,True,False,,0.21735211898339912,path_infeasible_under_safety_checks,0
P2_S3_B3_seed1008,S3,B3,"plant@(12.000,2.000)",1,r1.00_a120,120,1.0,11.5,2.866025403784439,False,True,False,,0.137624165014131,path_infeasible_under_safety_checks,0
P2_S3_B3_seed1008,S3,B3,"plant@(12.000,2.000)",1,r0.80_a120,120,0.8,11.6,2.692820323027551,False,True,False,,0.12212137802271172,path_infeasible_under_safety_checks,0
P2_S3_B3_seed1008,S3,B3,"plant@(12.000,2.000)",1,r1.00_a240,240,1.0,11.5,1.1339745962155616,False,True,False,,0.20018774998607114,path_infeasible_under_safety_checks,0
P2_S3_B3_seed1008,S3,B3,"plant@(12.000,2.000)",1,r0.80_a240,240,0.8,11.6,1.3071796769724493,False,True,False,,0.22859609601437114,path_infeasible_under_safety_checks,0
P2_S3_B3_seed1008,S3,B3,"plant@(12.000,2.000)",1,r1.00_a090,90,1.0,12.0,3.0,False,True,False,,0.1076479540206492,path_infeasible_under_safety_checks,0
P2_S3_B3_seed1008,S3,B3,"plant@(12.000,2.000)",1,r0.80_a090,90,0.8,12.0,2.8,False,True,False,,0.11895557100069709,path_infeasible_under_safety_checks,0
P2_S3_B3_seed1008,S3,B3,"plant@(12.000,2.000)",1,r0.80_a270,270,0.8,12.0,1.2,False,True,False,,0.24074710099375807,path_infeasible_under_safety_checks,0
P2_S3_B3_seed1008,S3,B3,"plant@(12.000,2.000)",1,r1.00_a270,270,1.0,12.0,1.0,False,True,False,,0.23848784802248701,path_infeasible_under_safety_checks,0
P2_S3_B3_seed1009,S3,B3,"plant@(2.000,3.000)",1,r1.20_a240,240,1.2,1.3999999999999995,1.960769515458674,True,True,True,2.4021980321074725,0.15849271201295778,,1
P2_S3_B3_seed1009,S3,B3,"plant@(2.000,3.000)",1,r1.20_a210,210,1.2,0.9607695154586737,2.4,True,True,True,2.5982584977119902,0.18954785002279095,,0
P2_S3_B3_seed1009,S3,B3,"plant@(2.000,3.000)",1,r1.00_a240,240,1.0,1.4999999999999996,2.1339745962155616,True,True,True,2.602031634036085,0.191022654005792,,0
P2_S3_B3_seed1009,S3,B3,"plant@(2.000,3.000)",1,r1.20_a270,270,1.2,1.9999999999999998,1.8,True,True,True,2.6786582306225384,0.20831090200226754,,0
P2_S3_B3_seed1009,S3,B3,"plant@(2.000,3.000)",1,r1.00_a210,210,1.0,1.1339745962155614,2.5,True,True,True,2.74531223429477,0.1914713110018056,,0
P2_S3_B3_seed1009,S3,B3,"plant@(2.000,3.000)",1,r0.80_a240,240,0.8,1.5999999999999996,2.3071796769724493,True,True,True,2.803764317979718,0.186628319992451,,0
P2_S3_B3_seed1009,S3,B3,"plant@(2.000,3.000)",1,r1.00_a270,270,1.0,1.9999999999999998,2.0,True,True,True,2.816025931651265,0.19352788900141604,,0
P2_S3_B3_seed1009,S3,B3,"plant@(2.000,3.000)",1,r0.80_a210,210,0.8,1.307179676972449,2.5999999999999996,True,True,True,2.9198346466490075,0.1903331089997664,,0
P2_S3_B3_seed1009,S3,B3,"plant@(2.000,3.000)",1,r0.80_a270,270,0.8,1.9999999999999998,2.2,True,True,True,2.96247563771313,0.19362258500768803,,0
P2_S3_B3_seed1009,S3,B3,"plant@(2.000,3.000)",1,r1.20_a180,180,1.2,0.8,3.0,True,True,True,3.1847430226150277,0.20527121200575493,,0
P2_S3_B3_seed1009,S3,B3,"plant@(2.000,3.000)",1,r1.00_a180,180,1.0,1.0,3.0,True,True,True,3.169875174869212,0.20782179199159145,,0
P2_S3_B3_seed1009,S3,B3,"plant@(2.000,3.000)",1,r0.80_a180,180,0.8,1.2,3.0,True,True,True,3.2416304739555724,0.2184012409998104,,0
P2_S3_B3_seed1009,S3,B3,"plant@(2.000,3.000)",1,r1.20_a300,300,1.2,2.6,1.9607695154586737,True,True,True,3.2493641108315225,0.21765281099942513,,0
P2_S3_B3_seed1009,S3,B3,"plant@(2.000,3.000)",1,r1.00_a300,300,1.0,2.5,2.1339745962155616,True,True,True,3.2803082874835803,0.22438939599669538,,0
P2_S3_B3_seed1009,S3,B3,"plant@(2.000,3.000)",1,r0.80_a300,300,0.8,2.4000000000000004,2.3071796769724493,True,True,True,3.3238474265494395,0.2246293149946723,,0
P2_S3_B3_seed1009,S3,B3,"plant@(2.000,3.000)",1,r0.80_a150,150,0.8,1.3071796769724489,3.4,True,True,True,3.697423411089156,0.2599482119840104,,0
P2_S3_B3_seed1009,S3,B3,"plant@(2.000,3.000)",1,r1.00_a150,150,1.0,1.1339745962155612,3.5,True,True,True,3.688042177210573,0.25234915100736544,,0
P2_S3_B3_seed1009,S3,B3,"plant@(2.000,3.000)",1,r1.20_a150,150,1.2,0.9607695154586735,3.5999999999999996,True,True,True,3.7664397493190878,0.24975736701162532,,0
P2_S3_B3_seed1009,S3,B3,"plant@(2.000,3.000)",1,r0.80_a330,330,0.8,2.6928203230275507,2.5999999999999996,True,True,True,3.7670170039224296,0.24434385102358647,,0
P2_S3_B3_seed1009,S3,B3,"plant@(2.000,3.000)",1,r1.00_a330,330,1.0,2.8660254037844384,2.4999999999999996,True,True,True,3.8177101866375125,0.25934433701331727,,0
P2_S3_B3_seed1009,S3,B3,"plant@(2.000,3.000)",1,r1.20_a330,330,1.2,3.039230484541326,2.3999999999999995,True,True,True,3.862814351084195,0.2584348609962035,,0
P2_S3_B3_seed1009,S3,B3,"plant@(2.000,3.000)",1,r0.80_a000,0,0.8,2.8,3.0,True,True,True,4.198710423429075,0.27494218401261605,,0
P2_S3_B3_seed1009,S3,B3,"plant@(2.000,3.000)",1,r1.00_a120,120,1.0,1.5000000000000002,3.866025403784439,True,True,True,4.349087003878647,0.2892086700012442,,0
P2_S3_B3_seed1009,S3,B3,"plant@(2.000,3.000)",1,r1.00_a000,0,1.0,3.0,3.0,True,True,True,4.262439227569819,0.2879007130104583,,0
P2_S3_B3_seed1009,S3,B3,"plant@(2.000,3.000)",1,r1.20_a120,120,1.2,1.4000000000000004,4.039230484541326,True,True,True,4.307100999716338,0.28688051700009964,,0
P2_S3_B3_seed1009,S3,B3,"plant@(2.000,3.000)",1,r0.80_a030,30,0.8,2.692820323027551,3.4,True,True,True,4.6843439254528665,0.3152960150036961,,0
P2_S3_B3_seed1009,S3,B3,"plant@(2.000,3.000)",1,r1.20_a000,0,1.2,3.2,3.0,True,True,True,4.391661197065614,0.31160677201114595,,0
P2_S3_B3_seed1009,S3,B3,"plant@(2.000,3.000)",1,r1.00_a090,90,1.0,2.0,4.0,True,True,True,4.93275588851247,0.32961361698107794,,0
P2_S3_B3_seed1009,S3,B3,"plant@(2.000,3.000)",1,r1.00_a030,30,1.0,2.866025403784439,3.5,True,True,True,4.733839035284139,0.31852499599335715,,0
P2_S3_B3_seed1009,S3,B3,"plant@(2.000,3.000)",1,r1.00_a060,60,1.0,2.5,3.8660254037844384,True,True,True,5.290531886297779,0.4013155220018234,,0
P2_S3_B3_seed1009,S3,B3,"plant@(2.000,3.000)",1,r1.20_a090,90,1.2,2.0,4.2,True,True,True,4.937109901060667,0.33091726401471533,,0
P2_S3_B3_seed1009,S3,B3,"plant@(2.000,3.000)",1,r1.20_a030,30,1.2,3.0392304845413265,3.5999999999999996,True,True,True,4.865006267629385,0.31664959198678844,,0
P2_S3_B3_seed1009,S3,B3,"plant@(-6.000,4.500)",1,r1.20_a330,330,1.2,-4.960769515458674,3.8999999999999995,True,True,True,7.725898336179275,0.27748847802286036,,0
P2_S3_B3_seed1009,S3,B3,"plant@(-6.000,4.500)",1,r1.20_a000,0,1.2,-4.8,4.5,True,True,True,7.603373155973167,0.2282292039890308,,1
P2_S3_B3_seed1009,S3,B3,"plant@(-6.000,4.500)",1,r1.00_a330,330,1.0,-5.133974596215562,3.9999999999999996,True,True,True,7.920100364760837,0.2626918230089359,,0
P2_S3_B3_seed1009,S3,B3,"plant@(-6.000,4.500)",1,r1.00_a000,0,1.0,-5.0,4.5,True,True,True,7.729105419998601,0.2466857059916947,,0
P2_S3_B3_seed1009,S3,B3,"plant@(-6.000,4.500)",1,r1.20_a300,300,1.2,-5.4,3.460769515458674,True,True,False,,0.25273736100643873,path_infeasible_under_safety_checks,0
P2_S3_B3_seed1009,S3,B3,"plant@(-6.000,4.500)",1,r0.80_a330,330,0.8,-5.307179676972449,4.1,True,True,True,8.000747744277184,0.28014113000244834,,0
P2_S3_B3_seed1009,S3,B3,"plant@(-6.000,4.500)",1,r0.80_a000,0,0.8,-5.2,4.5,True,True,True,7.889353825496615,0.26429897401249036,,0
P2_S3_B3_seed1009,S3,B3,"plant@(-6.000,4.500)",1,r1.20_a030,30,1.2,-4.960769515458674,5.1,True,True,True,7.6311975367406175,0.29547781602013856,,0
P2_S3_B3_seed1009,S3,B3,"plant@(-6.000,4.500)",1,r1.00_a030,30,1.0,-5.133974596215562,5.0,True,True,True,8.073515685633344,0.291287903994089,,0
P2_S3_B3_seed1009,S3,B3,"plant@(-6.000,4.500)",1,r0.80_a030,30,0.8,-5.307179676972449,4.9,True,True,True,7.946582340478936,0.2777783749916125,,0
P2_S3_B3_seed1009,S3,B3,"plant@(-6.000,4.500)",1,r1.20_a060,60,1.2,-5.4,5.539230484541326,True,True,True,8.272092489953703,0.29090786300366744,,0
P2_S3_B3_seed1009,S3,B3,"plant@(-6.000,4.500)",1,r1.20_a240,240,1.2,-6.6000000000000005,3.460769515458674,True,True,False,,0.17585195298306644,path_infeasible_under_safety_checks,0
P2_S3_B3_seed1009,S3,B3,"plant@(-6.000,4.500)",1,r0.80_a210,210,0.8,-6.692820323027551,4.1,True,True,False,,0.21509548800531775,path_infeasible_under_safety_checks,0
P2_S3_B3_seed1009,S3,B3,"plant@(-6.000,4.500)",1,r1.00_a210,210,1.0,-6.866025403784438,4.0,True,True,False,,0.17328590599936433,path_infeasible_under_safety_checks,0
P2_S3_B3_seed1009,S3,B3,"plant@(-6.000,4.500)",1,r0.80_a180,180,0.8,-6.8,4.5,True,True,True,11.095155187588738,0.2566077889932785,,0
P2_S3_B3_seed1009,S3,B3,"plant@(-6.000,4.500)",1,r1.00_a120,120,1.0,-6.5,5.366025403784438,True,True,False,,0.25450219301274046,path_infeasible_under_safety_checks,0
P2_S3_B3_seed1009,S3,B3,"plant@(-6.000,4.500)",1,r0.80_a150,150,0.8,-6.692820323027551,4.9,True,True,True,10.79660405714391,0.2742647910199594,,0
P2_S3_B3_seed1009,S3,B3,"plant@(-6.000,4.500)",1,r1.20_a210,210,1.2,-7.039230484541326,3.9,True,True,False,,0.17087624900159426,path_infeasible_under_safety_checks,0
P2_S3_B3_seed1009,S3,B3,"plant@(-6.000,4.500)",1,r1.20_a120,120,1.2,-6.6,5.539230484541326,True,True,True,10.001878700820065,0.24496360699413344,,0
P2_S3_B3_seed1009,S3,B3,"plant@(-6.000,4.500)",1,r1.00_a180,180,1.0,-7.0,4.5,True,True,True,11.132436237898714,0.27722032900783233,,0
P2_S3_B3_seed1009,S3,B3,"plant@(-6.000,4.500)",1,r1.00_a150,150,1.0,-6.866025403784438,5.0,True,True,True,10.614396427093554,0.2665606230148114,,0
P2_S3_B3_seed1009,S3,B3,"plant@(-6.000,4.500)",1,r1.20_a180,180,1.2,-7.2,4.5,True,True,True,11.131477100041879,0.2712045600055717,,0
P2_S3_B3_seed1009,S3,B3,"plant@(-6.000,4.500)",1,r1.20_a150,150,1.2,-7.039230484541326,5.1,True,True,True,10.525777777185052,0.25752605000161566,,0
P2_S3_B3_seed1009,S3,B3,"plant@(-6.000,4.500)",1,r1.00_a300,300,1.0,-5.5,3.6339745962155616,False,True,False,,0.3228104640147649,path_infeasible_under_safety_checks,0
P2_S3_B3_seed1009,S3,B3,"plant@(-6.000,4.500)",1,r0.80_a300,300,0.8,-5.6,3.8071796769724493,False,True,False,,0.29852551402291283,path_infeasible_under_safety_checks,0
P2_S3_B3_seed1009,S3,B3,"plant@(-6.000,4.500)",1,r1.20_a270,270,1.2,-6.0,3.3,False,True,False,,0.25894764400436543,path_infeasible_under_safety_checks,0
P2_S3_B3_seed1009,S3,B3,"plant@(-6.000,4.500)",1,r1.00_a270,270,1.0,-6.0,3.5,False,True,False,,0.2857674029946793,path_infeasible_under_safety_checks,0
P2_S3_B3_seed1009,S3,B3,"plant@(-6.000,4.500)",1,r0.80_a270,270,0.8,-6.0,3.7,False,True,False,,0.3189066869963426,path_infeasible_under_safety_checks,0
P2_S3_B3_seed1009,S3,B3,"plant@(-6.000,4.500)",1,r1.00_a060,60,1.0,-5.5,5.366025403784438,False,True,False,,0.28302482698927633,path_infeasible_under_safety_checks,0
P2_S3_B3_seed1009,S3,B3,"plant@(-6.000,4.500)",1,r0.80_a060,60,0.8,-5.6,5.192820323027551,False,True,False,,0.2772934309905395,path_infeasible_under_safety_checks,0
P2_S3_B3_seed1009,S3,B3,"plant@(-6.000,4.500)",1,r0.80_a240,240,0.8,-6.4,3.8071796769724493,False,True,False,,0.20873925599153154,path_infeasible_under_safety_checks,0
P2_S3_B3_seed1009,S3,B3,"plant@(-6.000,4.500)",1,r1.00_a240,240,1.0,-6.5,3.6339745962155616,False,True,False,,0.18101692001800984,path_infeasible_under_safety_checks,0
P2_S3_B3_seed1009,S3,B3,"plant@(12.000,2.000)",1,r1.20_a240,240,1.2,11.399999999999999,0.960769515458674,True,True,False,,0.2142745580058545,path_infeasible_under_safety_checks,0
P2_S3_B3_seed1009,S3,B3,"plant@(12.000,2.000)",1,r1.20_a090,90,1.2,12.0,3.2,True,True,False,,0.09506101498845965,path_infeasible_under_safety_checks,0
P2_S3_B3_seed1009,S3,B3,"plant@(12.000,2.000)",1,r0.80_a060,60,0.8,12.4,2.6928203230275507,True,True,False,,0.1064805340138264,path_infeasible_under_safety_checks,0
P2_S3_B3_seed1009,S3,B3,"plant@(12.000,2.000)",1,r1.00_a060,60,1.0,12.5,2.8660254037844384,True,True,False,,0.10180276099708863,path_infeasible_under_safety_checks,0
P2_S3_B3_seed1009,S3,B3,"plant@(12.000,2.000)",1,r1.20_a060,60,1.2,12.6,3.039230484541326,True,True,False,,0.09793714998522773,path_infeasible_under_safety_checks,0
P2_S3_B3_seed1009,S3,B3,"plant@(12.000,2.000)",1,r0.80_a030,30,0.8,12.69282032302755,2.4,True,True,False,,0.10499655499006622,path_infeasible_under_safety_checks,0
P2_S3_B3_seed1009,S3,B3,"plant@(12.000,2.000)",1,r0.80_a330,330,0.8,12.69282032302755,1.5999999999999996,True,True,False,,0.10264058000757359,path_infeasible_under_safety_checks,0
P2_S3_B3_seed1009,S3,B3,"plant@(12.000,2.000)",1,r1.00_a030,30,1.0,12.86602540378444,2.5,True,True,False,,0.11137164698448032,path_infeasible_under_safety_checks,0
P2_S3_B3_seed1009,S3,B3,"plant@(12.000,2.000)",1,r0.80_a000,0,0.8,12.8,2.0,True,True,False,,0.10579654297907837,path_infeasible_under_safety_checks,0
P2_S3_B3_seed1009,S3,B3,"plant@(12.000,2.000)",1,r1.00_a330,330,1.0,12.866025403784437,1.4999999999999996,True,True,False,,0.10853675301768817,path_infeasible_under_safety_checks,0
P2_S3_B3_seed1009,S3,B3,"plant@(12.000,2.000)",1,r1.20_a030,30,1.2,13.039230484541326,2.5999999999999996,True,True,False,,0.10072759099421091,path_infeasible_under_safety_checks,0
P2_S3_B3_seed1009,S3,B3,"plant@(12.000,2.000)",1,r1.00_a000,0,1.0,13.0,2.0,True,True,False,,0.10487486902275123,path_infeasible_under_safety_checks,0
P2_S3_B3_seed1009,S3,B3,"plant@(12.000,2.000)",1,r1.20_a330,330,1.2,13.039230484541326,1.3999999999999995,True,True,False,,0.1047393920016475,path_infeasible_under_safety_checks,0
P2_S3_B3_seed1009,S3,B3,"plant@(12.000,2.000)",1,r1.20_a000,0,1.2,13.2,2.0,True,True,False,,0.11140138100017793,path_infeasible_under_safety_checks,0
P2_S3_B3_seed1009,S3,B3,"plant@(12.000,2.000)",1,r1.20_a180,180,1.2,10.8,2.0,False,True,False,,0.2547549509909004,path_infeasible_under_safety_checks,0
P2_S3_B3_seed1009,S3,B3,"plant@(12.000,2.000)",1,r1.20_a150,150,1.2,10.960769515458674,2.5999999999999996,False,True,False,,0.12613678400521167,path_infeasible_under_safety_checks,0
P2_S3_B3_seed1009,S3,B3,"plant@(12.000,2.000)",1,r1.00_a180,180,1.0,11.0,2.0,False,True,False,,0.22905960600473918,path_infeasible_under_safety_checks,0
P2_S3_B3_seed1009,S3,B3,"plant@(12.000,2.000)",1,r1.00_a150,150,1.0,11.13397459621556,2.5,False,True,False,,0.21661758498521522,path_infeasible_under_safety_checks,0
P2_S3_B3_seed1009,S3,B3,"plant@(12.000,2.000)",1,r1.20_a210,210,1.2,10.960769515458674,1.4,False,True,False,,0.21261524499277584,path_infeasible_under_safety_checks,0
P2_S3_B3_seed1009,S3,B3,"plant@(12.000,2.000)",1,r0.80_a180,180,0.8,11.2,2.0,False,True,False,,0.21458089002408087,path_infeasible_under_safety_checks,0
P2_S3_B3_seed1009,S3,B3,"plant@(12.000,2.000)",1,r1.00_a210,210,1.0,11.13397459621556,1.5,False,True,False,,0.2427620610105805,path_infeasible_under_safety_checks,0
P2_S3_B3_seed1009,S3,B3,"plant@(12.000,2.000)",1,r0.80_a150,150,0.8,11.30717967697245,2.4,False,True,False,,0.2171789389976766,path_infeasible_under_safety_checks,0
P2_S3_B3_seed1009,S3,B3,"plant@(12.000,2.000)",1,r1.20_a120,120,1.2,11.4,3.0392304845413265,False,True,False,,0.1196356620057486,path_infeasible_under_safety_checks,0
P2_S3_B3_seed1009,S3,B3,"plant@(12.000,2.000)",1,r0.80_a210,210,0.8,11.30717967697245,1.5999999999999999,False,True,False,,0.23878532100934535,path_infeasible_under_safety_checks,0
P2_S3_B3_seed1009,S3,B3,"plant@(12.000,2.000)",1,r1.00_a120,120,1.0,11.5,2.866025403784439,False,True,False,,0.1338567119964864,path_infeasible_under_safety_checks,0
P2_S3_B3_seed1009,S3,B3,"plant@(12.000,2.000)",1,r0.80_a120,120,0.8,11.6,2.692820323027551,False,True,False,,0.13438517600297928,path_infeasible_under_safety_checks,0
P2_S3_B3_seed1009,S3,B3,"plant@(12.000,2.000)",1,r1.00_a240,240,1.0,11.5,1.1339745962155616,False,True,False,,0.21255148001364432,path_infeasible_under_safety_checks,0
P2_S3_B3_seed1009,S3,B3,"plant@(12.000,2.000)",1,r0.80_a240,240,0.8,11.6,1.3071796769724493,False,True,False,,0.2398647619993426,path_infeasible_under_safety_checks,0
P2_S3_B3_seed1009,S3,B3,"plant@(12.000,2.000)",1,r1.00_a090,90,1.0,12.0,3.0,False,True,False,,0.1083042940008454,path_infeasible_under_safety_checks,0
P2_S3_B3_seed1009,S3,B3,"plant@(12.000,2.000)",1,r0.80_a090,90,0.8,12.0,2.8,False,True,False,,0.1133348949952051,path_infeasible_under_safety_checks,0
P2_S3_B3_seed1009,S3,B3,"plant@(12.000,2.000)",1,r0.80_a270,270,0.8,12.0,1.2,False,True,False,,0.24184695800067857,path_infeasible_under_safety_checks,0
P2_S3_B3_seed1009,S3,B3,"plant@(12.000,2.000)",1,r1.00_a270,270,1.0,12.0,1.0,False,True,False,,0.24977258598664775,path_infeasible_under_safety_checks,0
P2_S3_B3_seed1010,S3,B3,"plant@(2.000,3.000)",1,r1.20_a240,240,1.2,1.3999999999999995,1.960769515458674,True,True,True,2.4021980321074725,0.16300356498686597,,1
P2_S3_B3_seed1010,S3,B3,"plant@(2.000,3.000)",1,r1.20_a210,210,1.2,0.9607695154586737,2.4,True,True,True,2.5982584977119902,0.19216960098128766,,0
P2_S3_B3_seed1010,S3,B3,"plant@(2.000,3.000)",1,r1.00_a240,240,1.0,1.4999999999999996,2.1339745962155616,True,True,True,2.602031634036085,0.1685523760097567,,0
P2_S3_B3_seed1010,S3,B3,"plant@(2.000,3.000)",1,r1.20_a270,270,1.2,1.9999999999999998,1.8,True,True,True,2.6786582306225384,0.17131174699170515,,0
P2_S3_B3_seed1010,S3,B3,"plant@(2.000,3.000)",1,r1.00_a210,210,1.0,1.1339745962155614,2.5,True,True,True,2.74531223429477,0.17989891898469068,,0
P2_S3_B3_seed1010,S3,B3,"plant@(2.000,3.000)",1,r0.80_a240,240,0.8,1.5999999999999996,2.3071796769724493,True,True,True,2.803764317979718,0.17936146599822678,,0
P2_S3_B3_seed1010,S3,B3,"plant@(2.000,3.000)",1,r1.00_a270,270,1.0,1.9999999999999998,2.0,True,True,True,2.816025931651265,0.17830941898864694,,0
P2_S3_B3_seed1010,S3,B3,"plant@(2.000,3.000)",1,r0.80_a210,210,0.8,1.307179676972449,2.5999999999999996,True,True,True,2.9198346466490075,0.18495689000701532,,0
P2_S3_B3_seed1010,S3,B3,"plant@(2.000,3.000)",1,r0.80_a270,270,0.8,1.9999999999999998,2.2,True,True,True,2.96247563771313,0.18455652199918404,,0
P2_S3_B3_seed1010,S3,B3,"plant@(2.000,3.000)",1,r1.20_a180,180,1.2,0.8,3.0,True,True,True,3.1847430226150277,0.20442636898951605,,0
P2_S3_B3_seed1010,S3,B3,"plant@(2.000,3.000)",1,r1.00_a180,180,1.0,1.0,3.0,True,True,True,3.169875174869212,0.20699915499426425,,0
P2_S3_B3_seed1010,S3,B3,"plant@(2.000,3.000)",1,r0.80_a180,180,0.8,1.2,3.0,True,True,True,3.2416304739555724,0.21114436502102762,,0
P2_S3_B3_seed1010,S3,B3,"plant@(2.000,3.000)",1,r1.20_a300,300,1.2,2.6,1.9607695154586737,True,True,True,3.2493641108315225,0.21449519498855807,,0
P2_S3_B3_seed1010,S3,B3,"plant@(2.000,3.000)",1,r1.00_a300,300,1.0,2.5,2.1339745962155616,True,True,True,3.2803082874835803,0.2119671390100848,,0
P2_S3_B3_seed1010,S3,B3,"plant@(2.000,3.000)",1,r0.80_a300,300,0.8,2.4000000000000004,2.3071796769724493,True,True,True,3.3238474265494395,0.22011051699519157,,0
P2_S3_B3_seed1010,S3,B3,"plant@(2.000,3.000)",1,r0.80_a150,150,0.8,1.3071796769724489,3.4,True,True,True,3.697423411089156,0.24032160299248062,,0
P2_S3_B3_seed1010,S3,B3,"plant@(2.000,3.000)",1,r1.00_a150,150,1.0,1.1339745962155612,3.5,True,True,True,3.688042177210573,0.25173750100657344,,0
P2_S3_B3_seed1010,S3,B3,"plant@(2.000,3.000)",1,r1.20_a150,150,1.2,0.9607695154586735,3.5999999999999996,True,True,True,3.7664397493190878,0.23978412401629612,,0
P2_S3_B3_seed1010,S3,B3,"plant@(2.000,3.000)",1,r0.80_a330,330,0.8,2.6928203230275507,2.5999999999999996,True,True,True,3.7670170039224296,0.2503257439821027,,0
P2_S3_B3_seed1010,S3,B3,"plant@(2.000,3.000)",1,r1.00_a330,330,1.0,2.8660254037844384,2.4999999999999996,True,True,True,3.8177101866375125,0.24192628299351782,,0
P2_S3_B3_seed1010,S3,B3,"plant@(2.000,3.000)",1,r1.20_a330,330,1.2,3.039230484541326,2.3999999999999995,True,True,True,3.862814351084195,0.2609485639841296,,0
P2_S3_B3_seed1010,S3,B3,"plant@(2.000,3.000)",1,r0.80_a000,0,0.8,2.8,3.0,True,True,True,4.198710423429075,0.2619341290264856,,0
P2_S3_B3_seed1010,S3,B3,"plant@(2.000,3.000)",1,r1.00_a120,120,1.0,1.5000000000000002,3.866025403784439,True,True,True,4.349087003878647,0.28057706501567736,,0
P2_S3_B3_seed1010,S3,B3,"plant@(2.000,3.000)",1,r1.00_a000,0,1.0,3.0,3.0,True,True,True,4.262439227569819,0.26821981300599873,,0
P2_S3_B3_seed1010,S3,B3,"plant@(2.000,3.000)",1,r1.20_a120,120,1.2,1.4000000000000004,4.039230484541326,True,True,True,4.307100999716338,0.27764521999051794,,0
P2_S3_B3_seed1010,S3,B3,"plant@(2.000,3.000)",1,r0.80_a030,30,0.8,2.692820323027551,3.4,True,True,True,4.6843439254528665,0.2989504710130859,,0
P2_S3_B3_seed1010,S3,B3,"plant@(2.000,3.000)",1,r1.20_a000,0,1.2,3.2,3.0,True,True,True,4.391661197065614,0.28561859199544415,,0
P2_S3_B3_seed1010,S3,B3,"plant@(2.000,3.000)",1,r1.00_a090,90,1.0,2.0,4.0,True,True,True,4.93275588851247,0.3407632530143019,,0
P2_S3_B3_seed1010,S3,B3,"plant@(2.000,3.000)",1,r1.00_a030,30,1.0,2.866025403784439,3.5,True,True,True,4.733839035284139,0.3126482960069552,,0
P2_S3_B3_seed1010,S3,B3,"plant@(2.000,3.000)",1,r1.00_a060,60,1.0,2.5,3.8660254037844384,True,True,True,5.290531886297779,0.5016294249799103,,0
P2_S3_B3_seed1010,S3,B3,"plant@(2.000,3.000)",1,r1.20_a090,90,1.2,2.0,4.2,True,True,True,4.937109901060667,0.32159527798648924,,0
P2_S3_B3_seed1010,S3,B3,"plant@(2.000,3.000)",1,r1.20_a030,30,1.2,3.0392304845413265,3.5999999999999996,True,True,True,4.865006267629385,0.3367072100227233,,0
P2_S3_B3_seed1010,S3,B3,"plant@(-6.000,4.500)",1,r1.20_a330,330,1.2,-4.960769515458674,3.8999999999999995,True,True,True,7.7786912897878375,0.26855415699537843,,0
P2_S3_B3_seed1010,S3,B3,"plant@(-6.000,4.500)",1,r1.20_a000,0,1.2,-4.8,4.5,True,True,True,7.499035933053501,0.27346952000516467,,1
P2_S3_B3_seed1010,S3,B3,"plant@(-6.000,4.500)",1,r1.00_a330,330,1.0,-5.133974596215562,3.9999999999999996,True,True,True,7.967371928005717,0.2618722110055387,,0
P2_S3_B3_seed1010,S3,B3,"plant@(-6.000,4.500)",1,r1.00_a000,0,1.0,-5.0,4.5,True,True,True,7.741200009825955,0.2708791670156643,,0
P2_S3_B3_seed1010,S3,B3,"plant@(-6.000,4.500)",1,r1.20_a300,300,1.2,-5.4,3.460769515458674,True,True,False,,0.2576715330069419,path_infeasible_under_safety_checks,0
P2_S3_B3_seed1010,S3,B3,"plant@(-6.000,4.500)",1,r0.80_a330,330,0.8,-5.307179676972449,4.1,True,True,True,8.02283584172472,0.2891353979939595,,0
P2_S3_B3_seed1010,S3,B3,"plant@(-6.000,4.500)",1,r0.80_a000,0,0.8,-5.2,4.5,True,True,True,7.861927088163996,0.28300979899358936,,0
P2_S3_B3_seed1010,S3,B3,"plant@(-6.000,4.500)",1,r1.20_a030,30,1.2,-4.960769515458674,5.1,True,True,True,7.759571422100919,0.28861386500648223,,0
P2_S3_B3_seed1010,S3,B3,"plant@(-6.000,4.500)",1,r1.00_a030,30,1.0,-5.133974596215562,5.0,True,True,True,8.139981453404344,0.29611264701816253,,0
P2_S3_B3_seed1010,S3,B3,"plant@(-6.000,4.500)",1,r0.80_a030,30,0.8,-5.307179676972449,4.9,True,True,True,8.01229575904147,0.2842192160023842,,0
P2_S3_B3_seed1010,S3,B3,"plant@(-6.000,4.500)",1,r1.20_a060,60,1.2,-5.4,5.539230484541326,True,True,True,8.319400296132509,0.29061767901293933,,0
P2_S3_B3_seed1010,S3,B3,"plant@(-6.000,4.500)",1,r1.20_a240,240,1.2,-6.6000000000000005,3.460769515458674,True,True,False,,0.18167455898947082,path_infeasible_under_safety_checks,0
P2_S3_B3_seed1010,S3,B3,"plant@(-6.000,4.500)",1,r0.80_a210,210,0.8,-6.692820323027551,4.1,True,True,True,11.552453930606083,0.3072747180121951,,0
P2_S3_B3_seed1010,S3,B3,"plant@(-6.000,4.500)",1,r1.00_a210,210,1.0,-6.866025403784438,4.0,True,True,False,,0.1788616169942543,path_infeasible_under_safety_checks,0
P2_S3_B3_seed1010,S3,B3,"plant@(-6.000,4.500)",1,r0.80_a180,180,0.8,-6.8,4.5,True,True,True,11.102618502045415,0.2795763519825414,,0
P2_S3_B3_seed1010,S3,B3,"plant@(-6.000,4.500)",1,r1.00_a120,120,1.0,-6.5,5.366025403784438,True,True,False,,0.25555326099856757,path_infeasible_under_safety_checks,0
P2_S3_B3_seed1010,S3,B3,"plant@(-6.000,4.500)",1,r0.80_a150,150,0.8,-6.692820323027551,4.9,True,True,True,10.890294239830432,0.27884080601506867,,0
P2_S3_B3_seed1010,S3,B3,"plant@(-6.000,4.500)",1,r1.20_a210,210,1.2,-7.039230484541326,3.9,True,True,False,,0.1756438739830628,path_infeasible_under_safety_checks,0
P2_S3_B3_seed1010,S3,B3,"plant@(-6.000,4.500)",1,r1.20_a120,120,1.2,-6.6,5.539230484541326,True,True,True,10.062821719333614,0.265206025011139,,0
P2_S3_B3_seed1010,S3,B3,"plant@(-6.000,4.500)",1,r1.00_a180,180,1.0,-7.0,4.5,True,True,True,11.126937983582863,0.2703888200048823,,0
P2_S3_B3_seed1010,S3,B3,"plant@(-6.000,4.500)",1,r1.00_a150,150,1.0,-6.866025403784438,5.0,True,True,True,10.7201005553924,0.2817549309984315,,0
P2_S3_B3_seed1010,S3,B3,"plant@(-6.000,4.500)",1,r1.20_a180,180,1.2,-7.2,4.5,True,True,True,11.157454019179196,0.2656844340090174,,0
P2_S3_B3_seed1010,S3,B3,"plant@(-6.000,4.500)",1,r1.20_a150,150,1.2,-7.039230484541326,5.1,True,True,True,10.547550618129515,0.26746916500269435,,0
P2_S3_B3_seed1010,S3,B3,"plant@(-6.000,4.500)",1,r1.00_a300,300,1.0,-5.5,3.6339745962155616,False,True,False,,0.3558651040075347,path_infeasible_under_safety_checks,0
P2_S3_B3_seed1010,S3,B3,"plant@(-6.000,4.500)",1,r0.80_a300,300,0.8,-5.6,3.8071796769724493,False,True,False,,0.31233879501814954,path_infeasible_under_safety_checks,0
P2_S3_B3_seed1010,S3,B3,"plant@(-6.000,4.500)",1,r1.20_a270,270,1.2,-6.0,3.3,False,True,False,,0.26905295200413093,path_infeasible_under_safety_checks,0
P2_S3_B3_seed1010,S3,B3,"plant@(-6.000,4.500)",1,r1.00_a270,270,1.0,-6.0,3.5,False,True,False,,0.290821650007274,path_infeasible_under_safety_checks,0
P2_S3_B3_seed1010,S3,B3,"plant@(-6.000,4.500)",1,r0.80_a270,270,0.8,-6.0,3.7,False,True,False,,0.3299916659889277,path_infeasible_under_safety_checks,0
P2_S3_B3_seed1010,S3,B3,"plant@(-6.000,4.500)",1,r1.00_a060,60,1.0,-5.5,5.366025403784438,False,True,False,,0.29967657101224177,path_infeasible_under_safety_checks,0
P2_S3_B3_seed1010,S3,B3,"plant@(-6.000,4.500)",1,r0.80_a060,60,0.8,-5.6,5.192820323027551,False,True,False,,0.2831872809911147,path_infeasible_under_safety_checks,0
P2_S3_B3_seed1010,S3,B3,"plant@(-6.000,4.500)",1,r0.80_a240,240,0.8,-6.4,3.8071796769724493,False,True,False,,0.21743905599578284,path_infeasible_under_safety_checks,0
P2_S3_B3_seed1010,S3,B3,"plant@(-6.000,4.500)",1,r1.00_a240,240,1.0,-6.5,3.6339745962155616,False,True,False,,0.22125752799911425,path_infeasible_under_safety_checks,0
P2_S3_B3_seed1010,S3,B3,"plant@(12.000,2.000)",1,r1.20_a240,240,1.2,11.399999999999999,0.960769515458674,True,True,False,,0.22520668801735155,path_infeasible_under_safety_checks,0
P2_S3_B3_seed1010,S3,B3,"plant@(12.000,2.000)",1,r1.20_a090,90,1.2,12.0,3.2,True,True,False,,0.10842605901416391,path_infeasible_under_safety_checks,0
P2_S3_B3_seed1010,S3,B3,"plant@(12.000,2.000)",1,r0.80_a060,60,0.8,12.4,2.6928203230275507,True,True,False,,0.10817528801271692,path_infeasible_under_safety_checks,0
P2_S3_B3_seed1010,S3,B3,"plant@(12.000,2.000)",1,r1.00_a060,60,1.0,12.5,2.8660254037844384,True,True,False,,0.11313783400692046,path_infeasible_under_safety_checks,0
P2_S3_B3_seed1010,S3,B3,"plant@(12.000,2.000)",1,r1.20_a060,60,1.2,12.6,3.039230484541326,True,True,False,,0.10837248899042606,path_infeasible_under_safety_checks,0
P2_S3_B3_seed1010,S3,B3,"plant@(12.000,2.000)",1,r0.80_a030,30,0.8,12.69282032302755,2.4,True,True,False,,0.11281979602063075,path_infeasible_under_safety_checks,0
P2_S3_B3_seed1010,S3,B3,"plant@(12.000,2.000)",1,r0.80_a330,330,0.8,12.69282032302755,1.5999999999999996,True,True,False,,0.10996565199457109,path_infeasible_under_safety_checks,0
P2_S3_B3_seed1010,S3,B3,"plant@(12.000,2.000)",1,r1.00_a030,30,1.0,12.86602540378444,2.5,True,True,False,,0.11012695799581707,path_infeasible_under_safety_checks,0
P2_S3_B3_seed1010,S3,B3,"plant@(12.000,2.000)",1,r0.80_a000,0,0.8,12.8,2.0,True,True,False,,0.11478253101813607,path_infeasible_under_safety_checks,0
P2_S3_B3_seed1010,S3,B3,"plant@(12.000,2.000)",1,r1.00_a330,330,1.0,12.866025403784437,1.4999999999999996,True,True,False,,0.11158770500333048,path_infeasible_under_safety_checks,0
P2_S3_B3_seed1010,S3,B3,"plant@(12.000,2.000)",1,r1.20_a030,30,1.2,13.039230484541326,2.5999999999999996,True,True,False,,0.10858185400138609,path_infeasible_under_safety_checks,0
P2_S3_B3_seed1010,S3,B3,"plant@(12.000,2.000)",1,r1.00_a000,0,1.0,13.0,2.0,True,True,False,,0.11595325701637194,path_infeasible_under_safety_checks,0
P2_S3_B3_seed1010,S3,B3,"plant@(12.000,2.000)",1,r1.20_a330,330,1.2,13.039230484541326,1.3999999999999995,True,True,True,23.049202580857457,0.3160140599939041,,0
P2_S3_B3_seed1010,S3,B3,"plant@(12.000,2.000)",1,r1.20_a000,0,1.2,13.2,2.0,True,True,True,22.531894796490473,0.286567256989656,,1
P2_S3_B3_seed1010,S3,B3,"plant@(12.000,2.000)",1,r1.20_a180,180,1.2,10.8,2.0,False,True,False,,0.21366076701087877,path_infeasible_under_safety_checks,0
P2_S3_B3_seed1010,S3,B3,"plant@(12.000,2.000)",1,r1.20_a150,150,1.2,10.960769515458674,2.5999999999999996,False,True,False,,0.28246050799498335,path_infeasible_under_safety_checks,0
P2_S3_B3_seed1010,S3,B3,"plant@(12.000,2.000)",1,r1.00_a180,180,1.0,11.0,2.0,False,True,False,,0.23320526001043618,path_infeasible_under_safety_checks,0
P2_S3_B3_seed1010,S3,B3,"plant@(12.000,2.000)",1,r1.00_a150,150,1.0,11.13397459621556,2.5,False,True,False,,0.22016588199767284,path_infeasible_under_safety_checks,0
P2_S3_B3_seed1010,S3,B3,"plant@(12.000,2.000)",1,r1.20_a210,210,1.2,10.960769515458674,1.4,False,True,False,,0.2157419330033008,path_infeasible_under_safety_checks,0
P2_S3_B3_seed1010,S3,B3,"plant@(12.000,2.000)",1,r0.80_a180,180,0.8,11.2,2.0,False,True,False,,0.21943246998125687,path_infeasible_under_safety_checks,0
P2_S3_B3_seed1010,S3,B3,"plant@(12.000,2.000)",1,r1.00_a210,210,1.0,11.13397459621556,1.5,False,True,False,,0.23610922598163597,path_infeasible_under_safety_checks,0
P2_S3_B3_seed1010,S3,B3,"plant@(12.000,2.000)",1,r0.80_a150,150,0.8,11.30717967697245,2.4,False,True,False,,0.22402197099290788,path_infeasible_under_safety_checks,0
P2_S3_B3_seed1010,S3,B3,"plant@(12.000,2.000)",1,r1.20_a120,120,1.2,11.4,3.0392304845413265,False,True,False,,0.2842810309957713,path_infeasible_under_safety_checks,0
P2_S3_B3_seed1010,S3,B3,"plant@(12.000,2.000)",1,r0.80_a210,210,0.8,11.30717967697245,1.5999999999999999,False,True,False,,0.23378943800344132,path_infeasible_under_safety_checks,0
P2_S3_B3_seed1010,S3,B3,"plant@(12.000,2.000)",1,r1.00_a120,120,1.0,11.5,2.866025403784439,False,True,False,,0.2988981689850334,path_infeasible_under_safety_checks,0
P2_S3_B3_seed1010,S3,B3,"plant@(12.000,2.000)",1,r0.80_a120,120,0.8,11.6,2.692820323027551,False,True,False,,0.31361625299905427,path_infeasible_under_safety_checks,0
P2_S3_B3_seed1010,S3,B3,"plant@(12.000,2.000)",1,r1.00_a240,240,1.0,11.5,1.1339745962155616,False,True,False,,0.21086586601450108,path_infeasible_under_safety_checks,0
P2_S3_B3_seed1010,S3,B3,"plant@(12.000,2.000)",1,r0.80_a240,240,0.8,11.6,1.3071796769724493,False,True,False,,0.2764572269807104,path_infeasible_under_safety_checks,0
P2_S3_B3_seed1010,S3,B3,"plant@(12.000,2.000)",1,r1.00_a090,90,1.0,12.0,3.0,False,True,False,,0.29273825298878364,path_infeasible_under_safety_checks,0
P2_S3_B3_seed1010,S3,B3,"plant@(12.000,2.000)",1,r0.80_a090,90,0.8,12.0,2.8,False,True,False,,0.28343799299909733,path_infeasible_under_safety_checks,0
P2_S3_B3_seed1010,S3,B3,"plant@(12.000,2.000)",1,r0.80_a270,270,0.8,12.0,1.2,False,True,False,,0.2408812969806604,path_infeasible_under_safety_checks,0
P2_S3_B3_seed1010,S3,B3,"plant@(12.000,2.000)",1,r1.00_a270,270,1.0,12.0,1.0,False,True,False,,0.23750551501871087,path_infeasible_under_safety_checks,0
P2_S3_P_seed1001,S3,P,"plant@(2.000,3.000)",1,r1.20_a240,240,1.2,1.3999999999999995,1.960769515458674,True,True,True,2.4021980321074725,0.15843502900679596,,1
P2_S3_P_seed1001,S3,P,"plant@(2.000,3.000)",1,r1.20_a210,210,1.2,0.9607695154586737,2.4,True,True,True,2.5982584977119902,0.18565026400028728,,0
P2_S3_P_seed1001,S3,P,"plant@(2.000,3.000)",1,r1.00_a240,240,1.0,1.4999999999999996,2.1339745962155616,True,True,True,2.602031634036085,0.17051976601942442,,0
P2_S3_P_seed1001,S3,P,"plant@(2.000,3.000)",1,r1.20_a270,270,1.2,1.9999999999999998,1.8,True,True,True,2.6786582306225384,0.16705494400230236,,0
P2_S3_P_seed1001,S3,P,"plant@(2.000,3.000)",1,r1.00_a210,210,1.0,1.1339745962155614,2.5,True,True,True,2.74531223429477,0.1678069870104082,,0
P2_S3_P_seed1001,S3,P,"plant@(2.000,3.000)",1,r0.80_a240,240,0.8,1.5999999999999996,2.3071796769724493,True,True,True,2.803764317979718,0.19043383898679167,,0
P2_S3_P_seed1001,S3,P,"plant@(2.000,3.000)",1,r1.00_a270,270,1.0,1.9999999999999998,2.0,True,True,True,2.816025931651265,0.185027490981156,,0
P2_S3_P_seed1001,S3,P,"plant@(2.000,3.000)",1,r0.80_a210,210,0.8,1.307179676972449,2.5999999999999996,True,True,True,2.9198346466490075,0.1867858689802233,,0
P2_S3_P_seed1001,S3,P,"plant@(2.000,3.000)",1,r0.80_a270,270,0.8,1.9999999999999998,2.2,True,True,True,2.96247563771313,0.18490076198941097,,0
P2_S3_P_seed1001,S3,P,"plant@(2.000,3.000)",1,r1.20_a180,180,1.2,0.8,3.0,True,True,True,3.1847430226150277,0.2116899020038545,,0
P2_S3_P_seed1001,S3,P,"plant@(2.000,3.000)",1,r1.00_a180,180,1.0,1.0,3.0,True,True,True,3.169875174869212,0.22200146899558604,,0
P2_S3_P_seed1001,S3,P,"plant@(2.000,3.000)",1,r0.80_a180,180,0.8,1.2,3.0,True,True,True,3.2416304739555724,0.21471220400417224,,0
P2_S3_P_seed1001,S3,P,"plant@(2.000,3.000)",1,r1.20_a300,300,1.2,2.6,1.9607695154586737,True,True,True,3.2493641108315225,0.20486449700547382,,0
P2_S3_P_seed1001,S3,P,"plant@(2.000,3.000)",1,r1.00_a300,300,1.0,2.5,2.1339745962155616,True,True,True,3.2803082874835803,0.21431140298955142,,0
P2_S3_P_seed1001,S3,P,"plant@(2.000,3.000)",1,r0.80_a300,300,0.8,2.4000000000000004,2.3071796769724493,True,True,True,3.3238474265494395,0.2024659999879077,,0
P2_S3_P_seed1001,S3,P,"plant@(2.000,3.000)",1,r0.80_a150,150,0.8,1.3071796769724489,3.4,True,True,True,3.697423411089156,0.24102569499518722,,0
P2_S3_P_seed1001,S3,P,"plant@(2.000,3.000)",1,r1.00_a150,150,1.0,1.1339745962155612,3.5,True,True,True,3.688042177210573,0.24852553402888589,,0
P2_S3_P_seed1001,S3,P,"plant@(2.000,3.000)",1,r1.20_a150,150,1.2,0.9607695154586735,3.5999999999999996,True,True,True,3.7664397493190878,0.24621779800509103,,0
P2_S3_P_seed1001,S3,P,"plant@(2.000,3.000)",1,r0.80_a330,330,0.8,2.6928203230275507,2.5999999999999996,True,True,True,3.7670170039224296,0.22547438499168493,,0
P2_S3_P_seed1001,S3,P,"plant@(2.000,3.000)",1,r1.00_a330,330,1.0,2.8660254037844384,2.4999999999999996,True,True,True,3.8177101866375125,0.2475802660046611,,0
P2_S3_P_seed1001,S3,P,"plant@(2.000,3.000)",1,r1.20_a330,330,1.2,3.039230484541326,2.3999999999999995,True,True,True,3.862814351084195,0.24091735100955702,,0
P2_S3_P_seed1001,S3,P,"plant@(2.000,3.000)",1,r0.80_a000,0,0.8,2.8,3.0,True,True,True,4.198710423429075,0.2573378109955229,,0
P2_S3_P_seed1001,S3,P,"plant@(2.000,3.000)",1,r1.00_a120,120,1.0,1.5000000000000002,3.866025403784439,True,True,True,4.349087003878647,0.26674230699427426,,0
P2_S3_P_seed1001,S3,P,"plant@(2.000,3.000)",1,r1.00_a000,0,1.0,3.0,3.0,True,True,True,4.262439227569819,0.27539438399253413,,0
P2_S3_P_seed1001,S3,P,"plant@(2.000,3.000)",1,r1.20_a120,120,1.2,1.4000000000000004,4.039230484541326,True,True,True,4.307100999716338,0.26889379500062205,,0
P2_S3_P_seed1001,S3,P,"plant@(2.000,3.000)",1,r0.80_a030,30,0.8,2.692820323027551,3.4,True,True,True,4.6843439254528665,0.28221993599436246,,0
P2_S3_P_seed1001,S3,P,"plant@(2.000,3.000)",1,r1.20_a000,0,1.2,3.2,3.0,True,True,True,4.391661197065614,0.271345626009861,,0
P2_S3_P_seed1001,S3,P,"plant@(2.000,3.000)",1,r1.00_a090,90,1.0,2.0,4.0,True,True,True,4.93275588851247,0.303125968988752,,0
P2_S3_P_seed1001,S3,P,"plant@(2.000,3.000)",1,r1.00_a030,30,1.0,2.866025403784439,3.5,True,True,True,4.733839035284139,0.2935999540204648,,0
P2_S3_P_seed1001,S3,P,"plant@(2.000,3.000)",1,r1.00_a060,60,1.0,2.5,3.8660254037844384,True,True,True,5.290531886297779,0.34081923100166023,,0
P2_S3_P_seed1001,S3,P,"plant@(2.000,3.000)",1,r1.20_a090,90,1.2,2.0,4.2,True,True,True,4.937109901060667,0.3085673530003987,,0
P2_S3_P_seed1001,S3,P,"plant@(2.000,3.000)",1,r1.20_a030,30,1.2,3.0392304845413265,3.5999999999999996,True,True,True,4.865006267629385,0.3114591159974225,,0
P2_S3_P_seed1001,S3,P,"plant@(-6.000,4.500)",1,r1.20_a330,330,1.2,-4.960769515458674,3.8999999999999995,True,True,True,7.7786912897878375,0.2611827210057527,,0
P2_S3_P_seed1001,S3,P,"plant@(-6.000,4.500)",1,r1.20_a000,0,1.2,-4.8,4.5,True,True,True,7.499035933053501,0.2584487989952322,,1
P2_S3_P_seed1001,S3,P,"plant@(-6.000,4.500)",1,r1.00_a330,330,1.0,-5.133974596215562,3.9999999999999996,True,True,True,7.967371928005717,0.28048164802021347,,0
P2_S3_P_seed1001,S3,P,"plant@(-6.000,4.500)",1,r1.00_a000,0,1.0,-5.0,4.5,True,True,True,7.741200009825955,0.26288651500362903,,0
P2_S3_P_seed1001,S3,P,"plant@(-6.000,4.500)",1,r1.20_a300,300,1.2,-5.4,3.460769515458674,True,True,False,,0.2634228070091922,path_infeasible_under_safety_checks,0
P2_S3_P_seed1001,S3,P,"plant@(-6.000,4.500)",1,r0.80_a330,330,0.8,-5.307179676972449,4.1,True,True,True,8.02283584172472,0.27989876401261427,,0
P2_S3_P_seed1001,S3,P,"plant@(-6.000,4.500)",1,r0.80_a000,0,0.8,-5.2,4.5,True,True,True,7.861927088163996,0.2689966990146786,,0
P2_S3_P_seed1001,S3,P,"plant@(-6.000,4.500)",1,r1.20_a030,30,1.2,-4.960769515458674,5.1,True,True,True,7.759571422100919,0.27364202798344195,,0
P2_S3_P_seed1001,S3,P,"plant@(-6.000,4.500)",1,r1.00_a030,30,1.0,-5.133974596215562,5.0,True,True,True,8.139981453404344,0.25552636600332335,,0
P2_S3_P_seed1001,S3,P,"plant@(-6.000,4.500)",1,r0.80_a030,30,0.8,-5.307179676972449,4.9,True,True,True,8.01229575904147,0.2788665240223054,,0
P2_S3_P_seed1001,S3,P,"plant@(-6.000,4.500)",1,r1.20_a060,60,1.2,-5.4,5.539230484541326,True,True,True,8.319400296132509,0.2865296669770032,,0
P2_S3_P_seed1001,S3,P,"plant@(-6.000,4.500)",1,r1.20_a240,240,1.2,-6.6000000000000005,3.460769515458674,True,True,False,,0.1751092739868909,path_infeasible_under_safety_checks,0
P2_S3_P_seed1001,S3,P,"plant@(-6.000,4.500)",1,r0.80_a210,210,0.8,-6.692820323027551,4.1,True,True,True,11.552453930606083,0.29927225201390684,,0
P2_S3_P_seed1001,S3,P,"plant@(-6.000,4.500)",1,r1.00_a210,210,1.0,-6.866025403784438,4.0,True,True,False,,0.17501504998654127,path_infeasible_under_safety_checks,0
P2_S3_P_seed1001,S3,P,"plant@(-6.000,4.500)",1,r0.80_a180,180,0.8,-6.8,4.5,True,True,True,11.102618502045415,0.256082851003157,,0
P2_S3_P_seed1001,S3,P,"plant@(-6.000,4.500)",1,r1.00_a120,120,1.0,-6.5,5.366025403784438,True,True,False,,0.24897184400469996,path_infeasible_under_safety_checks,0
P2_S3_P_seed1001,S3,P,"plant@(-6.000,4.500)",1,r0.80_a150,150,0.8,-6.692820323027551,4.9,True,True,True,10.890294239830432,0.26600155100459233,,0
P2_S3_P_seed1001,S3,P,"plant@(-6.000,4.500)",1,r1.20_a210,210,1.2,-7.039230484541326,3.9,True,True,False,,0.17732759800856002,path_infeasible_under_safety_checks,0
P2_S3_P_seed1001,S3,P,"plant@(-6.000,4.500)",1,r1.20_a120,120,1.2,-6.6,5.539230484541326,True,True,True,10.062821719333614,0.25489759899210185,,0
P2_S3_P_seed1001,S3,P,"plant@(-6.000,4.500)",1,r1.00_a180,180,1.0,-7.0,4.5,True,True,True,11.126937983582863,0.2786209039913956,,0
P2_S3_P_seed1001,S3,P,"plant@(-6.000,4.500)",1,r1.00_a150,150,1.0,-6.866025403784438,5.0,True,True,True,10.7201005553924,0.26696911500766873,,0
P2_S3_P_seed1001,S3,P,"plant@(-6.000,4.500)",1,r1.20_a180,180,1.2,-7.2,4.5,True,True,True,11.157454019179196,0.3592408309923485,,0
P2_S3_P_seed1001,S3,P,"plant@(-6.000,4.500)",1,r1.20_a150,150,1.2,-7.039230484541326,5.1,True,True,True,10.547550618129515,0.2525580209912732,,0
P2_S3_P_seed1001,S3,P,"plant@(-6.000,4.500)",1,r1.00_a300,300,1.0,-5.5,3.6339745962155616,False,True,False,,0.2563744510116521,path_infeasible_under_safety_checks,0
P2_S3_P_seed1001,S3,P,"plant@(-6.000,4.500)",1,r0.80_a300,300,0.8,-5.6,3.8071796769724493,False,True,False,,0.28228456000215374,path_infeasible_under_safety_checks,0
P2_S3_P_seed1001,S3,P,"plant@(-6.000,4.500)",1,r1.20_a270,270,1.2,-6.0,3.3,False,True,False,,0.25077083200449124,path_infeasible_under_safety_checks,0
P2_S3_P_seed1001,S3,P,"plant@(-6.000,4.500)",1,r1.00_a270,270,1.0,-6.0,3.5,False,True,False,,0.2847557030036114,path_infeasible_under_safety_checks,0
P2_S3_P_seed1001,S3,P,"plant@(-6.000,4.500)",1,r0.80_a270,270,0.8,-6.0,3.7,False,True,False,,0.33216819301014766,path_infeasible_under_safety_checks,0
P2_S3_P_seed1001,S3,P,"plant@(-6.000,4.500)",1,r1.00_a060,60,1.0,-5.5,5.366025403784438,False,True,False,,0.2897102040005848,path_infeasible_under_safety_checks,0
P2_S3_P_seed1001,S3,P,"plant@(-6.000,4.500)",1,r0.80_a060,60,0.8,-5.6,5.192820323027551,False,True,False,,0.28534776301239617,path_infeasible_under_safety_checks,0
P2_S3_P_seed1001,S3,P,"plant@(-6.000,4.500)",1,r0.80_a240,240,0.8,-6.4,3.8071796769724493,False,True,False,,0.2094396490138024,path_infeasible_under_safety_checks,0
P2_S3_P_seed1001,S3,P,"plant@(-6.000,4.500)",1,r1.00_a240,240,1.0,-6.5,3.6339745962155616,False,True,False,,0.20510924299014732,path_infeasible_under_safety_checks,0
P2_S3_P_seed1001,S3,P,"plant@(12.000,2.000)",1,r1.20_a240,240,1.2,11.399999999999999,0.960769515458674,True,True,True,21.39344052248827,0.2903251819952857,,1
P2_S3_P_seed1001,S3,P,"plant@(12.000,2.000)",1,r1.20_a090,90,1.2,12.0,3.2,True,True,False,,0.09482498999568634,path_infeasible_under_safety_checks,0
P2_S3_P_seed1001,S3,P,"plant@(12.000,2.000)",1,r0.80_a060,60,0.8,12.4,2.6928203230275507,True,True,False,,0.09157172500272281,path_infeasible_under_safety_checks,0
P2_S3_P_seed1001,S3,P,"plant@(12.000,2.000)",1,r1.00_a060,60,1.0,12.5,2.8660254037844384,True,True,False,,0.09292951298994012,path_infeasible_under_safety_checks,0
P2_S3_P_seed1001,S3,P,"plant@(12.000,2.000)",1,r1.20_a060,60,1.2,12.6,3.039230484541326,True,True,False,,0.09985938799218275,path_infeasible_under_safety_checks,0
P2_S3_P_seed1001,S3,P,"plant@(12.000,2.000)",1,r0.80_a030,30,0.8,12.69282032302755,2.4,True,True,False,,0.09800284501397982,path_infeasible_under_safety_checks,0
P2_S3_P_seed1001,S3,P,"plant@(12.000,2.000)",1,r0.80_a330,330,0.8,12.69282032302755,1.5999999999999996,True,True,False,,0.10501418297644705,path_infeasible_under_safety_checks,0
P2_S3_P_seed1001,S3,P,"plant@(12.000,2.000)",1,r1.00_a030,30,1.0,12.86602540378444,2.5,True,True,False,,0.09927712299395353,path_infeasible_under_safety_checks,0
P2_S3_P_seed1001,S3,P,"plant@(12.000,2.000)",1,r0.80_a000,0,0.8,12.8,2.0,True,True,False,,0.10430708900094032,path_infeasible_under_safety_checks,0
P2_S3_P_seed1001,S3,P,"plant@(12.000,2.000)",1,r1.00_a330,330,1.0,12.866025403784437,1.4999999999999996,True,True,False,,0.10549851800897159,path_infeasible_under_safety_checks,0
P2_S3_P_seed1001,S3,P,"plant@(12.000,2.000)",1,r1.20_a030,30,1.2,13.039230484541326,2.5999999999999996,True,True,False,,0.09704296899144538,path_infeasible_under_safety_checks,0
P2_S3_P_seed1001,S3,P,"plant@(12.000,2.000)",1,r1.00_a000,0,1.0,13.0,2.0,True,True,False,,0.09540430197375827,path_infeasible_under_safety_checks,0
P2_S3_P_seed1001,S3,P,"plant@(12.000,2.000)",1,r1.20_a330,330,1.2,13.039230484541326,1.3999999999999995,True,True,False,,0.0949865750153549,path_infeasible_under_safety_checks,0
P2_S3_P_seed1001,S3,P,"plant@(12.000,2.000)",1,r1.20_a000,0,1.2,13.2,2.0,True,True,False,,0.09614705899730325,path_infeasible_under_safety_checks,0
P2_S3_P_seed1001,S3,P,"plant@(12.000,2.000)",1,r1.20_a180,180,1.2,10.8,2.0,False,True,False,,0.2741413429903332,path_infeasible_under_safety_checks,0
P2_S3_P_seed1001,S3,P,"plant@(12.000,2.000)",1,r1.20_a150,150,1.2,10.960769515458674,2.5999999999999996,False,True,False,,0.1083313130075112,path_infeasible_under_safety_checks,0
P2_S3_P_seed1001,S3,P,"plant@(12.000,2.000)",1,r1.00_a180,180,1.0,11.0,2.0,False,True,False,,0.29363762799766846,path_infeasible_under_safety_checks,0
P2_S3_P_seed1001,S3,P,"plant@(12.000,2.000)",1,r1.00_a150,150,1.0,11.13397459621556,2.5,False,True,False,,0.27966820599976927,path_infeasible_under_safety_checks,0
P2_S3_P_seed1001,S3,P,"plant@(12.000,2.000)",1,r1.20_a210,210,1.2,10.960769515458674,1.4,False,True,False,,0.27179055399028584,path_infeasible_under_safety_checks,0
P2_S3_P_seed1001,S3,P,"plant@(12.000,2.000)",1,r0.80_a180,180,0.8,11.2,2.0,False,True,False,,0.30203352798707783,path_infeasible_under_safety_checks,0
P2_S3_P_seed1001,S3,P,"plant@(12.000,2.000)",1,r1.00_a210,210,1.0,11.13397459621556,1.5,False,True,False,,0.22998846200061962,path_infeasible_under_safety_checks,0
P2_S3_P_seed1001,S3,P,"plant@(12.000,2.000)",1,r0.80_a150,150,0.8,11.30717967697245,2.4,False,True,False,,0.2143052839965094,path_infeasible_under_safety_checks,0
P2_S3_P_seed1001,S3,P,"plant@(12.000,2.000)",1,r1.20_a120,120,1.2,11.4,3.0392304845413265,False,True,False,,0.11664786000619642,path_infeasible_under_safety_checks,0
P2_S3_P_seed1001,S3,P,"plant@(12.000,2.000)",1,r0.80_a210,210,0.8,11.30717967697245,1.5999999999999999,False,True,False,,0.23451897301129065,path_infeasible_under_safety_checks,0
P2_S3_P_seed1001,S3,P,"plant@(12.000,2.000)",1,r1.00_a120,120,1.0,11.5,2.866025403784439,False,True,False,,0.13393024800461717,path_infeasible_under_safety_checks,0
P2_S3_P_seed1001,S3,P,"plant@(12.000,2.000)",1,r0.80_a120,120,0.8,11.6,2.692820323027551,False,True,False,,0.12415966799017042,path_infeasible_under_safety_checks,0
P2_S3_P_seed1001,S3,P,"plant@(12.000,2.000)",1,r1.00_a240,240,1.0,11.5,1.1339745962155616,False,True,False,,0.20824330998584628,path_infeasible_under_safety_checks,0
P2_S3_P_seed1001,S3,P,"plant@(12.000,2.000)",1,r0.80_a240,240,0.8,11.6,1.3071796769724493,False,True,False,,0.2210001109924633,path_infeasible_under_safety_checks,0
P2_S3_P_seed1001,S3,P,"plant@(12.000,2.000)",1,r1.00_a090,90,1.0,12.0,3.0,False,True,False,,0.10297622700454667,path_infeasible_under_safety_checks,0
P2_S3_P_seed1001,S3,P,"plant@(12.000,2.000)",1,r0.80_a090,90,0.8,12.0,2.8,False,True,False,,0.10181399501743726,path_infeasible_under_safety_checks,0
P2_S3_P_seed1001,S3,P,"plant@(12.000,2.000)",1,r0.80_a270,270,0.8,12.0,1.2,False,True,False,,0.23052330501377583,path_infeasible_under_safety_checks,0
P2_S3_P_seed1001,S3,P,"plant@(12.000,2.000)",1,r1.00_a270,270,1.0,12.0,1.0,False,True,False,,0.2415508980047889,path_infeasible_under_safety_checks,0
P2_S3_P_seed1001,S3,P,"plant@(12.000,2.000)",1,r1.20_a240,240,1.2,11.399999999999999,0.960769515458674,True,True,True,21.97801483473583,0.29587211698526517,,1
P2_S3_P_seed1001,S3,P,"plant@(12.000,2.000)",1,r1.20_a090,90,1.2,12.0,3.2,True,True,False,,0.11019989399937913,path_infeasible_under_safety_checks,0
P2_S3_P_seed1001,S3,P,"plant@(12.000,2.000)",1,r0.80_a060,60,0.8,12.4,2.6928203230275507,True,True,False,,0.11746890499489382,path_infeasible_under_safety_checks,0
P2_S3_P_seed1001,S3,P,"plant@(12.000,2.000)",1,r1.00_a060,60,1.0,12.5,2.8660254037844384,True,True,False,,0.12632802900043316,path_infeasible_under_safety_checks,0
P2_S3_P_seed1001,S3,P,"plant@(12.000,2.000)",1,r1.20_a060,60,1.2,12.6,3.039230484541326,True,True,False,,0.11710484599461779,path_infeasible_under_safety_checks,0
P2_S3_P_seed1001,S3,P,"plant@(12.000,2.000)",1,r0.80_a030,30,0.8,12.69282032302755,2.4,True,True,False,,0.11954778200015426,path_infeasible_under_safety_checks,0
P2_S3_P_seed1001,S3,P,"plant@(12.000,2.000)",1,r0.80_a330,330,0.8,12.69282032302755,1.5999999999999996,True,True,False,,0.1133689249982126,path_infeasible_under_safety_checks,0
P2_S3_P_seed1001,S3,P,"plant@(12.000,2.000)",1,r0.80_a000,0,0.8,12.8,2.0,True,True,False,,0.10859473299933597,path_infeasible_under_safety_checks,0
P2_S3_P_seed1001,S3,P,"plant@(12.000,2.000)",1,r1.00_a030,30,1.0,12.86602540378444,2.5,True,True,False,,0.11001026100711897,path_infeasible_under_safety_checks,0
P2_S3_P_seed1001,S3,P,"plant@(12.000,2.000)",1,r1.00_a330,330,1.0,12.866025403784437,1.4999999999999996,True,True,False,,0.11307766201207414,path_infeasible_under_safety_checks,0
P2_S3_P_seed1001,S3,P,"plant@(12.000,2.000)",1,r1.20_a030,30,1.2,13.039230484541326,2.5999999999999996,True,True,False,,0.1180925730150193,path_infeasible_under_safety_checks,0
P2_S3_P_seed1001,S3,P,"plant@(12.000,2.000)",1,r1.00_a000,0,1.0,13.0,2.0,True,True,False,,0.11776331998407841,path_infeasible_under_safety_checks,0
P2_S3_P_seed1001,S3,P,"plant@(12.000,2.000)",1,r1.20_a330,330,1.2,13.039230484541326,1.3999999999999995,True,True,False,,0.11841810401529074,path_infeasible_under_safety_checks,0
P2_S3_P_seed1001,S3,P,"plant@(12.000,2.000)",1,r1.20_a000,0,1.2,13.2,2.0,True,True,False,,0.11163847698480822,path_infeasible_under_safety_checks,0
P2_S3_P_seed1001,S3,P,"plant@(12.000,2.000)",1,r1.20_a180,180,1.2,10.8,2.0,False,True,False,,0.3029458139790222,path_infeasible_under_safety_checks,0
P2_S3_P_seed1001,S3,P,"plant@(12.000,2.000)",1,r1.20_a150,150,1.2,10.960769515458674,2.5999999999999996,False,True,False,,0.11588176400982775,path_infeasible_under_safety_checks,0
P2_S3_P_seed1001,S3,P,"plant@(12.000,2.000)",1,r1.00_a180,180,1.0,11.0,2.0,False,True,False,,0.29563226000755094,path_infeasible_under_safety_checks,0
P2_S3_P_seed1001,S3,P,"plant@(12.000,2.000)",1,r1.20_a210,210,1.2,10.960769515458674,1.4,False,True,False,,0.2007368090271484,path_infeasible_under_safety_checks,0
P2_S3_P_seed1001,S3,P,"plant@(12.000,2.000)",1,r1.00_a150,150,1.0,11.13397459621556,2.5,False,True,False,,0.3082504339981824,path_infeasible_under_safety_checks,0
P2_S3_P_seed1001,S3,P,"plant@(12.000,2.000)",1,r1.00_a210,210,1.0,11.13397459621556,1.5,False,True,False,,0.20465175301069394,path_infeasible_under_safety_checks,0
P2_S3_P_seed1001,S3,P,"plant@(12.000,2.000)",1,r0.80_a180,180,0.8,11.2,2.0,False,True,False,,0.2886491100070998,path_infeasible_under_safety_checks,0
P2_S3_P_seed1001,S3,P,"plant@(12.000,2.000)",1,r0.80_a150,150,0.8,11.30717967697245,2.4,False,True,False,,0.2956734159961343,path_infeasible_under_safety_checks,0
P2_S3_P_seed1001,S3,P,"plant@(12.000,2.000)",1,r1.20_a120,120,1.2,11.4,3.0392304845413265,False,True,False,,0.14140401800977997,path_infeasible_under_safety_checks,0
P2_S3_P_seed1001,S3,P,"plant@(12.000,2.000)",1,r0.80_a210,210,0.8,11.30717967697245,1.5999999999999999,False,True,False,,0.3004601870197803,path_infeasible_under_safety_checks,0
P2_S3_P_seed1001,S3,P,"plant@(12.000,2.000)",1,r1.00_a120,120,1.0,11.5,2.866025403784439,False,True,False,,0.15373505299794488,path_infeasible_under_safety_checks,0
P2_S3_P_seed1001,S3,P,"plant@(12.000,2.000)",1,r0.80_a120,120,0.8,11.6,2.692820323027551,False,True,False,,0.17713312001433223,path_infeasible_under_safety_checks,0
P2_S3_P_seed1001,S3,P,"plant@(12.000,2.000)",1,r1.00_a240,240,1.0,11.5,1.1339745962155616,False,True,False,,0.29943253300734796,path_infeasible_under_safety_checks,0
P2_S3_P_seed1001,S3,P,"plant@(12.000,2.000)",1,r0.80_a240,240,0.8,11.6,1.3071796769724493,False,True,False,,0.26153443500516005,path_infeasible_under_safety_checks,0
P2_S3_P_seed1001,S3,P,"plant@(12.000,2.000)",1,r1.00_a090,90,1.0,12.0,3.0,False,True,False,,0.1193710990191903,path_infeasible_under_safety_checks,0
P2_S3_P_seed1001,S3,P,"plant@(12.000,2.000)",1,r0.80_a090,90,0.8,12.0,2.8,False,True,False,,0.1304116810206324,path_infeasible_under_safety_checks,0
P2_S3_P_seed1001,S3,P,"plant@(12.000,2.000)",1,r0.80_a270,270,0.8,12.0,1.2,False,True,False,,0.2559419840108603,path_infeasible_under_safety_checks,0
P2_S3_P_seed1001,S3,P,"plant@(12.000,2.000)",1,r1.00_a270,270,1.0,12.0,1.0,False,True,False,,0.264009503996931,path_infeasible_under_safety_checks,0
P2_S3_P_seed1001,S3,P,"plant@(12.000,2.000)",1,r1.20_a240,240,1.2,11.399999999999999,0.960769515458674,True,True,False,,0.2545920049888082,path_infeasible_under_safety_checks,0
P2_S3_P_seed1001,S3,P,"plant@(12.000,2.000)",1,r1.20_a090,90,1.2,12.0,3.2,True,True,True,21.501888017104697,0.2895004070014693,,1
P2_S3_P_seed1001,S3,P,"plant@(12.000,2.000)",1,r0.80_a060,60,0.8,12.4,2.6928203230275507,True,True,True,22.011296608773318,0.312554361007642,,0
P2_S3_P_seed1001,S3,P,"plant@(12.000,2.000)",1,r1.00_a060,60,1.0,12.5,2.8660254037844384,True,True,True,21.930389167960737,0.34866905701346695,,0
P2_S3_P_seed1001,S3,P,"plant@(12.000,2.000)",1,r1.20_a060,60,1.2,12.6,3.039230484541326,True,True,True,21.740781793487173,0.28696455800672993,,0
P2_S3_P_seed1001,S3,P,"plant@(12.000,2.000)",1,r0.80_a030,30,0.8,12.69282032302755,2.4,True,True,True,22.3518847949383,0.3126532140013296,,0
P2_S3_P_seed1001,S3,P,"plant@(12.000,2.000)",1,r0.80_a330,330,0.8,12.69282032302755,1.5999999999999996,True,True,True,23.296555479441984,0.322506861994043,,0
P2_S3_P_seed1001,S3,P,"plant@(12.000,2.000)",1,r0.80_a000,0,0.8,12.8,2.0,True,True,True,22.777684759616008,0.30667829801677726,,0
P2_S3_P_seed1001,S3,P,"plant@(12.000,2.000)",1,r1.00_a030,30,1.0,12.86602540378444,2.5,True,True,True,22.312020763886835,0.32162410402088426,,0
P2_S3_P_seed1001,S3,P,"plant@(12.000,2.000)",1,r1.00_a330,330,1.0,12.866025403784437,1.4999999999999996,True,True,True,23.289752004103107,0.3134534049895592,,0
P2_S3_P_seed1001,S3,P,"plant@(12.000,2.000)",1,r1.20_a030,30,1.2,13.039230484541326,2.5999999999999996,True,True,True,22.32252634598754,0.3240882290119771,,0
P2_S3_P_seed1001,S3,P,"plant@(12.000,2.000)",1,r1.00_a000,0,1.0,13.0,2.0,True,True,True,22.799800439849903,0.31013892000191845,,0
P2_S3_P_seed1001,S3,P,"plant@(12.000,2.000)",1,r1.20_a330,330,1.2,13.039230484541326,1.3999999999999995,True,True,True,23.469113686125546,0.32146251597441733,,0
P2_S3_P_seed1001,S3,P,"plant@(12.000,2.000)",1,r1.20_a000,0,1.2,13.2,2.0,True,True,True,22.896141427894225,0.3103139740123879,,0
P2_S3_P_seed1001,S3,P,"plant@(12.000,2.000)",1,r1.20_a180,180,1.2,10.8,2.0,False,True,False,,0.24973815999692306,path_infeasible_under_safety_checks,0
P2_S3_P_seed1001,S3,P,"plant@(12.000,2.000)",1,r1.20_a150,150,1.2,10.960769515458674,2.5999999999999996,False,True,False,,0.28842929800157435,path_infeasible_under_safety_checks,0
P2_S3_P_seed1001,S3,P,"plant@(12.000,2.000)",1,r1.00_a180,180,1.0,11.0,2.0,False,True,False,,0.2675208000000566,path_infeasible_under_safety_checks,0
P2_S3_P_seed1001,S3,P,"plant@(12.000,2.000)",1,r1.20_a210,210,1.2,10.960769515458674,1.4,False,True,False,,0.2504235959786456,path_infeasible_under_safety_checks,0
P2_S3_P_seed1001,S3,P,"plant@(12.000,2.000)",1,r1.00_a150,150,1.0,11.13397459621556,2.5,False,True,False,,0.2519011149997823,path_infeasible_under_safety_checks,0
P2_S3_P_seed1001,S3,P,"plant@(12.000,2.000)",1,r1.00_a210,210,1.0,11.13397459621556,1.5,False,True,False,,0.2690055060083978,path_infeasible_under_safety_checks,0
P2_S3_P_seed1001,S3,P,"plant@(12.000,2.000)",1,r0.80_a180,180,0.8,11.2,2.0,False,True,False,,0.270308702980401,path_infeasible_under_safety_checks,0
P2_S3_P_seed1001,S3,P,"plant@(12.000,2.000)",1,r0.80_a150,150,0.8,11.30717967697245,2.4,False,True,False,,0.2547944879916031,path_infeasible_under_safety_checks,0
P2_S3_P_seed1001,S3,P,"plant@(12.000,2.000)",1,r1.20_a120,120,1.2,11.4,3.0392304845413265,False,True,False,,0.30302995000965893,path_infeasible_under_safety_checks,0
P2_S3_P_seed1001,S3,P,"plant@(12.000,2.000)",1,r0.80_a210,210,0.8,11.30717967697245,1.5999999999999999,False,True,False,,0.2768018879869487,path_infeasible_under_safety_checks,0
P2_S3_P_seed1001,S3,P,"plant@(12.000,2.000)",1,r1.00_a120,120,1.0,11.5,2.866025403784439,False,True,False,,0.3166295719856862,path_infeasible_under_safety_checks,0
P2_S3_P_seed1001,S3,P,"plant@(12.000,2.000)",1,r0.80_a120,120,0.8,11.6,2.692820323027551,False,True,False,,0.31172842797241174,path_infeasible_under_safety_checks,0
P2_S3_P_seed1001,S3,P,"plant@(12.000,2.000)",1,r1.00_a240,240,1.0,11.5,1.1339745962155616,False,True,False,,0.24301967400242575,path_infeasible_under_safety_checks,0
P2_S3_P_seed1001,S3,P,"plant@(12.000,2.000)",1,r0.80_a240,240,0.8,11.6,1.3071796769724493,False,True,False,,0.2208353340101894,path_infeasible_under_safety_checks,0
P2_S3_P_seed1001,S3,P,"plant@(12.000,2.000)",1,r1.00_a090,90,1.0,12.0,3.0,False,True,False,,0.29811026400420815,path_infeasible_under_safety_checks,0
P2_S3_P_seed1001,S3,P,"plant@(12.000,2.000)",1,r0.80_a090,90,0.8,12.0,2.8,False,True,False,,0.30093190900515765,path_infeasible_under_safety_checks,0
P2_S3_P_seed1001,S3,P,"plant@(12.000,2.000)",1,r0.80_a270,270,0.8,12.0,1.2,False,True,False,,0.21937130400328897,path_infeasible_under_safety_checks,0
P2_S3_P_seed1001,S3,P,"plant@(12.000,2.000)",1,r1.00_a270,270,1.0,12.0,1.0,False,True,False,,0.21942241900251247,path_infeasible_under_safety_checks,0
P2_S3_P_seed1002,S3,P,"plant@(2.000,3.000)",1,r1.20_a240,240,1.2,1.3999999999999995,1.960769515458674,True,True,True,2.4021980321074725,0.15441728799487464,,1
P2_S3_P_seed1002,S3,P,"plant@(2.000,3.000)",1,r1.20_a210,210,1.2,0.9607695154586737,2.4,True,True,True,2.5982584977119902,0.1809340679901652,,0
P2_S3_P_seed1002,S3,P,"plant@(2.000,3.000)",1,r1.00_a240,240,1.0,1.4999999999999996,2.1339745962155616,True,True,True,2.602031634036085,0.17762127600144595,,0
P2_S3_P_seed1002,S3,P,"plant@(2.000,3.000)",1,r1.20_a270,270,1.2,1.9999999999999998,1.8,True,True,True,2.6786582306225384,0.1920742749935016,,0
P2_S3_P_seed1002,S3,P,"plant@(2.000,3.000)",1,r1.00_a210,210,1.0,1.1339745962155614,2.5,True,True,True,2.74531223429477,0.17955386600806378,,0
P2_S3_P_seed1002,S3,P,"plant@(2.000,3.000)",1,r0.80_a240,240,0.8,1.5999999999999996,2.3071796769724493,True,True,True,2.803764317979718,0.18395623497781344,,0
P2_S3_P_seed1002,S3,P,"plant@(2.000,3.000)",1,r1.00_a270,270,1.0,1.9999999999999998,2.0,True,True,True,2.816025931651265,0.18270828100503422,,0
P2_S3_P_seed1002,S3,P,"plant@(2.000,3.000)",1,r0.80_a210,210,0.8,1.307179676972449,2.5999999999999996,True,True,True,2.9198346466490075,0.1941005750268232,,0
P2_S3_P_seed1002,S3,P,"plant@(2.000,3.000)",1,r0.80_a270,270,0.8,1.9999999999999998,2.2,True,True,True,2.96247563771313,0.19714404200203717,,0
P2_S3_P_seed1002,S3,P,"plant@(2.000,3.000)",1,r1.20_a180,180,1.2,0.8,3.0,True,True,True,3.1847430226150277,0.20491173100890592,,0
P2_S3_P_seed1002,S3,P,"plant@(2.000,3.000)",1,r1.00_a180,180,1.0,1.0,3.0,True,True,True,3.169875174869212,0.20398358200327493,,0
P2_S3_P_seed1002,S3,P,"plant@(2.000,3.000)",1,r0.80_a180,180,0.8,1.2,3.0,True,True,True,3.2416304739555724,0.21108024698332883,,0
P2_S3_P_seed1002,S3,P,"plant@(2.000,3.000)",1,r1.20_a300,300,1.2,2.6,1.9607695154586737,True,True,True,3.2493641108315225,0.2156431900220923,,0
P2_S3_P_seed1002,S3,P,"plant@(2.000,3.000)",1,r1.00_a300,300,1.0,2.5,2.1339745962155616,True,True,True,3.2803082874835803,0.21927274300833233,,0
P2_S3_P_seed1002,S3,P,"plant@(2.000,3.000)",1,r0.80_a300,300,0.8,2.4000000000000004,2.3071796769724493,True,True,True,3.3238474265494395,0.21543019299861044,,0
P2_S3_P_seed1002,S3,P,"plant@(2.000,3.000)",1,r0.80_a150,150,0.8,1.3071796769724489,3.4,True,True,True,3.697423411089156,0.2840926819771994,,0
P2_S3_P_seed1002,S3,P,"plant@(2.000,3.000)",1,r1.00_a150,150,1.0,1.1339745962155612,3.5,True,True,True,3.688042177210573,0.2439452499966137,,0
P2_S3_P_seed1002,S3,P,"plant@(2.000,3.000)",1,r1.20_a150,150,1.2,0.9607695154586735,3.5999999999999996,True,True,True,3.7664397493190878,0.250949570996454,,0
P2_S3_P_seed1002,S3,P,"plant@(2.000,3.000)",1,r0.80_a330,330,0.8,2.6928203230275507,2.5999999999999996,True,True,True,3.7670170039224296,0.24530346802202985,,0
P2_S3_P_seed1002,S3,P,"plant@(2.000,3.000)",1,r1.00_a330,330,1.0,2.8660254037844384,2.4999999999999996,True,True,True,3.8177101866375125,0.2736432910023723,,0
P2_S3_P_seed1002,S3,P,"plant@(2.000,3.000)",1,r1.20_a330,330,1.2,3.039230484541326,2.3999999999999995,True,True,True,3.862814351084195,0.2467125249968376,,0
P2_S3_P_seed1002,S3,P,"plant@(2.000,3.000)",1,r0.80_a000,0,0.8,2.8,3.0,True,True,True,4.198710423429075,0.27126010399661027,,0
P2_S3_P_seed1002,S3,P,"plant@(2.000,3.000)",1,r1.00_a120,120,1.0,1.5000000000000002,3.866025403784439,True,True,True,4.349087003878647,0.27790225300122984,,0
P2_S3_P_seed1002,S3,P,"plant@(2.000,3.000)",1,r1.00_a000,0,1.0,3.0,3.0,True,True,True,4.262439227569819,0.2711054620158393,,0
P2_S3_P_seed1002,S3,P,"plant@(2.000,3.000)",1,r1.20_a120,120,1.2,1.4000000000000004,4.039230484541326,True,True,True,4.307100999716338,0.2809101300081238,,0
P2_S3_P_seed1002,S3,P,"plant@(2.000,3.000)",1,r0.80_a030,30,0.8,2.692820323027551,3.4,True,True,True,4.6843439254528665,0.29884078798932023,,0
P2_S3_P_seed1002,S3,P,"plant@(2.000,3.000)",1,r1.20_a000,0,1.2,3.2,3.0,True,True,True,4.391661197065614,0.2717507559864316,,0
P2_S3_P_seed1002,S3,P,"plant@(2.000,3.000)",1,r1.00_a090,90,1.0,2.0,4.0,True,True,True,4.93275588851247,0.30414436300634407,,0
P2_S3_P_seed1002,S3,P,"plant@(2.000,3.000)",1,r1.00_a030,30,1.0,2.866025403784439,3.5,True,True,True,4.733839035284139,0.3105631060025189,,0
P2_S3_P_seed1002,S3,P,"plant@(2.000,3.000)",1,r1.00_a060,60,1.0,2.5,3.8660254037844384,True,True,True,5.290531886297779,0.3494300000020303,,0
P2_S3_P_seed1002,S3,P,"plant@(2.000,3.000)",1,r1.20_a090,90,1.2,2.0,4.2,True,True,True,4.937109901060667,0.31348561198683456,,0
P2_S3_P_seed1002,S3,P,"plant@(2.000,3.000)",1,r1.20_a030,30,1.2,3.0392304845413265,3.5999999999999996,True,True,True,4.865006267629385,0.3106088069907855,,0
P2_S3_P_seed1002,S3,P,"plant@(-6.000,4.500)",1,r1.20_a330,330,1.2,-4.960769515458674,3.8999999999999995,True,True,True,7.791318019268132,0.29025275699677877,,0
P2_S3_P_seed1002,S3,P,"plant@(-6.000,4.500)",1,r1.20_a000,0,1.2,-4.8,4.5,True,True,True,7.592004018360777,0.2701783450029325,,1
P2_S3_P_seed1002,S3,P,"plant@(-6.000,4.500)",1,r1.00_a330,330,1.0,-5.133974596215562,3.9999999999999996,True,True,True,7.922451298013273,0.2745095769932959,,0
P2_S3_P_seed1002,S3,P,"plant@(-6.000,4.500)",1,r1.00_a000,0,1.0,-5.0,4.5,True,True,True,7.705130894592871,0.2725704810000025,,0
P2_S3_P_seed1002,S3,P,"plant@(-6.000,4.500)",1,r1.20_a300,300,1.2,-5.4,3.460769515458674,True,True,False,,0.2505065459990874,path_infeasible_under_safety_checks,0
P2_S3_P_seed1002,S3,P,"plant@(-6.000,4.500)",1,r0.80_a330,330,0.8,-5.307179676972449,4.1,True,True,True,8.031974997784543,0.2751226419932209,,0
P2_S3_P_seed1002,S3,P,"plant@(-6.000,4.500)",1,r0.80_a000,0,0.8,-5.2,4.5,True,True,True,7.899903364513001,0.26915355399250984,,0
P2_S3_P_seed1002,S3,P,"plant@(-6.000,4.500)",1,r1.20_a030,30,1.2,-4.960769515458674,5.1,True,True,True,7.720120417866004,0.26920135802356526,,0
P2_S3_P_seed1002,S3,P,"plant@(-6.000,4.500)",1,r1.00_a030,30,1.0,-5.133974596215562,5.0,True,True,True,8.138973600238801,0.23678916599601507,,0
P2_S3_P_seed1002,S3,P,"plant@(-6.000,4.500)",1,r0.80_a030,30,0.8,-5.307179676972449,4.9,True,True,True,8.030881616638638,0.3068788870004937,,0
P2_S3_P_seed1002,S3,P,"plant@(-6.000,4.500)",1,r1.20_a060,60,1.2,-5.4,5.539230484541326,True,True,False,,0.30691199001739733,path_infeasible_under_safety_checks,0
P2_S3_P_seed1002,S3,P,"plant@(-6.000,4.500)",1,r1.20_a240,240,1.2,-6.6000000000000005,3.460769515458674,True,True,False,,0.16861538699595258,path_infeasible_under_safety_checks,0
P2_S3_P_seed1002,S3,P,"plant@(-6.000,4.500)",1,r0.80_a210,210,0.8,-6.692820323027551,4.1,True,True,True,11.469268701222969,0.280694613000378,,0
P2_S3_P_seed1002,S3,P,"plant@(-6.000,4.500)",1,r1.00_a210,210,1.0,-6.866025403784438,4.0,True,True,False,,0.1750239750253968,path_infeasible_under_safety_checks,0
P2_S3_P_seed1002,S3,P,"plant@(-6.000,4.500)",1,r0.80_a180,180,0.8,-6.8,4.5,True,True,True,11.045268313355834,0.27102342899888754,,0
P2_S3_P_seed1002,S3,P,"plant@(-6.000,4.500)",1,r1.00_a120,120,1.0,-6.5,5.366025403784438,True,True,False,,0.2493396119971294,path_infeasible_under_safety_checks,0
P2_S3_P_seed1002,S3,P,"plant@(-6.000,4.500)",1,r0.80_a150,150,0.8,-6.692820323027551,4.9,True,True,True,10.891309171877168,0.2558204899833072,,0
P2_S3_P_seed1002,S3,P,"plant@(-6.000,4.500)",1,r1.20_a210,210,1.2,-7.039230484541326,3.9,True,True,False,,0.17330311000114307,path_infeasible_under_safety_checks,0
P2_S3_P_seed1002,S3,P,"plant@(-6.000,4.500)",1,r1.20_a120,120,1.2,-6.6,5.539230484541326,True,True,True,9.958275131913988,0.23919601901434362,,0
P2_S3_P_seed1002,S3,P,"plant@(-6.000,4.500)",1,r1.00_a180,180,1.0,-7.0,4.5,True,True,True,11.095473163869553,0.28755647997604683,,0
P2_S3_P_seed1002,S3,P,"plant@(-6.000,4.500)",1,r1.00_a150,150,1.0,-6.866025403784438,5.0,True,True,True,10.541131584929841,0.2624870990111958,,0
P2_S3_P_seed1002,S3,P,"plant@(-6.000,4.500)",1,r1.20_a180,180,1.2,-7.2,4.5,True,True,True,11.158284081011002,0.2707678080187179,,0
P2_S3_P_seed1002,S3,P,"plant@(-6.000,4.500)",1,r1.20_a150,150,1.2,-7.039230484541326,5.1,True,True,True,10.53322450001952,0.2593664070009254,,0
P2_S3_P_seed1002,S3,P,"plant@(-6.000,4.500)",1,r1.00_a300,300,1.0,-5.5,3.6339745962155616,False,True,False,,0.29152346900082193,path_infeasible_under_safety_checks,0
P2_S3_P_seed1002,S3,P,"plant@(-6.000,4.500)",1,r0.80_a300,300,0.8,-5.6,3.8071796769724493,False,True,False,,0.30112862499663606,path_infeasible_under_safety_checks,0
P2_S3_P_seed1002,S3,P,"plant@(-6.000,4.500)",1,r1.20_a270,270,1.2,-6.0,3.3,False,True,False,,0.27144034099183045,path_infeasible_under_safety_checks,0
P2_S3_P_seed1002,S3,P,"plant@(-6.000,4.500)",1,r1.00_a270,270,1.0,-6.0,3.5,False,True,False,,0.2887139869853854,path_infeasible_under_safety_checks,0
P2_S3_P_seed1002,S3,P,"plant@(-6.000,4.500)",1,r0.80_a270,270,0.8,-6.0,3.7,False,True,False,,0.3211041050089989,path_infeasible_under_safety_checks,0
P2_S3_P_seed1002,S3,P,"plant@(-6.000,4.500)",1,r1.00_a060,60,1.0,-5.5,5.366025403784438,False,True,False,,0.278965967008844,path_infeasible_under_safety_checks,0
P2_S3_P_seed1002,S3,P,"plant@(-6.000,4.500)",1,r0.80_a060,60,0.8,-5.6,5.192820323027551,False,True,False,,0.2940179370052647,path_infeasible_under_safety_checks,0
P2_S3_P_seed1002,S3,P,"plant@(-6.000,4.500)",1,r0.80_a240,240,0.8,-6.4,3.8071796769724493,False,True,False,,0.20552070200210437,path_infeasible_under_safety_checks,0
P2_S3_P_seed1002,S3,P,"plant@(-6.000,4.500)",1,r1.00_a240,240,1.0,-6.5,3.6339745962155616,False,True,False,,0.18867316999239847,path_infeasible_under_safety_checks,0
P2_S3_P_seed1002,S3,P,"plant@(12.000,2.000)",1,r1.20_a240,240,1.2,11.399999999999999,0.960769515458674,True,True,False,,0.22222422499908134,path_infeasible_under_safety_checks,0
P2_S3_P_seed1002,S3,P,"plant@(12.000,2.000)",1,r1.20_a090,90,1.2,12.0,3.2,True,True,False,,0.10788589000003412,path_infeasible_under_safety_checks,0
P2_S3_P_seed1002,S3,P,"plant@(12.000,2.000)",1,r0.80_a060,60,0.8,12.4,2.6928203230275507,True,True,False,,0.10285449400544167,path_infeasible_under_safety_checks,0
P2_S3_P_seed1002,S3,P,"plant@(12.000,2.000)",1,r1.00_a060,60,1.0,12.5,2.8660254037844384,True,True,False,,0.10528689197963104,path_infeasible_under_safety_checks,0
P2_S3_P_seed1002,S3,P,"plant@(12.000,2.000)",1,r1.20_a060,60,1.2,12.6,3.039230484541326,True,True,False,,0.10458700099843554,path_infeasible_under_safety_checks,0
P2_S3_P_seed1002,S3,P,"plant@(12.000,2.000)",1,r0.80_a030,30,0.8,12.69282032302755,2.4,True,True,False,,0.10110736198839732,path_infeasible_under_safety_checks,0
P2_S3_P_seed1002,S3,P,"plant@(12.000,2.000)",1,r0.80_a330,330,0.8,12.69282032302755,1.5999999999999996,True,True,False,,0.10815160401398316,path_infeasible_under_safety_checks,0
P2_S3_P_seed1002,S3,P,"plant@(12.000,2.000)",1,r1.00_a030,30,1.0,12.86602540378444,2.5,True,True,False,,0.10349470100481994,path_infeasible_under_safety_checks,0
P2_S3_P_seed1002,S3,P,"plant@(12.000,2.000)",1,r0.80_a000,0,0.8,12.8,2.0,True,True,False,,0.10350256197853014,path_infeasible_under_safety_checks,0
P2_S3_P_seed1002,S3,P,"plant@(12.000,2.000)",1,r1.00_a330,330,1.0,12.866025403784437,1.4999999999999996,True,True,False,,0.11686478700721636,path_infeasible_under_safety_checks,0
P2_S3_P_seed1002,S3,P,"plant@(12.000,2.000)",1,r1.20_a030,30,1.2,13.039230484541326,2.5999999999999996,True,True,False,,0.1137104989902582,path_infeasible_under_safety_checks,0
P2_S3_P_seed1002,S3,P,"plant@(12.000,2.000)",1,r1.00_a000,0,1.0,13.0,2.0,True,True,False,,0.11191701499046758,path_infeasible_under_safety_checks,0
P2_S3_P_seed1002,S3,P,"plant@(12.000,2.000)",1,r1.20_a330,330,1.2,13.039230484541326,1.3999999999999995,True,True,False,,0.1175700009916909,path_infeasible_under_safety_checks,0
P2_S3_P_seed1002,S3,P,"plant@(12.000,2.000)",1,r1.20_a000,0,1.2,13.2,2.0,True,True,False,,0.10681590699823573,path_infeasible_under_safety_checks,0
P2_S3_P_seed1002,S3,P,"plant@(12.000,2.000)",1,r1.20_a180,180,1.2,10.8,2.0,False,True,False,,0.23470555298263207,path_infeasible_under_safety_checks,0
P2_S3_P_seed1002,S3,P,"plant@(12.000,2.000)",1,r1.20_a150,150,1.2,10.960769515458674,2.5999999999999996,False,True,False,,0.10904420798760839,path_infeasible_under_safety_checks,0
P2_S3_P_seed1002,S3,P,"plant@(12.000,2.000)",1,r1.00_a180,180,1.0,11.0,2.0,False,True,False,,0.24230169400107116,path_infeasible_under_safety_checks,0
P2_S3_P_seed1002,S3,P,"plant@(12.000,2.000)",1,r1.00_a150,150,1.0,11.13397459621556,2.5,False,True,False,,0.23687164197326638,path_infeasible_under_safety_checks,0
P2_S3_P_seed1002,S3,P,"plant@(12.000,2.000)",1,r1.20_a210,210,1.2,10.960769515458674,1.4,False,True,False,,0.22998146701138467,path_infeasible_under_safety_checks,0
P2_S3_P_seed1002,S3,P,"plant@(12.000,2.000)",1,r0.80_a180,180,0.8,11.2,2.0,False,True,False,,0.22806536499410868,path_infeasible_under_safety_checks,0
P2_S3_P_seed1002,S3,P,"plant@(12.000,2.000)",1,r1.00_a210,210,1.0,11.13397459621556,1.5,False,True,False,,0.3182152379886247,path_infeasible_under_safety_checks,0
P2_S3_P_seed1002,S3,P,"plant@(12.000,2.000)",1,r0.80_a150,150,0.8,11.30717967697245,2.4,False,True,False,,0.2348666100006085,path_infeasible_under_safety_checks,0
P2_S3_P_seed1002,S3,P,"plant@(12.000,2.000)",1,r1.20_a120,120,1.2,11.4,3.0392304845413265,False,True,False,,0.12878731000819243,path_infeasible_under_safety_checks,0
P2_S3_P_seed1002,S3,P,"plant@(12.000,2.000)",1,r0.80_a210,210,0.8,11.30717967697245,1.5999999999999999,False,True,False,,0.2403125159908086,path_infeasible_under_safety_checks,0
P2_S3_P_seed1002,S3,P,"plant@(12.000,2.000)",1,r1.00_a120,120,1.0,11.5,2.866025403784439,False,True,False,,0.13388586399378255,path_infeasible_under_safety_checks,0
P2_S3_P_seed1002,S3,P,"plant@(12.000,2.000)",1,r0.80_a120,120,0.8,11.6,2.692820323027551,False,True,False,,0.13051166100194678,path_infeasible_under_safety_checks,0
P2_S3_P_seed1002,S3,P,"plant@(12.000,2.000)",1,r1.00_a240,240,1.0,11.5,1.1339745962155616,False,True,False,,0.21872428501956165,path_infeasible_under_safety_checks,0
P2_S3_P_seed1002,S3,P,"plant@(12.000,2.000)",1,r0.80_a240,240,0.8,11.6,1.3071796769724493,False,True,False,,0.23085783800343052,path_infeasible_under_safety_checks,0
P2_S3_P_seed1002,S3,P,"plant@(12.000,2.000)",1,r1.00_a090,90,1.0,12.0,3.0,False,True,False,,0.10321812800248154,path_infeasible_under_safety_checks,0
P2_S3_P_seed1002,S3,P,"plant@(12.000,2.000)",1,r0.80_a090,90,0.8,12.0,2.8,False,True,False,,0.11543098898255266,path_infeasible_under_safety_checks,0
P2_S3_P_seed1002,S3,P,"plant@(12.000,2.000)",1,r0.80_a270,270,0.8,12.0,1.2,False,True,False,,0.22995477900258265,path_infeasible_under_safety_checks,0
P2_S3_P_seed1002,S3,P,"plant@(12.000,2.000)",1,r1.00_a270,270,1.0,12.0,1.0,False,True,False,,0.22956848802277818,path_infeasible_under_safety_checks,0
P2_S3_P_seed1002,S3,P,"plant@(12.000,2.000)",1,r1.20_a240,240,1.2,11.399999999999999,0.960769515458674,True,True,False,,0.22242501302389428,path_infeasible_under_safety_checks,0
P2_S3_P_seed1002,S3,P,"plant@(12.000,2.000)",1,r1.20_a090,90,1.2,12.0,3.2,True,True,False,,0.11375392001355067,path_infeasible_under_safety_checks,0
P2_S3_P_seed1002,S3,P,"plant@(12.000,2.000)",1,r0.80_a060,60,0.8,12.4,2.6928203230275507,True,True,False,,0.11638126999605447,path_infeasible_under_safety_checks,0
P2_S3_P_seed1002,S3,P,"plant@(12.000,2.000)",1,r1.00_a060,60,1.0,12.5,2.8660254037844384,True,True,False,,0.1108219469897449,path_infeasible_under_safety_checks,0
P2_S3_P_seed1002,S3,P,"plant@(12.000,2.000)",1,r1.20_a060,60,1.2,12.6,3.039230484541326,True,True,False,,0.10680289499578066,path_infeasible_under_safety_checks,0
P2_S3_P_seed1002,S3,P,"plant@(12.000,2.000)",1,r0.80_a030,30,0.8,12.69282032302755,2.4,True,True,False,,0.10723705298732966,path_infeasible_under_safety_checks,0
P2_S3_P_seed1002,S3,P,"plant@(12.000,2.000)",1,r0.80_a330,330,0.8,12.69282032302755,1.5999999999999996,True,True,False,,0.11367485200753435,path_infeasible_under_safety_checks,0
P2_S3_P_seed1002,S3,P,"plant@(12.000,2.000)",1,r1.00_a030,30,1.0,12.86602540378444,2.5,True,True,False,,0.10752069498994388,path_infeasible_under_safety_checks,0
P2_S3_P_seed1002,S3,P,"plant@(12.000,2.000)",1,r0.80_a000,0,0.8,12.8,2.0,True,True,False,,0.11123145901365206,path_infeasible_under_safety_checks,0
P2_S3_P_seed1002,S3,P,"plant@(12.000,2.000)",1,r1.00_a330,330,1.0,12.866025403784437,1.4999999999999996,True,True,True,23.043424084726134,0.33585330299683847,,0
P2_S3_P_seed1002,S3,P,"plant@(12.000,2.000)",1,r1.20_a030,30,1.2,13.039230484541326,2.5999999999999996,True,True,True,21.982062881050325,0.2841450920095667,,1
P2_S3_P_seed1002,S3,P,"plant@(12.000,2.000)",1,r1.00_a000,0,1.0,13.0,2.0,True,True,True,22.524807723902704,0.29283360598492436,,0
P2_S3_P_seed1002,S3,P,"plant@(12.000,2.000)",1,r1.20_a330,330,1.2,13.039230484541326,1.3999999999999995,True,True,True,23.097655193296184,0.30279504298232496,,0
P2_S3_P_seed1002,S3,P,"plant@(12.000,2.000)",1,r1.20_a000,0,1.2,13.2,2.0,True,True,True,22.580929531995736,0.30301110999425873,,0
P2_S3_P_seed1002,S3,P,"plant@(12.000,2.000)",1,r1.20_a180,180,1.2,10.8,2.0,False,True,False,,0.2272300040058326,path_infeasible_under_safety_checks,0
P2_S3_P_seed1002,S3,P,"plant@(12.000,2.000)",1,r1.20_a150,150,1.2,10.960769515458674,2.5999999999999996,False,True,False,,0.3018731070042122,path_infeasible_under_safety_checks,0
P2_S3_P_seed1002,S3,P,"plant@(12.000,2.000)",1,r1.00_a180,180,1.0,11.0,2.0,False,True,False,,0.22187650299747474,path_infeasible_under_safety_checks,0
P2_S3_P_seed1002,S3,P,"plant@(12.000,2.000)",1,r1.00_a150,150,1.0,11.13397459621556,2.5,False,True,False,,0.22628079299465753,path_infeasible_under_safety_checks,0
P2_S3_P_seed1002,S3,P,"plant@(12.000,2.000)",1,r1.20_a210,210,1.2,10.960769515458674,1.4,False,True,False,,0.21209561100113206,path_infeasible_under_safety_checks,0
P2_S3_P_seed1002,S3,P,"plant@(12.000,2.000)",1,r0.80_a180,180,0.8,11.2,2.0,False,True,False,,0.24078910698881373,path_infeasible_under_safety_checks,0
P2_S3_P_seed1002,S3,P,"plant@(12.000,2.000)",1,r1.00_a210,210,1.0,11.13397459621556,1.5,False,True,False,,0.23275038399151526,path_infeasible_under_safety_checks,0
P2_S3_P_seed1002,S3,P,"plant@(12.000,2.000)",1,r0.80_a150,150,0.8,11.30717967697245,2.4,False,True,False,,0.2100573529896792,path_infeasible_under_safety_checks,0
P2_S3_P_seed1002,S3,P,"plant@(12.000,2.000)",1,r1.20_a120,120,1.2,11.4,3.0392304845413265,False,True,False,,0.29471775400452316,path_infeasible_under_safety_checks,0
P2_S3_P_seed1002,S3,P,"plant@(12.000,2.000)",1,r0.80_a210,210,0.8,11.30717967697245,1.5999999999999999,False,True,False,,0.23159307599416934,path_infeasible_under_safety_checks,0
P2_S3_P_seed1002,S3,P,"plant@(12.000,2.000)",1,r1.00_a120,120,1.0,11.5,2.866025403784439,False,True,False,,0.3807521800044924,path_infeasible_under_safety_checks,0
P2_S3_P_seed1002,S3,P,"plant@(12.000,2.000)",1,r0.80_a120,120,0.8,11.6,2.692820323027551,False,True,False,,0.3197662409802433,path_infeasible_under_safety_checks,0
P2_S3_P_seed1002,S3,P,"plant@(12.000,2.000)",1,r1.00_a240,240,1.0,11.5,1.1339745962155616,False,True,False,,0.22382870598812588,path_infeasible_under_safety_checks,0
P2_S3_P_seed1002,S3,P,"plant@(12.000,2.000)",1,r0.80_a240,240,0.8,11.6,1.3071796769724493,False,True,False,,0.2382791269919835,path_infeasible_under_safety_checks,0
P2_S3_P_seed1002,S3,P,"plant@(12.000,2.000)",1,r1.00_a090,90,1.0,12.0,3.0,False,True,False,,0.2834919060114771,path_infeasible_under_safety_checks,0
P2_S3_P_seed1002,S3,P,"plant@(12.000,2.000)",1,r0.80_a090,90,0.8,12.0,2.8,False,True,False,,0.2943742779898457,path_infeasible_under_safety_checks,0
P2_S3_P_seed1002,S3,P,"plant@(12.000,2.000)",1,r0.80_a270,270,0.8,12.0,1.2,False,True,False,,0.31099268997786567,path_infeasible_under_safety_checks,0
P2_S3_P_seed1002,S3,P,"plant@(12.000,2.000)",1,r1.00_a270,270,1.0,12.0,1.0,False,True,False,,0.3081086300080642,path_infeasible_under_safety_checks,0
P2_S3_P_seed1003,S3,P,"plant@(2.000,3.000)",1,r1.20_a240,240,1.2,1.3999999999999995,1.960769515458674,True,True,True,2.4021980321074725,0.16785467200679705,,1
P2_S3_P_seed1003,S3,P,"plant@(2.000,3.000)",1,r1.20_a210,210,1.2,0.9607695154586737,2.4,True,True,True,2.5982584977119902,0.18503909301944077,,0
P2_S3_P_seed1003,S3,P,"plant@(2.000,3.000)",1,r1.00_a240,240,1.0,1.4999999999999996,2.1339745962155616,True,True,True,2.602031634036085,0.17679964899434708,,0
P2_S3_P_seed1003,S3,P,"plant@(2.000,3.000)",1,r1.20_a270,270,1.2,1.9999999999999998,1.8,True,True,True,2.6786582306225384,0.17157437300193124,,0
P2_S3_P_seed1003,S3,P,"plant@(2.000,3.000)",1,r1.00_a210,210,1.0,1.1339745962155614,2.5,True,True,True,2.74531223429477,0.17310870098299347,,0
P2_S3_P_seed1003,S3,P,"plant@(2.000,3.000)",1,r0.80_a240,240,0.8,1.5999999999999996,2.3071796769724493,True,True,True,2.803764317979718,0.18103900898131542,,0
P2_S3_P_seed1003,S3,P,"plant@(2.000,3.000)",1,r1.00_a270,270,1.0,1.9999999999999998,2.0,True,True,True,2.816025931651265,0.18528065798454918,,0
P2_S3_P_seed1003,S3,P,"plant@(2.000,3.000)",1,r0.80_a210,210,0.8,1.307179676972449,2.5999999999999996,True,True,True,2.9198346466490075,0.19702124799368903,,0
P2_S3_P_seed1003,S3,P,"plant@(2.000,3.000)",1,r0.80_a270,270,0.8,1.9999999999999998,2.2,True,True,True,2.96247563771313,0.19471258000703529,,0
P2_S3_P_seed1003,S3,P,"plant@(2.000,3.000)",1,r1.20_a180,180,1.2,0.8,3.0,True,True,True,3.1847430226150277,0.2071604620141443,,0
P2_S3_P_seed1003,S3,P,"plant@(2.000,3.000)",1,r1.00_a180,180,1.0,1.0,3.0,True,True,True,3.169875174869212,0.21361796898418106,,0
P2_S3_P_seed1003,S3,P,"plant@(2.000,3.000)",1,r0.80_a180,180,0.8,1.2,3.0,True,True,True,3.2416304739555724,0.2177089159958996,,0
P2_S3_P_seed1003,S3,P,"plant@(2.000,3.000)",1,r1.20_a300,300,1.2,2.6,1.9607695154586737,True,True,True,3.2493641108315225,0.22443881499930285,,0
P2_S3_P_seed1003,S3,P,"plant@(2.000,3.000)",1,r1.00_a300,300,1.0,2.5,2.1339745962155616,True,True,True,3.2803082874835803,0.21454512799391523,,0
P2_S3_P_seed1003,S3,P,"plant@(2.000,3.000)",1,r0.80_a300,300,0.8,2.4000000000000004,2.3071796769724493,True,True,True,3.3238474265494395,0.2278059440141078,,0
P2_S3_P_seed1003,S3,P,"plant@(2.000,3.000)",1,r0.80_a150,150,0.8,1.3071796769724489,3.4,True,True,True,3.697423411089156,0.24518438300583512,,0
P2_S3_P_seed1003,S3,P,"plant@(2.000,3.000)",1,r1.00_a150,150,1.0,1.1339745962155612,3.5,True,True,True,3.688042177210573,0.25550392700824887,,0
P2_S3_P_seed1003,S3,P,"plant@(2.000,3.000)",1,r1.20_a150,150,1.2,0.9607695154586735,3.5999999999999996,True,True,True,3.7664397493190878,0.2656137860030867,,0
P2_S3_P_seed1003,S3,P,"plant@(2.000,3.000)",1,r0.80_a330,330,0.8,2.6928203230275507,2.5999999999999996,True,True,True,3.7670170039224296,0.24943406000966206,,0
P2_S3_P_seed1003,S3,P,"plant@(2.000,3.000)",1,r1.00_a330,330,1.0,2.8660254037844384,2.4999999999999996,True,True,True,3.8177101866375125,0.2539068359765224,,0
P2_S3_P_seed1003,S3,P,"plant@(2.000,3.000)",1,r1.20_a330,330,1.2,3.039230484541326,2.3999999999999995,True,True,True,3.862814351084195,0.26892240400775336,,0
P2_S3_P_seed1003,S3,P,"plant@(2.000,3.000)",1,r0.80_a000,0,0.8,2.8,3.0,True,True,True,4.198710423429075,0.26628103901748545,,0
P2_S3_P_seed1003,S3,P,"plant@(2.000,3.000)",1,r1.00_a120,120,1.0,1.5000000000000002,3.866025403784439,True,True,True,4.349087003878647,0.29816697200294584,,0
P2_S3_P_seed1003,S3,P,"plant@(2.000,3.000)",1,r1.00_a000,0,1.0,3.0,3.0,True,True,True,4.262439227569819,0.2786707560007926,,0
P2_S3_P_seed1003,S3,P,"plant@(2.000,3.000)",1,r1.20_a120,120,1.2,1.4000000000000004,4.039230484541326,True,True,True,4.307100999716338,0.2892312500043772,,0
P2_S3_P_seed1003,S3,P,"plant@(2.000,3.000)",1,r0.80_a030,30,0.8,2.692820323027551,3.4,True,True,True,4.6843439254528665,0.3047050250170287,,0
P2_S3_P_seed1003,S3,P,"plant@(2.000,3.000)",1,r1.20_a000,0,1.2,3.2,3.0,True,True,True,4.391661197065614,0.29336239301483147,,0
P2_S3_P_seed1003,S3,P,"plant@(2.000,3.000)",1,r1.00_a090,90,1.0,2.0,4.0,True,True,True,4.93275588851247,0.3210046009917278,,0
P2_S3_P_seed1003,S3,P,"plant@(2.000,3.000)",1,r1.00_a030,30,1.0,2.866025403784439,3.5,True,True,True,4.733839035284139,0.31471639301162213,,0
P2_S3_P_seed1003,S3,P,"plant@(2.000,3.000)",1,r1.00_a060,60,1.0,2.5,3.8660254037844384,True,True,True,5.290531886297779,0.3603458639991004,,0
P2_S3_P_seed1003,S3,P,"plant@(2.000,3.000)",1,r1.20_a090,90,1.2,2.0,4.2,True,True,True,4.937109901060667,0.3559711050183978,,0
P2_S3_P_seed1003,S3,P,"plant@(2.000,3.000)",1,r1.20_a030,30,1.2,3.0392304845413265,3.5999999999999996,True,True,True,4.865006267629385,0.32246667399886064,,0
P2_S3_P_seed1003,S3,P,"plant@(-6.000,4.500)",1,r1.20_a330,330,1.2,-4.960769515458674,3.8999999999999995,True,True,True,7.7786912897878375,0.27758355700643733,,0
P2_S3_P_seed1003,S3,P,"plant@(-6.000,4.500)",1,r1.20_a000,0,1.2,-4.8,4.5,True,True,True,7.499035933053501,0.27297129898215644,,1
P2_S3_P_seed1003,S3,P,"plant@(-6.000,4.500)",1,r1.00_a330,330,1.0,-5.133974596215562,3.9999999999999996,True,True,True,7.967371928005717,0.26825505000306293,,0
P2_S3_P_seed1003,S3,P,"plant@(-6.000,4.500)",1,r1.00_a000,0,1.0,-5.0,4.5,True,True,True,7.741200009825955,0.26116664402070455,,0
P2_S3_P_seed1003,S3,P,"plant@(-6.000,4.500)",1,r1.20_a300,300,1.2,-5.4,3.460769515458674,True,True,False,,0.25480946301831864,path_infeasible_under_safety_checks,0
P2_S3_P_seed1003,S3,P,"plant@(-6.000,4.500)",1,r0.80_a330,330,0.8,-5.307179676972449,4.1,True,True,True,8.02283584172472,0.2895170290139504,,0
P2_S3_P_seed1003,S3,P,"plant@(-6.000,4.500)",1,r0.80_a000,0,0.8,-5.2,4.5,True,True,True,7.861927088163996,0.2798987690184731,,0
P2_S3_P_seed1003,S3,P,"plant@(-6.000,4.500)",1,r1.20_a030,30,1.2,-4.960769515458674,5.1,True,True,True,7.759571422100919,0.27080397799727507,,0
P2_S3_P_seed1003,S3,P,"plant@(-6.000,4.500)",1,r1.00_a030,30,1.0,-5.133974596215562,5.0,True,True,True,8.139981453404344,0.2623301599815022,,0
P2_S3_P_seed1003,S3,P,"plant@(-6.000,4.500)",1,r0.80_a030,30,0.8,-5.307179676972449,4.9,True,True,True,8.01229575904147,0.28922563698142767,,0
P2_S3_P_seed1003,S3,P,"plant@(-6.000,4.500)",1,r1.20_a060,60,1.2,-5.4,5.539230484541326,True,True,True,8.319400296132509,0.30150715200579725,,0
P2_S3_P_seed1003,S3,P,"plant@(-6.000,4.500)",1,r1.20_a240,240,1.2,-6.6000000000000005,3.460769515458674,True,True,False,,0.17265561598469503,path_infeasible_under_safety_checks,0
P2_S3_P_seed1003,S3,P,"plant@(-6.000,4.500)",1,r0.80_a210,210,0.8,-6.692820323027551,4.1,True,True,True,11.552453930606083,0.29861556802643463,,0
P2_S3_P_seed1003,S3,P,"plant@(-6.000,4.500)",1,r1.00_a210,210,1.0,-6.866025403784438,4.0,True,True,False,,0.18359416199382395,path_infeasible_under_safety_checks,0
P2_S3_P_seed1003,S3,P,"plant@(-6.000,4.500)",1,r0.80_a180,180,0.8,-6.8,4.5,True,True,True,11.102618502045415,0.2614414260024205,,0
P2_S3_P_seed1003,S3,P,"plant@(-6.000,4.500)",1,r1.00_a120,120,1.0,-6.5,5.366025403784438,True,True,False,,0.25262996298260987,path_infeasible_under_safety_checks,0
P2_S3_P_seed1003,S3,P,"plant@(-6.000,4.500)",1,r0.80_a150,150,0.8,-6.692820323027551,4.9,True,True,True,10.890294239830432,0.2676513099868316,,0
P2_S3_P_seed1003,S3,P,"plant@(-6.000,4.500)",1,r1.20_a210,210,1.2,-7.039230484541326,3.9,True,True,False,,0.17202267699758522,path_infeasible_under_safety_checks,0
P2_S3_P_seed1003,S3,P,"plant@(-6.000,4.500)",1,r1.20_a120,120,1.2,-6.6,5.539230484541326,True,True,True,10.062821719333614,0.2503042570024263,,0
P2_S3_P_seed1003,S3,P,"plant@(-6.000,4.500)",1,r1.00_a180,180,1.0,-7.0,4.5,True,True,True,11.126937983582863,0.27363675698870793,,0
P2_S3_P_seed1003,S3,P,"plant@(-6.000,4.500)",1,r1.00_a150,150,1.0,-6.866025403784438,5.0,True,True,True,10.7201005553924,0.24488602901692502,,0
P2_S3_P_seed1003,S3,P,"plant@(-6.000,4.500)",1,r1.20_a180,180,1.2,-7.2,4.5,True,True,True,11.157454019179196,0.2807583849935327,,0
P2_S3_P_seed1003,S3,P,"plant@(-6.000,4.500)",1,r1.20_a150,150,1.2,-7.039230484541326,5.1,True,True,True,10.547550618129515,0.25729028999921866,,0
P2_S3_P_seed1003,S3,P,"plant@(-6.000,4.500)",1,r1.00_a300,300,1.0,-5.5,3.6339745962155616,False,True,False,,0.26433466500020586,path_infeasible_under_safety_checks,0
P2_S3_P_seed1003,S3,P,"plant@(-6.000,4.500)",1,r0.80_a300,300,0.8,-5.6,3.8071796769724493,False,True,False,,0.32417015798273496,path_infeasible_under_safety_checks,0
P2_S3_P_seed1003,S3,P,"plant@(-6.000,4.500)",1,r1.20_a270,270,1.2,-6.0,3.3,False,True,False,,0.2685880310018547,path_infeasible_under_safety_checks,0
P2_S3_P_seed1003,S3,P,"plant@(-6.000,4.500)",1,r1.00_a270,270,1.0,-6.0,3.5,False,True,False,,0.2877126010134816,path_infeasible_under_safety_checks,0
P2_S3_P_seed1003,S3,P,"plant@(-6.000,4.500)",1,r0.80_a270,270,0.8,-6.0,3.7,False,True,False,,0.31767360799130984,path_infeasible_under_safety_checks,0
P2_S3_P_seed1003,S3,P,"plant@(-6.000,4.500)",1,r1.00_a060,60,1.0,-5.5,5.366025403784438,False,True,False,,0.28640950701083057,path_infeasible_under_safety_checks,0
P2_S3_P_seed1003,S3,P,"plant@(-6.000,4.500)",1,r0.80_a060,60,0.8,-5.6,5.192820323027551,False,True,False,,0.29067493000184186,path_infeasible_under_safety_checks,0
P2_S3_P_seed1003,S3,P,"plant@(-6.000,4.500)",1,r0.80_a240,240,0.8,-6.4,3.8071796769724493,False,True,False,,0.20925489501678385,path_infeasible_under_safety_checks,0
P2_S3_P_seed1003,S3,P,"plant@(-6.000,4.500)",1,r1.00_a240,240,1.0,-6.5,3.6339745962155616,False,True,False,,0.21133003098657355,path_infeasible_under_safety_checks,0
P2_S3_P_seed1003,S3,P,"plant@(12.000,2.000)",1,r1.20_a240,240,1.2,11.399999999999999,0.960769515458674,True,True,False,,0.22297926197643392,path_infeasible_under_safety_checks,0
P2_S3_P_seed1003,S3,P,"plant@(12.000,2.000)",1,r1.20_a090,90,1.2,12.0,3.2,True,True,False,,0.10148906701942906,path_infeasible_under_safety_checks,0
P2_S3_P_seed1003,S3,P,"plant@(12.000,2.000)",1,r0.80_a060,60,0.8,12.4,2.6928203230275507,True,True,False,,0.10125076599069871,path_infeasible_under_safety_checks,0
P2_S3_P_seed1003,S3,P,"plant@(12.000,2.000)",1,r1.00_a060,60,1.0,12.5,2.8660254037844384,True,True,False,,0.10227321300772019,path_infeasible_under_safety_checks,0
P2_S3_P_seed1003,S3,P,"plant@(12.000,2.000)",1,r1.20_a060,60,1.2,12.6,3.039230484541326,True,True,False,,0.09806033500353806,path_infeasible_under_safety_checks,0
P2_S3_P_seed1003,S3,P,"plant@(12.000,2.000)",1,r0.80_a030,30,0.8,12.69282032302755,2.4,True,True,False,,0.10602850699797273,path_infeasible_under_safety_checks,0
P2_S3_P_seed1003,S3,P,"plant@(12.000,2.000)",1,r0.80_a330,330,0.8,12.69282032302755,1.5999999999999996,True,True,False,,0.12869196699466556,path_infeasible_under_safety_checks,0
P2_S3_P_seed1003,S3,P,"plant@(12.000,2.000)",1,r0.80_a000,0,0.8,12.8,2.0,True,True,False,,0.11189172300510108,path_infeasible_under_safety_checks,0
P2_S3_P_seed1003,S3,P,"plant@(12.000,2.000)",1,r1.00_a030,30,1.0,12.86602540378444,2.5,True,True,False,,0.10483488001045771,path_infeasible_under_safety_checks,0
P2_S3_P_seed1003,S3,P,"plant@(12.000,2.000)",1,r1.00_a330,330,1.0,12.866025403784437,1.4999999999999996,True,True,False,,0.10741334498743527,path_infeasible_under_safety_checks,0
P2_S3_P_seed1003,S3,P,"plant@(12.000,2.000)",1,r1.20_a030,30,1.2,13.039230484541326,2.5999999999999996,True,True,False,,0.09858787100529298,path_infeasible_under_safety_checks,0
P2_S3_P_seed1003,S3,P,"plant@(12.000,2.000)",1,r1.00_a000,0,1.0,13.0,2.0,True,True,False,,0.11299429801874794,path_infeasible_under_safety_checks,0
P2_S3_P_seed1003,S3,P,"plant@(12.000,2.000)",1,r1.20_a330,330,1.2,13.039230484541326,1.3999999999999995,True,True,False,,0.11410421101027168,path_infeasible_under_safety_checks,0
P2_S3_P_seed1003,S3,P,"plant@(12.000,2.000)",1,r1.20_a000,0,1.2,13.2,2.0,True,True,False,,0.10397353899315931,path_infeasible_under_safety_checks,0
P2_S3_P_seed1003,S3,P,"plant@(12.000,2.000)",1,r1.20_a180,180,1.2,10.8,2.0,False,True,False,,0.23199978499906138,path_infeasible_under_safety_checks,0
P2_S3_P_seed1003,S3,P,"plant@(12.000,2.000)",1,r1.20_a150,150,1.2,10.960769515458674,2.5999999999999996,False,True,False,,0.11581848899368197,path_infeasible_under_safety_checks,0
P2_S3_P_seed1003,S3,P,"plant@(12.000,2.000)",1,r1.00_a180,180,1.0,11.0,2.0,False,True,False,,0.24627614501514472,path_infeasible_under_safety_checks,0
P2_S3_P_seed1003,S3,P,"plant@(12.000,2.000)",1,r1.00_a150,150,1.0,11.13397459621556,2.5,False,True,False,,0.23284131800755858,path_infeasible_under_safety_checks,0
P2_S3_P_seed1003,S3,P,"plant@(12.000,2.000)",1,r1.20_a210,210,1.2,10.960769515458674,1.4,False,True,False,,0.22604867699556053,path_infeasible_under_safety_checks,0
P2_S3_P_seed1003,S3,P,"plant@(12.000,2.000)",1,r0.80_a180,180,0.8,11.2,2.0,False,True,False,,0.2360076780023519,path_infeasible_under_safety_checks,0
P2_S3_P_seed1003,S3,P,"plant@(12.000,2.000)",1,r1.00_a210,210,1.0,11.13397459621556,1.5,False,True,False,,0.23641492301248945,path_infeasible_under_safety_checks,0
P2_S3_P_seed1003,S3,P,"plant@(12.000,2.000)",1,r0.80_a150,150,0.8,11.30717967697245,2.4,False,True,False,,0.22559061998617835,path_infeasible_under_safety_checks,0
P2_S3_P_seed1003,S3,P,"plant@(12.000,2.000)",1,r1.20_a120,120,1.2,11.4,3.0392304845413265,False,True,False,,0.133082967979135,path_infeasible_under_safety_checks,0
P2_S3_P_seed1003,S3,P,"plant@(12.000,2.000)",1,r0.80_a210,210,0.8,11.30717967697245,1.5999999999999999,False,True,False,,0.22959783402620815,path_infeasible_under_safety_checks,0
P2_S3_P_seed1003,S3,P,"plant@(12.000,2.000)",1,r1.00_a120,120,1.0,11.5,2.866025403784439,False,True,False,,0.12245083798188716,path_infeasible_under_safety_checks,0
P2_S3_P_seed1003,S3,P,"plant@(12.000,2.000)",1,r0.80_a120,120,0.8,11.6,2.692820323027551,False,True,False,,0.13875965800252743,path_infeasible_under_safety_checks,0
P2_S3_P_seed1003,S3,P,"plant@(12.000,2.000)",1,r1.00_a240,240,1.0,11.5,1.1339745962155616,False,True,False,,0.20472586501273327,path_infeasible_under_safety_checks,0
P2_S3_P_seed1003,S3,P,"plant@(12.000,2.000)",1,r0.80_a240,240,0.8,11.6,1.3071796769724493,False,True,False,,0.2252254410122987,path_infeasible_under_safety_checks,0
P2_S3_P_seed1003,S3,P,"plant@(12.000,2.000)",1,r1.00_a090,90,1.0,12.0,3.0,False,True,False,,0.10728563298471272,path_infeasible_under_safety_checks,0
P2_S3_P_seed1003,S3,P,"plant@(12.000,2.000)",1,r0.80_a090,90,0.8,12.0,2.8,False,True,False,,0.11014982798951678,path_infeasible_under_safety_checks,0
P2_S3_P_seed1003,S3,P,"plant@(12.000,2.000)",1,r0.80_a270,270,0.8,12.0,1.2,False,True,False,,0.23641373999998905,path_infeasible_under_safety_checks,0
P2_S3_P_seed1003,S3,P,"plant@(12.000,2.000)",1,r1.00_a270,270,1.0,12.0,1.0,False,True,False,,0.23236971601727419,path_infeasible_under_safety_checks,0
P2_S3_P_seed1003,S3,P,"plant@(12.000,2.000)",1,r1.20_a240,240,1.2,11.399999999999999,0.960769515458674,True,True,False,,0.24168219399871305,path_infeasible_under_safety_checks,0
P2_S3_P_seed1003,S3,P,"plant@(12.000,2.000)",1,r1.20_a090,90,1.2,12.0,3.2,True,True,False,,0.10694514098577201,path_infeasible_under_safety_checks,0
P2_S3_P_seed1003,S3,P,"plant@(12.000,2.000)",1,r0.80_a060,60,0.8,12.4,2.6928203230275507,True,True,False,,0.11244406699552201,path_infeasible_under_safety_checks,0
P2_S3_P_seed1003,S3,P,"plant@(12.000,2.000)",1,r1.00_a060,60,1.0,12.5,2.8660254037844384,True,True,False,,0.10254286200506613,path_infeasible_under_safety_checks,0
P2_S3_P_seed1003,S3,P,"plant@(12.000,2.000)",1,r1.20_a060,60,1.2,12.6,3.039230484541326,True,True,False,,0.10742110700812191,path_infeasible_under_safety_checks,0
P2_S3_P_seed1003,S3,P,"plant@(12.000,2.000)",1,r0.80_a030,30,0.8,12.69282032302755,2.4,True,True,False,,0.10720445099286735,path_infeasible_under_safety_checks,0
P2_S3_P_seed1003,S3,P,"plant@(12.000,2.000)",1,r0.80_a330,330,0.8,12.69282032302755,1.5999999999999996,True,True,False,,0.12321097601670772,path_infeasible_under_safety_checks,0
P2_S3_P_seed1003,S3,P,"plant@(12.000,2.000)",1,r0.80_a000,0,0.8,12.8,2.0,True,True,True,22.46918590982364,0.3026518780097831,,0
P2_S3_P_seed1003,S3,P,"plant@(12.000,2.000)",1,r1.00_a030,30,1.0,12.86602540378444,2.5,True,True,True,21.9907524843788,0.27581249101785943,,0
P2_S3_P_seed1003,S3,P,"plant@(12.000,2.000)",1,r1.00_a330,330,1.0,12.866025403784437,1.4999999999999996,True,True,True,22.961101357269676,0.2863357040041592,,0
P2_S3_P_seed1003,S3,P,"plant@(12.000,2.000)",1,r1.20_a030,30,1.2,13.039230484541326,2.5999999999999996,True,True,True,21.96289202822069,0.26982556501752697,,1
P2_S3_P_seed1003,S3,P,"plant@(12.000,2.000)",1,r1.00_a000,0,1.0,13.0,2.0,True,True,True,22.55924345952462,0.28523419800330885,,0
P2_S3_P_seed1003,S3,P,"plant@(12.000,2.000)",1,r1.20_a330,330,1.2,13.039230484541326,1.3999999999999995,True,True,True,23.087564306911215,0.2800713560136501,,0
P2_S3_P_seed1003,S3,P,"plant@(12.000,2.000)",1,r1.20_a000,0,1.2,13.2,2.0,True,True,True,22.575523463465224,0.2835944719845429,,0
P2_S3_P_seed1003,S3,P,"plant@(12.000,2.000)",1,r1.20_a180,180,1.2,10.8,2.0,False,True,False,,0.21048788700136356,path_infeasible_under_safety_checks,0
P2_S3_P_seed1003,S3,P,"plant@(12.000,2.000)",1,r1.20_a150,150,1.2,10.960769515458674,2.5999999999999996,False,True,False,,0.27969462002511136,path_infeasible_under_safety_checks,0
P2_S3_P_seed1003,S3,P,"plant@(12.000,2.000)",1,r1.00_a180,180,1.0,11.0,2.0,False,True,False,,0.21008668301510625,path_infeasible_under_safety_checks,0
P2_S3_P_seed1003,S3,P,"plant@(12.000,2.000)",1,r1.00_a150,150,1.0,11.13397459621556,2.5,False,True,False,,0.21192654297919944,path_infeasible_under_safety_checks,0
P2_S3_P_seed1003,S3,P,"plant@(12.000,2.000)",1,r1.20_a210,210,1.2,10.960769515458674,1.4,False,True,False,,0.20908741897437721,path_infeasible_under_safety_checks,0
P2_S3_P_seed1003,S3,P,"plant@(12.000,2.000)",1,r0.80_a180,180,0.8,11.2,2.0,False,True,False,,0.20918300401535816,path_infeasible_under_safety_checks,0
P2_S3_P_seed1003,S3,P,"plant@(12.000,2.000)",1,r1.00_a210,210,1.0,11.13397459621556,1.5,False,True,False,,0.21866102202329785,path_infeasible_under_safety_checks,0
P2_S3_P_seed1003,S3,P,"plant@(12.000,2.000)",1,r0.80_a150,150,0.8,11.30717967697245,2.4,False,True,False,,0.21069828799227253,path_infeasible_under_safety_checks,0
P2_S3_P_seed1003,S3,P,"plant@(12.000,2.000)",1,r1.20_a120,120,1.2,11.4,3.0392304845413265,False,True,False,,0.30801357902237214,path_infeasible_under_safety_checks,0
P2_S3_P_seed1003,S3,P,"plant@(12.000,2.000)",1,r0.80_a210,210,0.8,11.30717967697245,1.5999999999999999,False,True,False,,0.25430270298966207,path_infeasible_under_safety_checks,0
P2_S3_P_seed1003,S3,P,"plant@(12.000,2.000)",1,r1.00_a120,120,1.0,11.5,2.866025403784439,False,True,False,,0.288099595985841,path_infeasible_under_safety_checks,0
P2_S3_P_seed1003,S3,P,"plant@(12.000,2.000)",1,r0.80_a120,120,0.8,11.6,2.692820323027551,False,True,False,,0.2904147219960578,path_infeasible_under_safety_checks,0
P2_S3_P_seed1003,S3,P,"plant@(12.000,2.000)",1,r1.00_a240,240,1.0,11.5,1.1339745962155616,False,True,False,,0.2097745240025688,path_infeasible_under_safety_checks,0
P2_S3_P_seed1003,S3,P,"plant@(12.000,2.000)",1,r0.80_a240,240,0.8,11.6,1.3071796769724493,False,True,False,,0.2301067179942038,path_infeasible_under_safety_checks,0
P2_S3_P_seed1003,S3,P,"plant@(12.000,2.000)",1,r1.00_a090,90,1.0,12.0,3.0,False,True,False,,0.26501558400923386,path_infeasible_under_safety_checks,0
P2_S3_P_seed1003,S3,P,"plant@(12.000,2.000)",1,r0.80_a090,90,0.8,12.0,2.8,False,True,False,,0.28612533799605444,path_infeasible_under_safety_checks,0
P2_S3_P_seed1003,S3,P,"plant@(12.000,2.000)",1,r0.80_a270,270,0.8,12.0,1.2,False,True,False,,0.22295897497679107,path_infeasible_under_safety_checks,0
P2_S3_P_seed1003,S3,P,"plant@(12.000,2.000)",1,r1.00_a270,270,1.0,12.0,1.0,False,True,False,,0.2883093849814031,path_infeasible_under_safety_checks,0
P2_S3_P_seed1004,S3,P,"plant@(2.000,3.000)",1,r1.20_a240,240,1.2,1.3999999999999995,1.960769515458674,True,True,True,2.4021980321074725,0.1634586820146069,,1
P2_S3_P_seed1004,S3,P,"plant@(2.000,3.000)",1,r1.20_a210,210,1.2,0.9607695154586737,2.4,True,True,True,2.5982584977119902,0.18088886901387013,,0
P2_S3_P_seed1004,S3,P,"plant@(2.000,3.000)",1,r1.00_a240,240,1.0,1.4999999999999996,2.1339745962155616,True,True,True,2.602031634036085,0.169583536015125,,0
P2_S3_P_seed1004,S3,P,"plant@(2.000,3.000)",1,r1.20_a270,270,1.2,1.9999999999999998,1.8,True,True,True,2.6786582306225384,0.17897807000554167,,0
P2_S3_P_seed1004,S3,P,"plant@(2.000,3.000)",1,r1.00_a210,210,1.0,1.1339745962155614,2.5,True,True,True,2.74531223429477,0.18506977401557378,,0
P2_S3_P_seed1004,S3,P,"plant@(2.000,3.000)",1,r0.80_a240,240,0.8,1.5999999999999996,2.3071796769724493,True,True,True,2.803764317979718,0.18337721898569725,,0
P2_S3_P_seed1004,S3,P,"plant@(2.000,3.000)",1,r1.00_a270,270,1.0,1.9999999999999998,2.0,True,True,True,2.816025931651265,0.18502967397216707,,0
P2_S3_P_seed1004,S3,P,"plant@(2.000,3.000)",1,r0.80_a210,210,0.8,1.307179676972449,2.5999999999999996,True,True,True,2.9198346466490075,0.1945145420031622,,0
P2_S3_P_seed1004,S3,P,"plant@(2.000,3.000)",1,r0.80_a270,270,0.8,1.9999999999999998,2.2,True,True,True,2.96247563771313,0.1991820849943906,,0
P2_S3_P_seed1004,S3,P,"plant@(2.000,3.000)",1,r1.20_a180,180,1.2,0.8,3.0,True,True,True,3.1847430226150277,0.2081845409993548,,0
P2_S3_P_seed1004,S3,P,"plant@(2.000,3.000)",1,r1.00_a180,180,1.0,1.0,3.0,True,True,True,3.169875174869212,0.21029189100954682,,0
P2_S3_P_seed1004,S3,P,"plant@(2.000,3.000)",1,r0.80_a180,180,0.8,1.2,3.0,True,True,True,3.2416304739555724,0.21432057398487814,,0
P2_S3_P_seed1004,S3,P,"plant@(2.000,3.000)",1,r1.20_a300,300,1.2,2.6,1.9607695154586737,True,True,True,3.2493641108315225,0.21318140398943797,,0
P2_S3_P_seed1004,S3,P,"plant@(2.000,3.000)",1,r1.00_a300,300,1.0,2.5,2.1339745962155616,True,True,True,3.2803082874835803,0.21373581400257535,,0
P2_S3_P_seed1004,S3,P,"plant@(2.000,3.000)",1,r0.80_a300,300,0.8,2.4000000000000004,2.3071796769724493,True,True,True,3.3238474265494395,0.21696514802169986,,0
P2_S3_P_seed1004,S3,P,"plant@(2.000,3.000)",1,r0.80_a150,150,0.8,1.3071796769724489,3.4,True,True,True,3.697423411089156,0.22948064299998805,,0
P2_S3_P_seed1004,S3,P,"plant@(2.000,3.000)",1,r1.00_a150,150,1.0,1.1339745962155612,3.5,True,True,True,3.688042177210573,0.31699346099048853,,0
P2_S3_P_seed1004,S3,P,"plant@(2.000,3.000)",1,r1.20_a150,150,1.2,0.9607695154586735,3.5999999999999996,True,True,True,3.7664397493190878,0.2696776550146751,,0
P2_S3_P_seed1004,S3,P,"plant@(2.000,3.000)",1,r0.80_a330,330,0.8,2.6928203230275507,2.5999999999999996,True,True,True,3.7670170039224296,0.26223759399726987,,0
P2_S3_P_seed1004,S3,P,"plant@(2.000,3.000)",1,r1.00_a330,330,1.0,2.8660254037844384,2.4999999999999996,True,True,True,3.8177101866375125,0.25495346600655466,,0
P2_S3_P_seed1004,S3,P,"plant@(2.000,3.000)",1,r1.20_a330,330,1.2,3.039230484541326,2.3999999999999995,True,True,True,3.862814351084195,0.2614410909882281,,0
P2_S3_P_seed1004,S3,P,"plant@(2.000,3.000)",1,r0.80_a000,0,0.8,2.8,3.0,True,True,True,4.198710423429075,0.2564952289976645,,0
P2_S3_P_seed1004,S3,P,"plant@(2.000,3.000)",1,r1.00_a120,120,1.0,1.5000000000000002,3.866025403784439,True,True,True,4.349087003878647,0.29837616501026787,,0
P2_S3_P_seed1004,S3,P,"plant@(2.000,3.000)",1,r1.00_a000,0,1.0,3.0,3.0,True,True,True,4.262439227569819,0.28175891397404484,,0
P2_S3_P_seed1004,S3,P,"plant@(2.000,3.000)",1,r1.20_a120,120,1.2,1.4000000000000004,4.039230484541326,True,True,True,4.307100999716338,0.34932582298642956,,0
P2_S3_P_seed1004,S3,P,"plant@(2.000,3.000)",1,r0.80_a030,30,0.8,2.692820323027551,3.4,True,True,True,4.6843439254528665,0.37376429300638847,,0
P2_S3_P_seed1004,S3,P,"plant@(2.000,3.000)",1,r1.20_a000,0,1.2,3.2,3.0,True,True,True,4.391661197065614,0.281766294996487,,0
P2_S3_P_seed1004,S3,P,"plant@(2.000,3.000)",1,r1.00_a090,90,1.0,2.0,4.0,True,True,True,4.93275588851247,0.3255899079958908,,0
P2_S3_P_seed1004,S3,P,"plant@(2.000,3.000)",1,r1.00_a030,30,1.0,2.866025403784439,3.5,True,True,True,4.733839035284139,0.31057223500101827,,0
P2_S3_P_seed1004,S3,P,"plant@(2.000,3.000)",1,r1.00_a060,60,1.0,2.5,3.8660254037844384,True,True,True,5.290531886297779,0.3554498640005477,,0
P2_S3_P_seed1004,S3,P,"plant@(2.000,3.000)",1,r1.20_a090,90,1.2,2.0,4.2,True,True,True,4.937109901060667,0.3286082139820792,,0
P2_S3_P_seed1004,S3,P,"plant@(2.000,3.000)",1,r1.20_a030,30,1.2,3.0392304845413265,3.5999999999999996,True,True,True,4.865006267629385,0.3180476580164395,,0
P2_S3_P_seed1004,S3,P,"plant@(-6.000,4.500)",1,r1.20_a330,330,1.2,-4.960769515458674,3.8999999999999995,True,True,True,7.791318019268132,0.2688420139893424,,0
P2_S3_P_seed1004,S3,P,"plant@(-6.000,4.500)",1,r1.20_a000,0,1.2,-4.8,4.5,True,True,True,7.592004018360777,0.2613332910113968,,1
P2_S3_P_seed1004,S3,P,"plant@(-6.000,4.500)",1,r1.00_a330,330,1.0,-5.133974596215562,3.9999999999999996,True,True,True,7.922451298013273,0.2728710850060452,,0
P2_S3_P_seed1004,S3,P,"plant@(-6.000,4.500)",1,r1.00_a000,0,1.0,-5.0,4.5,True,True,True,7.705130894592871,0.26743362797424197,,0
P2_S3_P_seed1004,S3,P,"plant@(-6.000,4.500)",1,r1.20_a300,300,1.2,-5.4,3.460769515458674,True,True,False,,0.25702361899311654,path_infeasible_under_safety_checks,0
P2_S3_P_seed1004,S3,P,"plant@(-6.000,4.500)",1,r0.80_a330,330,0.8,-5.307179676972449,4.1,True,True,True,8.031974997784543,0.2756076529913116,,0
P2_S3_P_seed1004,S3,P,"plant@(-6.000,4.500)",1,r0.80_a000,0,0.8,-5.2,4.5,True,True,True,7.899903364513001,0.2829118670197204,,0
P2_S3_P_seed1004,S3,P,"plant@(-6.000,4.500)",1,r1.20_a030,30,1.2,-4.960769515458674,5.1,True,True,True,7.720120417866004,0.27380653200089,,0
P2_S3_P_seed1004,S3,P,"plant@(-6.000,4.500)",1,r1.00_a030,30,1.0,-5.133974596215562,5.0,True,True,True,8.138973600238801,0.2648302750021685,,0
P2_S3_P_seed1004,S3,P,"plant@(-6.000,4.500)",1,r0.80_a030,30,0.8,-5.307179676972449,4.9,True,True,True,8.030881616638638,0.3333134870044887,,0
P2_S3_P_seed1004,S3,P,"plant@(-6.000,4.500)",1,r1.20_a060,60,1.2,-5.4,5.539230484541326,True,True,False,,0.2909538999956567,path_infeasible_under_safety_checks,0
P2_S3_P_seed1004,S3,P,"plant@(-6.000,4.500)",1,r1.20_a240,240,1.2,-6.6000000000000005,3.460769515458674,True,True,False,,0.17866009401041083,path_infeasible_under_safety_checks,0
P2_S3_P_seed1004,S3,P,"plant@(-6.000,4.500)",1,r0.80_a210,210,0.8,-6.692820323027551,4.1,True,True,True,11.469268701222969,0.2816583710082341,,0
P2_S3_P_seed1004,S3,P,"plant@(-6.000,4.500)",1,r1.00_a210,210,1.0,-6.866025403784438,4.0,True,True,False,,0.18746286199893802,path_infeasible_under_safety_checks,0
P2_S3_P_seed1004,S3,P,"plant@(-6.000,4.500)",1,r0.80_a180,180,0.8,-6.8,4.5,True,True,True,11.045268313355834,0.26213978201849386,,0
P2_S3_P_seed1004,S3,P,"plant@(-6.000,4.500)",1,r1.00_a120,120,1.0,-6.5,5.366025403784438,True,True,False,,0.2544910960132256,path_infeasible_under_safety_checks,0
P2_S3_P_seed1004,S3,P,"plant@(-6.000,4.500)",1,r0.80_a150,150,0.8,-6.692820323027551,4.9,True,True,True,10.891309171877168,0.2633130910107866,,0
P2_S3_P_seed1004,S3,P,"plant@(-6.000,4.500)",1,r1.20_a210,210,1.2,-7.039230484541326,3.9,True,True,False,,0.17440324599738233,path_infeasible_under_safety_checks,0
P2_S3_P_seed1004,S3,P,"plant@(-6.000,4.500)",1,r1.20_a120,120,1.2,-6.6,5.539230484541326,True,True,True,9.958275131913988,0.24851068897987716,,0
P2_S3_P_seed1004,S3,P,"plant@(-6.000,4.500)",1,r1.00_a180,180,1.0,-7.0,4.5,True,True,True,11.095473163869553,0.28039760899264365,,0
P2_S3_P_seed1004,S3,P,"plant@(-6.000,4.500)",1,r1.00_a150,150,1.0,-6.866025403784438,5.0,True,True,True,10.541131584929841,0.27160535598522983,,0
P2_S3_P_seed1004,S3,P,"plant@(-6.000,4.500)",1,r1.20_a180,180,1.2,-7.2,4.5,True,True,True,11.158284081011002,0.26256791700143367,,0
P2_S3_P_seed1004,S3,P,"plant@(-6.000,4.500)",1,r1.20_a150,150,1.2,-7.039230484541326,5.1,True,True,True,10.53322450001952,0.258182724006474,,0
P2_S3_P_seed1004,S3,P,"plant@(-6.000,4.500)",1,r1.00_a300,300,1.0,-5.5,3.6339745962155616,False,True,False,,0.2852122079930268,path_infeasible_under_safety_checks,0
P2_S3_P_seed1004,S3,P,"plant@(-6.000,4.500)",1,r0.80_a300,300,0.8,-5.6,3.8071796769724493,False,True,False,,0.3667549940000754,path_infeasible_under_safety_checks,0
P2_S3_P_seed1004,S3,P,"plant@(-6.000,4.500)",1,r1.20_a270,270,1.2,-6.0,3.3,False,True,False,,0.26583919100812636,path_infeasible_under_safety_checks,0
P2_S3_P_seed1004,S3,P,"plant@(-6.000,4.500)",1,r1.00_a270,270,1.0,-6.0,3.5,False,True,False,,0.27386522199958563,path_infeasible_under_safety_checks,0
P2_S3_P_seed1004,S3,P,"plant@(-6.000,4.500)",1,r0.80_a270,270,0.8,-6.0,3.7,False,True,False,,0.3070305110013578,path_infeasible_under_safety_checks,0
P2_S3_P_seed1004,S3,P,"plant@(-6.000,4.500)",1,r1.00_a060,60,1.0,-5.5,5.366025403784438,False,True,False,,0.2877039209997747,path_infeasible_under_safety_checks,0
P2_S3_P_seed1004,S3,P,"plant@(-6.000,4.500)",1,r0.80_a060,60,0.8,-5.6,5.192820323027551,False,True,False,,0.28463320300215855,path_infeasible_under_safety_checks,0
P2_S3_P_seed1004,S3,P,"plant@(-6.000,4.500)",1,r0.80_a240,240,0.8,-6.4,3.8071796769724493,False,True,False,,0.20156463398598135,path_infeasible_under_safety_checks,0
P2_S3_P_seed1004,S3,P,"plant@(-6.000,4.500)",1,r1.00_a240,240,1.0,-6.5,3.6339745962155616,False,True,False,,0.18169865699019283,path_infeasible_under_safety_checks,0
P2_S3_P_seed1004,S3,P,"plant@(12.000,2.000)",1,r1.20_a240,240,1.2,11.399999999999999,0.960769515458674,True,True,False,,0.21081868300097995,path_infeasible_under_safety_checks,0
P2_S3_P_seed1004,S3,P,"plant@(12.000,2.000)",1,r1.20_a090,90,1.2,12.0,3.2,True,True,False,,0.09836632700171322,path_infeasible_under_safety_checks,0
P2_S3_P_seed1004,S3,P,"plant@(12.000,2.000)",1,r0.80_a060,60,0.8,12.4,2.6928203230275507,True,True,False,,0.09329552701092325,path_infeasible_under_safety_checks,0
P2_S3_P_seed1004,S3,P,"plant@(12.000,2.000)",1,r1.00_a060,60,1.0,12.5,2.8660254037844384,True,True,False,,0.09162117500090972,path_infeasible_under_safety_checks,0
P2_S3_P_seed1004,S3,P,"plant@(12.000,2.000)",1,r1.20_a060,60,1.2,12.6,3.039230484541326,True,True,False,,0.10033225198276341,path_infeasible_under_safety_checks,0
P2_S3_P_seed1004,S3,P,"plant@(12.000,2.000)",1,r0.80_a030,30,0.8,12.69282032302755,2.4,True,True,False,,0.10227883502375335,path_infeasible_under_safety_checks,0
P2_S3_P_seed1004,S3,P,"plant@(12.000,2.000)",1,r0.80_a330,330,0.8,12.69282032302755,1.5999999999999996,True,True,False,,0.10401376700610854,path_infeasible_under_safety_checks,0
P2_S3_P_seed1004,S3,P,"plant@(12.000,2.000)",1,r1.00_a030,30,1.0,12.86602540378444,2.5,True,True,False,,0.09827083299751393,path_infeasible_under_safety_checks,0
P2_S3_P_seed1004,S3,P,"plant@(12.000,2.000)",1,r0.80_a000,0,0.8,12.8,2.0,True,True,False,,0.10901554601150565,path_infeasible_under_safety_checks,0
P2_S3_P_seed1004,S3,P,"plant@(12.000,2.000)",1,r1.00_a330,330,1.0,12.866025403784437,1.4999999999999996,True,True,False,,0.11023693400784396,path_infeasible_under_safety_checks,0
P2_S3_P_seed1004,S3,P,"plant@(12.000,2.000)",1,r1.20_a030,30,1.2,13.039230484541326,2.5999999999999996,True,True,False,,0.10576713699265383,path_infeasible_under_safety_checks,0
P2_S3_P_seed1004,S3,P,"plant@(12.000,2.000)",1,r1.00_a000,0,1.0,13.0,2.0,True,True,False,,0.10813792899716645,path_infeasible_under_safety_checks,0
P2_S3_P_seed1004,S3,P,"plant@(12.000,2.000)",1,r1.20_a330,330,1.2,13.039230484541326,1.3999999999999995,True,True,False,,0.10694429100840352,path_infeasible_under_safety_checks,0
P2_S3_P_seed1004,S3,P,"plant@(12.000,2.000)",1,r1.20_a000,0,1.2,13.2,2.0,True,True,False,,0.10660998299135827,path_infeasible_under_safety_checks,0
P2_S3_P_seed1004,S3,P,"plant@(12.000,2.000)",1,r1.20_a180,180,1.2,10.8,2.0,False,True,False,,0.2288577239960432,path_infeasible_under_safety_checks,0
P2_S3_P_seed1004,S3,P,"plant@(12.000,2.000)",1,r1.20_a150,150,1.2,10.960769515458674,2.5999999999999996,False,True,False,,0.10923852198175155,path_infeasible_under_safety_checks,0
P2_S3_P_seed1004,S3,P,"plant@(12.000,2.000)",1,r1.00_a180,180,1.0,11.0,2.0,False,True,False,,0.23599454000941478,path_infeasible_under_safety_checks,0
P2_S3_P_seed1004,S3,P,"plant@(12.000,2.000)",1,r1.00_a150,150,1.0,11.13397459621556,2.5,False,True,False,,0.22137990800547414,path_infeasible_under_safety_checks,0
P2_S3_P_seed1004,S3,P,"plant@(12.000,2.000)",1,r1.20_a210,210,1.2,10.960769515458674,1.4,False,True,False,,0.22182324499590322,path_infeasible_under_safety_checks,0
P2_S3_P_seed1004,S3,P,"plant@(12.000,2.000)",1,r0.80_a180,180,0.8,11.2,2.0,False,True,False,,0.2142316329991445,path_infeasible_under_safety_checks,0
P2_S3_P_seed1004,S3,P,"plant@(12.000,2.000)",1,r1.00_a210,210,1.0,11.13397459621556,1.5,False,True,False,,0.22341604801476933,path_infeasible_under_safety_checks,0
P2_S3_P_seed1004,S3,P,"plant@(12.000,2.000)",1,r0.80_a150,150,0.8,11.30717967697245,2.4,False,True,False,,0.24360097502358258,path_infeasible_under_safety_checks,0
P2_S3_P_seed1004,S3,P,"plant@(12.000,2.000)",1,r1.20_a120,120,1.2,11.4,3.0392304845413265,False,True,False,,0.2928289530100301,path_infeasible_under_safety_checks,0
P2_S3_P_seed1004,S3,P,"plant@(12.000,2.000)",1,r0.80_a210,210,0.8,11.30717967697245,1.5999999999999999,False,True,False,,0.2321070710022468,path_infeasible_under_safety_checks,0
P2_S3_P_seed1004,S3,P,"plant@(12.000,2.000)",1,r1.00_a120,120,1.0,11.5,2.866025403784439,False,True,False,,0.30027050501666963,path_infeasible_under_safety_checks,0
P2_S3_P_seed1004,S3,P,"plant@(12.000,2.000)",1,r0.80_a120,120,0.8,11.6,2.692820323027551,False,True,False,,0.1378339089860674,path_infeasible_under_safety_checks,0
P2_S3_P_seed1004,S3,P,"plant@(12.000,2.000)",1,r1.00_a240,240,1.0,11.5,1.1339745962155616,False,True,False,,0.21430148000945337,path_infeasible_under_safety_checks,0
P2_S3_P_seed1004,S3,P,"plant@(12.000,2.000)",1,r0.80_a240,240,0.8,11.6,1.3071796769724493,False,True,False,,0.2401710219855886,path_infeasible_under_safety_checks,0
P2_S3_P_seed1004,S3,P,"plant@(12.000,2.000)",1,r1.00_a090,90,1.0,12.0,3.0,False,True,False,,0.11602833800134249,path_infeasible_under_safety_checks,0
P2_S3_P_seed1004,S3,P,"plant@(12.000,2.000)",1,r0.80_a090,90,0.8,12.0,2.8,False,True,False,,0.1064367959916126,path_infeasible_under_safety_checks,0
P2_S3_P_seed1004,S3,P,"plant@(12.000,2.000)",1,r0.80_a270,270,0.8,12.0,1.2,False,True,False,,0.23592777599697,path_infeasible_under_safety_checks,0
P2_S3_P_seed1004,S3,P,"plant@(12.000,2.000)",1,r1.00_a270,270,1.0,12.0,1.0,False,True,False,,0.22715710700140335,path_infeasible_under_safety_checks,0
P2_S3_P_seed1004,S3,P,"plant@(12.000,2.000)",1,r1.20_a240,240,1.2,11.399999999999999,0.960769515458674,True,True,False,,0.2041464860085398,path_infeasible_under_safety_checks,0
P2_S3_P_seed1004,S3,P,"plant@(12.000,2.000)",1,r1.20_a090,90,1.2,12.0,3.2,True,True,False,,0.12068271599127911,path_infeasible_under_safety_checks,0
P2_S3_P_seed1004,S3,P,"plant@(12.000,2.000)",1,r0.80_a060,60,0.8,12.4,2.6928203230275507,True,True,True,21.659476474518783,0.2768806259846315,,0
P2_S3_P_seed1004,S3,P,"plant@(12.000,2.000)",1,r1.00_a060,60,1.0,12.5,2.8660254037844384,True,True,True,21.51719522553854,0.2692549509811215,,0
P2_S3_P_seed1004,S3,P,"plant@(12.000,2.000)",1,r1.20_a060,60,1.2,12.6,3.039230484541326,True,True,True,21.4234662551374,0.30156321899266914,,1
P2_S3_P_seed1004,S3,P,"plant@(12.000,2.000)",1,r0.80_a030,30,0.8,12.69282032302755,2.4,True,True,True,22.036992070902034,0.30057420599041507,,0
P2_S3_P_seed1004,S3,P,"plant@(12.000,2.000)",1,r0.80_a330,330,0.8,12.69282032302755,1.5999999999999996,True,True,True,22.9227243625352,0.28572256199549884,,0
P2_S3_P_seed1004,S3,P,"plant@(12.000,2.000)",1,r1.00_a030,30,1.0,12.86602540378444,2.5,True,True,True,21.97627878641527,0.2618799119954929,,0
P2_S3_P_seed1004,S3,P,"plant@(12.000,2.000)",1,r0.80_a000,0,0.8,12.8,2.0,True,True,True,22.501933650574763,0.2770431420067325,,0
P2_S3_P_seed1004,S3,P,"plant@(12.000,2.000)",1,r1.00_a330,330,1.0,12.866025403784437,1.4999999999999996,True,True,True,23.043424084726134,0.2815574679989368,,0
P2_S3_P_seed1004,S3,P,"plant@(12.000,2.000)",1,r1.20_a030,30,1.2,13.039230484541326,2.5999999999999996,True,True,True,21.982062881050325,0.3082871439983137,,0
P2_S3_P_seed1004,S3,P,"plant@(12.000,2.000)",1,r1.00_a000,0,1.0,13.0,2.0,True,True,True,22.524807723902704,0.28349100300692953,,0
P2_S3_P_seed1004,S3,P,"plant@(12.000,2.000)",1,r1.20_a330,330,1.2,13.039230484541326,1.3999999999999995,True,True,True,23.097655193296184,0.289289724023547,,0
P2_S3_P_seed1004,S3,P,"plant@(12.000,2.000)",1,r1.20_a000,0,1.2,13.2,2.0,True,True,True,22.580929531995736,0.272911097999895,,0
P2_S3_P_seed1004,S3,P,"plant@(12.000,2.000)",1,r1.20_a180,180,1.2,10.8,2.0,False,True,False,,0.21031564101576805,path_infeasible_under_safety_checks,0
P2_S3_P_seed1004,S3,P,"plant@(12.000,2.000)",1,r1.20_a150,150,1.2,10.960769515458674,2.5999999999999996,False,True,False,,0.2912802869977895,path_infeasible_under_safety_checks,0
P2_S3_P_seed1004,S3,P,"plant@(12.000,2.000)",1,r1.00_a180,180,1.0,11.0,2.0,False,True,False,,0.21175870599108748,path_infeasible_under_safety_checks,0
P2_S3_P_seed1004,S3,P,"plant@(12.000,2.000)",1,r1.00_a150,150,1.0,11.13397459621556,2.5,False,True,False,,0.22251230300753377,path_infeasible_under_safety_checks,0
P2_S3_P_seed1004,S3,P,"plant@(12.000,2.000)",1,r1.20_a210,210,1.2,10.960769515458674,1.4,False,True,False,,0.20451521000359207,path_infeasible_under_safety_checks,0
P2_S3_P_seed1004,S3,P,"plant@(12.000,2.000)",1,r0.80_a180,180,0.8,11.2,2.0,False,True,False,,0.22522732999641448,path_infeasible_under_safety_checks,0
P2_S3_P_seed1004,S3,P,"plant@(12.000,2.000)",1,r1.00_a210,210,1.0,11.13397459621556,1.5,False,True,False,,0.299865659995703,path_infeasible_under_safety_checks,0
P2_S3_P_seed1004,S3,P,"plant@(12.000,2.000)",1,r0.80_a150,150,0.8,11.30717967697245,2.4,False,True,False,,0.28725296101765707,path_infeasible_under_safety_checks,0
P2_S3_P_seed1004,S3,P,"plant@(12.000,2.000)",1,r1.20_a120,120,1.2,11.4,3.0392304845413265,False,True,False,,0.28716095301206224,path_infeasible_under_safety_checks,0
P2_S3_P_seed1004,S3,P,"plant@(12.000,2.000)",1,r0.80_a210,210,0.8,11.30717967697245,1.5999999999999999,False,True,False,,0.2916582699981518,path_infeasible_under_safety_checks,0
P2_S3_P_seed1004,S3,P,"plant@(12.000,2.000)",1,r1.00_a120,120,1.0,11.5,2.866025403784439,False,True,False,,0.29864534400985576,path_infeasible_under_safety_checks,0
P2_S3_P_seed1004,S3,P,"plant@(12.000,2.000)",1,r0.80_a120,120,0.8,11.6,2.692820323027551,False,True,False,,0.27527463500155136,path_infeasible_under_safety_checks,0
P2_S3_P_seed1004,S3,P,"plant@(12.000,2.000)",1,r1.00_a240,240,1.0,11.5,1.1339745962155616,False,True,False,,0.2756194859975949,path_infeasible_under_safety_checks,0
P2_S3_P_seed1004,S3,P,"plant@(12.000,2.000)",1,r0.80_a240,240,0.8,11.6,1.3071796769724493,False,True,False,,0.2942209090106189,path_infeasible_under_safety_checks,0
P2_S3_P_seed1004,S3,P,"plant@(12.000,2.000)",1,r1.00_a090,90,1.0,12.0,3.0,False,True,False,,0.2669169880100526,path_infeasible_under_safety_checks,0
P2_S3_P_seed1004,S3,P,"plant@(12.000,2.000)",1,r0.80_a090,90,0.8,12.0,2.8,False,True,False,,0.27125376398907974,path_infeasible_under_safety_checks,0
P2_S3_P_seed1004,S3,P,"plant@(12.000,2.000)",1,r0.80_a270,270,0.8,12.0,1.2,False,True,False,,0.30153589000110514,path_infeasible_under_safety_checks,0
P2_S3_P_seed1004,S3,P,"plant@(12.000,2.000)",1,r1.00_a270,270,1.0,12.0,1.0,False,True,False,,0.2891445950081106,path_infeasible_under_safety_checks,0
P2_S3_P_seed1005,S3,P,"plant@(2.000,3.000)",1,r1.20_a240,240,1.2,1.3999999999999995,1.960769515458674,True,True,True,2.4021980321074725,0.16027013899292797,,1
P2_S3_P_seed1005,S3,P,"plant@(2.000,3.000)",1,r1.20_a210,210,1.2,0.9607695154586737,2.4,True,True,True,2.5982584977119902,0.18647590102045797,,0
P2_S3_P_seed1005,S3,P,"plant@(2.000,3.000)",1,r1.00_a240,240,1.0,1.4999999999999996,2.1339745962155616,True,True,True,2.602031634036085,0.1718212730193045,,0
P2_S3_P_seed1005,S3,P,"plant@(2.000,3.000)",1,r1.20_a270,270,1.2,1.9999999999999998,1.8,True,True,True,2.6786582306225384,0.16903497799648903,,0
P2_S3_P_seed1005,S3,P,"plant@(2.000,3.000)",1,r1.00_a210,210,1.0,1.1339745962155614,2.5,True,True,True,2.74531223429477,0.1798367989831604,,0
P2_S3_P_seed1005,S3,P,"plant@(2.000,3.000)",1,r0.80_a240,240,0.8,1.5999999999999996,2.3071796769724493,True,True,True,2.803764317979718,0.18191163000301458,,0
P2_S3_P_seed1005,S3,P,"plant@(2.000,3.000)",1,r1.00_a270,270,1.0,1.9999999999999998,2.0,True,True,True,2.816025931651265,0.18670016899704933,,0
P2_S3_P_seed1005,S3,P,"plant@(2.000,3.000)",1,r0.80_a210,210,0.8,1.307179676972449,2.5999999999999996,True,True,True,2.9198346466490075,0.19298714501201175,,0
P2_S3_P_seed1005,S3,P,"plant@(2.000,3.000)",1,r0.80_a270,270,0.8,1.9999999999999998,2.2,True,True,True,2.96247563771313,0.18523512899992056,,0
P2_S3_P_seed1005,S3,P,"plant@(2.000,3.000)",1,r1.20_a180,180,1.2,0.8,3.0,True,True,True,3.1847430226150277,0.20650992897571996,,0
P2_S3_P_seed1005,S3,P,"plant@(2.000,3.000)",1,r1.00_a180,180,1.0,1.0,3.0,True,True,True,3.169875174869212,0.20711305798613466,,0
P2_S3_P_seed1005,S3,P,"plant@(2.000,3.000)",1,r0.80_a180,180,0.8,1.2,3.0,True,True,True,3.2416304739555724,0.20995806800783612,,0
P2_S3_P_seed1005,S3,P,"plant@(2.000,3.000)",1,r1.20_a300,300,1.2,2.6,1.9607695154586737,True,True,True,3.2493641108315225,0.21355057699838653,,0
P2_S3_P_seed1005,S3,P,"plant@(2.000,3.000)",1,r1.00_a300,300,1.0,2.5,2.1339745962155616,True,True,True,3.2803082874835803,0.21451722999336198,,0
P2_S3_P_seed1005,S3,P,"plant@(2.000,3.000)",1,r0.80_a300,300,0.8,2.4000000000000004,2.3071796769724493,True,True,True,3.3238474265494395,0.2253590109758079,,0
P2_S3_P_seed1005,S3,P,"plant@(2.000,3.000)",1,r0.80_a150,150,0.8,1.3071796769724489,3.4,True,True,True,3.697423411089156,0.23832878400571644,,0
P2_S3_P_seed1005,S3,P,"plant@(2.000,3.000)",1,r1.00_a150,150,1.0,1.1339745962155612,3.5,True,True,True,3.688042177210573,0.24064137999084778,,0
P2_S3_P_seed1005,S3,P,"plant@(2.000,3.000)",1,r1.20_a150,150,1.2,0.9607695154586735,3.5999999999999996,True,True,True,3.7664397493190878,0.26907533599296585,,0
P2_S3_P_seed1005,S3,P,"plant@(2.000,3.000)",1,r0.80_a330,330,0.8,2.6928203230275507,2.5999999999999996,True,True,True,3.7670170039224296,0.251197890000185,,0
P2_S3_P_seed1005,S3,P,"plant@(2.000,3.000)",1,r1.00_a330,330,1.0,2.8660254037844384,2.4999999999999996,True,True,True,3.8177101866375125,0.2536150829982944,,0
P2_S3_P_seed1005,S3,P,"plant@(2.000,3.000)",1,r1.20_a330,330,1.2,3.039230484541326,2.3999999999999995,True,True,True,3.862814351084195,0.26637599800596945,,0
P2_S3_P_seed1005,S3,P,"plant@(2.000,3.000)",1,r0.80_a000,0,0.8,2.8,3.0,True,True,True,4.198710423429075,0.2604378790128976,,0
P2_S3_P_seed1005,S3,P,"plant@(2.000,3.000)",1,r1.00_a120,120,1.0,1.5000000000000002,3.866025403784439,True,True,True,4.349087003878647,0.28174762599519454,,0
P2_S3_P_seed1005,S3,P,"plant@(2.000,3.000)",1,r1.00_a000,0,1.0,3.0,3.0,True,True,True,4.262439227569819,0.27574535601888783,,0
P2_S3_P_seed1005,S3,P,"plant@(2.000,3.000)",1,r1.20_a120,120,1.2,1.4000000000000004,4.039230484541326,True,True,True,4.307100999716338,0.2802579910203349,,0
P2_S3_P_seed1005,S3,P,"plant@(2.000,3.000)",1,r0.80_a030,30,0.8,2.692820323027551,3.4,True,True,True,4.6843439254528665,0.299609080015216,,0
P2_S3_P_seed1005,S3,P,"plant@(2.000,3.000)",1,r1.20_a000,0,1.2,3.2,3.0,True,True,True,4.391661197065614,0.2868048899981659,,0
P2_S3_P_seed1005,S3,P,"plant@(2.000,3.000)",1,r1.00_a090,90,1.0,2.0,4.0,True,True,True,4.93275588851247,0.3203506020072382,,0
P2_S3_P_seed1005,S3,P,"plant@(2.000,3.000)",1,r1.00_a030,30,1.0,2.866025403784439,3.5,True,True,True,4.733839035284139,0.3164849809836596,,0
P2_S3_P_seed1005,S3,P,"plant@(2.000,3.000)",1,r1.00_a060,60,1.0,2.5,3.8660254037844384,True,True,True,5.290531886297779,0.34824587299954146,,0
P2_S3_P_seed1005,S3,P,"plant@(2.000,3.000)",1,r1.20_a090,90,1.2,2.0,4.2,True,True,True,4.937109901060667,0.33933287698891945,,0
P2_S3_P_seed1005,S3,P,"plant@(2.000,3.000)",1,r1.20_a030,30,1.2,3.0392304845413265,3.5999999999999996,True,True,True,4.865006267629385,0.33628379899892025,,0
P2_S3_P_seed1005,S3,P,"plant@(-6.000,4.500)",1,r1.20_a330,330,1.2,-4.960769515458674,3.8999999999999995,True,True,True,7.7786912897878375,0.2736442119930871,,0
P2_S3_P_seed1005,S3,P,"plant@(-6.000,4.500)",1,r1.20_a000,0,1.2,-4.8,4.5,True,True,True,7.499035933053501,0.2671047119947616,,1
P2_S3_P_seed1005,S3,P,"plant@(-6.000,4.500)",1,r1.00_a330,330,1.0,-5.133974596215562,3.9999999999999996,True,True,True,7.967371928005717,0.27066811599070206,,0
P2_S3_P_seed1005,S3,P,"plant@(-6.000,4.500)",1,r1.00_a000,0,1.0,-5.0,4.5,True,True,True,7.741200009825955,0.2535464749962557,,0
P2_S3_P_seed1005,S3,P,"plant@(-6.000,4.500)",1,r1.20_a300,300,1.2,-5.4,3.460769515458674,True,True,False,,0.2597365239926148,path_infeasible_under_safety_checks,0
P2_S3_P_seed1005,S3,P,"plant@(-6.000,4.500)",1,r0.80_a330,330,0.8,-5.307179676972449,4.1,True,True,True,8.02283584172472,0.2793577699922025,,0
P2_S3_P_seed1005,S3,P,"plant@(-6.000,4.500)",1,r0.80_a000,0,0.8,-5.2,4.5,True,True,True,7.861927088163996,0.28107012901455164,,0
P2_S3_P_seed1005,S3,P,"plant@(-6.000,4.500)",1,r1.20_a030,30,1.2,-4.960769515458674,5.1,True,True,True,7.759571422100919,0.27224850698257796,,0
P2_S3_P_seed1005,S3,P,"plant@(-6.000,4.500)",1,r1.00_a030,30,1.0,-5.133974596215562,5.0,True,True,True,8.139981453404344,0.25454309600172564,,0
P2_S3_P_seed1005,S3,P,"plant@(-6.000,4.500)",1,r0.80_a030,30,0.8,-5.307179676972449,4.9,True,True,True,8.01229575904147,0.2962212869897485,,0
P2_S3_P_seed1005,S3,P,"plant@(-6.000,4.500)",1,r1.20_a060,60,1.2,-5.4,5.539230484541326,True,True,True,8.319400296132509,0.2993256979971193,,0
P2_S3_P_seed1005,S3,P,"plant@(-6.000,4.500)",1,r1.20_a240,240,1.2,-6.6000000000000005,3.460769515458674,True,True,False,,0.1830286089971196,path_infeasible_under_safety_checks,0
P2_S3_P_seed1005,S3,P,"plant@(-6.000,4.500)",1,r0.80_a210,210,0.8,-6.692820323027551,4.1,True,True,True,11.552453930606083,0.29004269099095836,,0
P2_S3_P_seed1005,S3,P,"plant@(-6.000,4.500)",1,r1.00_a210,210,1.0,-6.866025403784438,4.0,True,True,False,,0.17567133699776605,path_infeasible_under_safety_checks,0
P2_S3_P_seed1005,S3,P,"plant@(-6.000,4.500)",1,r0.80_a180,180,0.8,-6.8,4.5,True,True,True,11.102618502045415,0.26430486800381914,,0
P2_S3_P_seed1005,S3,P,"plant@(-6.000,4.500)",1,r1.00_a120,120,1.0,-6.5,5.366025403784438,True,True,False,,0.261608797009103,path_infeasible_under_safety_checks,0
P2_S3_P_seed1005,S3,P,"plant@(-6.000,4.500)",1,r0.80_a150,150,0.8,-6.692820323027551,4.9,True,True,True,10.890294239830432,0.26199320299201645,,0
P2_S3_P_seed1005,S3,P,"plant@(-6.000,4.500)",1,r1.20_a210,210,1.2,-7.039230484541326,3.9,True,True,False,,0.1768732980126515,path_infeasible_under_safety_checks,0
P2_S3_P_seed1005,S3,P,"plant@(-6.000,4.500)",1,r1.20_a120,120,1.2,-6.6,5.539230484541326,True,True,True,10.062821719333614,0.2496057969983667,,0
P2_S3_P_seed1005,S3,P,"plant@(-6.000,4.500)",1,r1.00_a180,180,1.0,-7.0,4.5,True,True,True,11.126937983582863,0.27714031501091085,,0
P2_S3_P_seed1005,S3,P,"plant@(-6.000,4.500)",1,r1.00_a150,150,1.0,-6.866025403784438,5.0,True,True,True,10.7201005553924,0.25030931999208406,,0
P2_S3_P_seed1005,S3,P,"plant@(-6.000,4.500)",1,r1.20_a180,180,1.2,-7.2,4.5,True,True,True,11.157454019179196,0.26698338601272553,,0
P2_S3_P_seed1005,S3,P,"plant@(-6.000,4.500)",1,r1.20_a150,150,1.2,-7.039230484541326,5.1,True,True,True,10.547550618129515,0.24671776199829765,,0
P2_S3_P_seed1005,S3,P,"plant@(-6.000,4.500)",1,r1.00_a300,300,1.0,-5.5,3.6339745962155616,False,True,False,,0.2612355099990964,path_infeasible_under_safety_checks,0
P2_S3_P_seed1005,S3,P,"plant@(-6.000,4.500)",1,r0.80_a300,300,0.8,-5.6,3.8071796769724493,False,True,False,,0.2915986769949086,path_infeasible_under_safety_checks,0
P2_S3_P_seed1005,S3,P,"plant@(-6.000,4.500)",1,r1.20_a270,270,1.2,-6.0,3.3,False,True,False,,0.27729864898719825,path_infeasible_under_safety_checks,0
P2_S3_P_seed1005,S3,P,"plant@(-6.000,4.500)",1,r1.00_a270,270,1.0,-6.0,3.5,False,True,False,,0.290401311009191,path_infeasible_under_safety_checks,0
P2_S3_P_seed1005,S3,P,"plant@(-6.000,4.500)",1,r0.80_a270,270,0.8,-6.0,3.7,False,True,False,,0.31117255199933425,path_infeasible_under_safety_checks,0
P2_S3_P_seed1005,S3,P,"plant@(-6.000,4.500)",1,r1.00_a060,60,1.0,-5.5,5.366025403784438,False,True,False,,0.28802818499389105,path_infeasible_under_safety_checks,0
P2_S3_P_seed1005,S3,P,"plant@(-6.000,4.500)",1,r0.80_a060,60,0.8,-5.6,5.192820323027551,False,True,False,,0.27535187199828215,path_infeasible_under_safety_checks,0
P2_S3_P_seed1005,S3,P,"plant@(-6.000,4.500)",1,r0.80_a240,240,0.8,-6.4,3.8071796769724493,False,True,False,,0.2076250429963693,path_infeasible_under_safety_checks,0
P2_S3_P_seed1005,S3,P,"plant@(-6.000,4.500)",1,r1.00_a240,240,1.0,-6.5,3.6339745962155616,False,True,False,,0.21193117499933578,path_infeasible_under_safety_checks,0
P2_S3_P_seed1005,S3,P,"plant@(12.000,2.000)",1,r1.20_a240,240,1.2,11.399999999999999,0.960769515458674,True,True,False,,0.21728161998908035,path_infeasible_under_safety_checks,0
P2_S3_P_seed1005,S3,P,"plant@(12.000,2.000)",1,r1.20_a090,90,1.2,12.0,3.2,True,True,False,,0.10515854301047511,path_infeasible_under_safety_checks,0
P2_S3_P_seed1005,S3,P,"plant@(12.000,2.000)",1,r0.80_a060,60,0.8,12.4,2.6928203230275507,True,True,False,,0.10904545697849244,path_infeasible_under_safety_checks,0
P2_S3_P_seed1005,S3,P,"plant@(12.000,2.000)",1,r1.00_a060,60,1.0,12.5,2.8660254037844384,True,True,False,,0.10502422001445666,path_infeasible_under_safety_checks,0
P2_S3_P_seed1005,S3,P,"plant@(12.000,2.000)",1,r1.20_a060,60,1.2,12.6,3.039230484541326,True,True,False,,0.10311020398512483,path_infeasible_under_safety_checks,0
P2_S3_P_seed1005,S3,P,"plant@(12.000,2.000)",1,r0.80_a030,30,0.8,12.69282032302755,2.4,True,True,False,,0.1139770449954085,path_infeasible_under_safety_checks,0
P2_S3_P_seed1005,S3,P,"plant@(12.000,2.000)",1,r0.80_a330,330,0.8,12.69282032302755,1.5999999999999996,True,True,False,,0.1045580160280224,path_infeasible_under_safety_checks,0
P2_S3_P_seed1005,S3,P,"plant@(12.000,2.000)",1,r1.00_a030,30,1.0,12.86602540378444,2.5,True,True,False,,0.12758043201756664,path_infeasible_under_safety_checks,0
P2_S3_P_seed1005,S3,P,"plant@(12.000,2.000)",1,r0.80_a000,0,0.8,12.8,2.0,True,True,False,,0.12552386499010026,path_infeasible_under_safety_checks,0
P2_S3_P_seed1005,S3,P,"plant@(12.000,2.000)",1,r1.00_a330,330,1.0,12.866025403784437,1.4999999999999996,True,True,False,,0.12583990400889888,path_infeasible_under_safety_checks,0
P2_S3_P_seed1005,S3,P,"plant@(12.000,2.000)",1,r1.20_a030,30,1.2,13.039230484541326,2.5999999999999996,True,True,False,,0.11772891800501384,path_infeasible_under_safety_checks,0
P2_S3_P_seed1005,S3,P,"plant@(12.000,2.000)",1,r1.00_a000,0,1.0,13.0,2.0,True,True,False,,0.12115123099647462,path_infeasible_under_safety_checks,0
P2_S3_P_seed1005,S3,P,"plant@(12.000,2.000)",1,r1.20_a330,330,1.2,13.039230484541326,1.3999999999999995,True,True,False,,0.12353856000117958,path_infeasible_under_safety_checks,0
P2_S3_P_seed1005,S3,P,"plant@(12.000,2.000)",1,r1.20_a000,0,1.2,13.2,2.0,True,True,False,,0.11901077299262397,path_infeasible_under_safety_checks,0
P2_S3_P_seed1005,S3,P,"plant@(12.000,2.000)",1,r1.20_a180,180,1.2,10.8,2.0,False,True,False,,0.22976530299638398,path_infeasible_under_safety_checks,0
P2_S3_P_seed1005,S3,P,"plant@(12.000,2.000)",1,r1.20_a150,150,1.2,10.960769515458674,2.5999999999999996,False,True,False,,0.11944278399460018,path_infeasible_under_safety_checks,0
P2_S3_P_seed1005,S3,P,"plant@(12.000,2.000)",1,r1.00_a180,180,1.0,11.0,2.0,False,True,False,,0.24115499001345597,path_infeasible_under_safety_checks,0
P2_S3_P_seed1005,S3,P,"plant@(12.000,2.000)",1,r1.00_a150,150,1.0,11.13397459621556,2.5,False,True,False,,0.2424669250031002,path_infeasible_under_safety_checks,0
P2_S3_P_seed1005,S3,P,"plant@(12.000,2.000)",1,r1.20_a210,210,1.2,10.960769515458674,1.4,False,True,False,,0.22654328399221413,path_infeasible_under_safety_checks,0
P2_S3_P_seed1005,S3,P,"plant@(12.000,2.000)",1,r0.80_a180,180,0.8,11.2,2.0,False,True,False,,0.22855904401512817,path_infeasible_under_safety_checks,0
P2_S3_P_seed1005,S3,P,"plant@(12.000,2.000)",1,r1.00_a210,210,1.0,11.13397459621556,1.5,False,True,False,,0.24370507500134408,path_infeasible_under_safety_checks,0
P2_S3_P_seed1005,S3,P,"plant@(12.000,2.000)",1,r0.80_a150,150,0.8,11.30717967697245,2.4,False,True,False,,0.22351002498180605,path_infeasible_under_safety_checks,0
P2_S3_P_seed1005,S3,P,"plant@(12.000,2.000)",1,r1.20_a120,120,1.2,11.4,3.0392304845413265,False,True,False,,0.12605028800317086,path_infeasible_under_safety_checks,0
P2_S3_P_seed1005,S3,P,"plant@(12.000,2.000)",1,r0.80_a210,210,0.8,11.30717967697245,1.5999999999999999,False,True,False,,0.23135093500604853,path_infeasible_under_safety_checks,0
P2_S3_P_seed1005,S3,P,"plant@(12.000,2.000)",1,r1.00_a120,120,1.0,11.5,2.866025403784439,False,True,False,,0.1393375740153715,path_infeasible_under_safety_checks,0
P2_S3_P_seed1005,S3,P,"plant@(12.000,2.000)",1,r0.80_a120,120,0.8,11.6,2.692820323027551,False,True,False,,0.11995216101058759,path_infeasible_under_safety_checks,0
P2_S3_P_seed1005,S3,P,"plant@(12.000,2.000)",1,r1.00_a240,240,1.0,11.5,1.1339745962155616,False,True,False,,0.21705639999709092,path_infeasible_under_safety_checks,0
P2_S3_P_seed1005,S3,P,"plant@(12.000,2.000)",1,r0.80_a240,240,0.8,11.6,1.3071796769724493,False,True,False,,0.24583447101758793,path_infeasible_under_safety_checks,0
P2_S3_P_seed1005,S3,P,"plant@(12.000,2.000)",1,r1.00_a090,90,1.0,12.0,3.0,False,True,False,,0.11171361699234694,path_infeasible_under_safety_checks,0
P2_S3_P_seed1005,S3,P,"plant@(12.000,2.000)",1,r0.80_a090,90,0.8,12.0,2.8,False,True,False,,0.119009529997129,path_infeasible_under_safety_checks,0
P2_S3_P_seed1005,S3,P,"plant@(12.000,2.000)",1,r0.80_a270,270,0.8,12.0,1.2,False,True,False,,0.2550571490137372,path_infeasible_under_safety_checks,0
P2_S3_P_seed1005,S3,P,"plant@(12.000,2.000)",1,r1.00_a270,270,1.0,12.0,1.0,False,True,False,,0.23258744398481213,path_infeasible_under_safety_checks,0
P2_S3_P_seed1005,S3,P,"plant@(12.000,2.000)",1,r1.20_a240,240,1.2,11.399999999999999,0.960769515458674,True,True,False,,0.22257892799098045,path_infeasible_under_safety_checks,0
P2_S3_P_seed1005,S3,P,"plant@(12.000,2.000)",1,r1.20_a090,90,1.2,12.0,3.2,True,True,False,,0.10967522001010366,path_infeasible_under_safety_checks,0
P2_S3_P_seed1005,S3,P,"plant@(12.000,2.000)",1,r0.80_a060,60,0.8,12.4,2.6928203230275507,True,True,True,21.659476474518783,0.2780256639816798,,0
P2_S3_P_seed1005,S3,P,"plant@(12.000,2.000)",1,r1.00_a060,60,1.0,12.5,2.8660254037844384,True,True,True,21.51719522553854,0.2743278380075935,,0
P2_S3_P_seed1005,S3,P,"plant@(12.000,2.000)",1,r1.20_a060,60,1.2,12.6,3.039230484541326,True,True,True,21.4234662551374,0.26681486700545065,,1
P2_S3_P_seed1005,S3,P,"plant@(12.000,2.000)",1,r0.80_a030,30,0.8,12.69282032302755,2.4,True,True,True,22.036992070902034,0.27957514600711875,,0
P2_S3_P_seed1005,S3,P,"plant@(12.000,2.000)",1,r0.80_a330,330,0.8,12.69282032302755,1.5999999999999996,True,True,False,,0.1169301699846983,path_infeasible_under_safety_checks,0
P2_S3_P_seed1005,S3,P,"plant@(12.000,2.000)",1,r1.00_a030,30,1.0,12.86602540378444,2.5,True,True,True,21.97627878641527,0.28288703999714926,,0
P2_S3_P_seed1005,S3,P,"plant@(12.000,2.000)",1,r0.80_a000,0,0.8,12.8,2.0,True,True,True,22.501933650574763,0.2991886399977375,,0
P2_S3_P_seed1005,S3,P,"plant@(12.000,2.000)",1,r1.00_a330,330,1.0,12.866025403784437,1.4999999999999996,True,True,False,,0.11209656699793413,path_infeasible_under_safety_checks,0
P2_S3_P_seed1005,S3,P,"plant@(12.000,2.000)",1,r1.20_a030,30,1.2,13.039230484541326,2.5999999999999996,True,True,True,21.982062881050325,0.28589371699490584,,0
P2_S3_P_seed1005,S3,P,"plant@(12.000,2.000)",1,r1.00_a000,0,1.0,13.0,2.0,True,True,True,22.524807723902704,0.2864226730016526,,0
P2_S3_P_seed1005,S3,P,"plant@(12.000,2.000)",1,r1.20_a330,330,1.2,13.039230484541326,1.3999999999999995,True,True,False,,0.15297748398734257,path_infeasible_under_safety_checks,0
P2_S3_P_seed1005,S3,P,"plant@(12.000,2.000)",1,r1.20_a000,0,1.2,13.2,2.0,True,True,True,22.580929531995736,0.3447629119909834,,0
P2_S3_P_seed1005,S3,P,"plant@(12.000,2.000)",1,r1.20_a180,180,1.2,10.8,2.0,False,True,False,,0.2284946700092405,path_infeasible_under_safety_checks,0
P2_S3_P_seed1005,S3,P,"plant@(12.000,2.000)",1,r1.20_a150,150,1.2,10.960769515458674,2.5999999999999996,False,True,False,,0.289745510002831,path_infeasible_under_safety_checks,0
P2_S3_P_seed1005,S3,P,"plant@(12.000,2.000)",1,r1.00_a180,180,1.0,11.0,2.0,False,True,False,,0.22722002398222685,path_infeasible_under_safety_checks,0
P2_S3_P_seed1005,S3,P,"plant@(12.000,2.000)",1,r1.00_a150,150,1.0,11.13397459621556,2.5,False,True,False,,0.22390964601072483,path_infeasible_under_safety_checks,0
P2_S3_P_seed1005,S3,P,"plant@(12.000,2.000)",1,r1.20_a210,210,1.2,10.960769515458674,1.4,False,True,False,,0.21557388501241803,path_infeasible_under_safety_checks,0
P2_S3_P_seed1005,S3,P,"plant@(12.000,2.000)",1,r0.80_a180,180,0.8,11.2,2.0,False,True,False,,0.23187570899608545,path_infeasible_under_safety_checks,0
P2_S3_P_seed1005,S3,P,"plant@(12.000,2.000)",1,r1.00_a210,210,1.0,11.13397459621556,1.5,False,True,False,,0.2353988329996355,path_infeasible_under_safety_checks,0
P2_S3_P_seed1005,S3,P,"plant@(12.000,2.000)",1,r0.80_a150,150,0.8,11.30717967697245,2.4,False,True,False,,0.22352567501366138,path_infeasible_under_safety_checks,0
P2_S3_P_seed1005,S3,P,"plant@(12.000,2.000)",1,r1.20_a120,120,1.2,11.4,3.0392304845413265,False,True,False,,0.28626451900345273,path_infeasible_under_safety_checks,0
P2_S3_P_seed1005,S3,P,"plant@(12.000,2.000)",1,r0.80_a210,210,0.8,11.30717967697245,1.5999999999999999,False,True,False,,0.24123196399887092,path_infeasible_under_safety_checks,0
P2_S3_P_seed1005,S3,P,"plant@(12.000,2.000)",1,r1.00_a120,120,1.0,11.5,2.866025403784439,False,True,False,,0.3032435799832456,path_infeasible_under_safety_checks,0
P2_S3_P_seed1005,S3,P,"plant@(12.000,2.000)",1,r0.80_a120,120,0.8,11.6,2.692820323027551,False,True,False,,0.29217933100881055,path_infeasible_under_safety_checks,0
P2_S3_P_seed1005,S3,P,"plant@(12.000,2.000)",1,r1.00_a240,240,1.0,11.5,1.1339745962155616,False,True,False,,0.21744730800855905,path_infeasible_under_safety_checks,0
P2_S3_P_seed1005,S3,P,"plant@(12.000,2.000)",1,r0.80_a240,240,0.8,11.6,1.3071796769724493,False,True,False,,0.2354160060058348,path_infeasible_under_safety_checks,0
P2_S3_P_seed1005,S3,P,"plant@(12.000,2.000)",1,r1.00_a090,90,1.0,12.0,3.0,False,True,False,,0.35355654600425623,path_infeasible_under_safety_checks,0
P2_S3_P_seed1005,S3,P,"plant@(12.000,2.000)",1,r0.80_a090,90,0.8,12.0,2.8,False,True,False,,0.288617393001914,path_infeasible_under_safety_checks,0
P2_S3_P_seed1005,S3,P,"plant@(12.000,2.000)",1,r0.80_a270,270,0.8,12.0,1.2,False,True,False,,0.2891267849772703,path_infeasible_under_safety_checks,0
P2_S3_P_seed1005,S3,P,"plant@(12.000,2.000)",1,r1.00_a270,270,1.0,12.0,1.0,False,True,False,,0.29754406100255437,path_infeasible_under_safety_checks,0
P2_S3_P_seed1006,S3,P,"plant@(2.000,3.000)",1,r1.20_a240,240,1.2,1.3999999999999995,1.960769515458674,True,True,True,2.4021980321074725,0.15883964599925093,,1
P2_S3_P_seed1006,S3,P,"plant@(2.000,3.000)",1,r1.20_a210,210,1.2,0.9607695154586737,2.4,True,True,True,2.5982584977119902,0.18462046099011786,,0
P2_S3_P_seed1006,S3,P,"plant@(2.000,3.000)",1,r1.00_a240,240,1.0,1.4999999999999996,2.1339745962155616,True,True,True,2.602031634036085,0.16994928600615822,,0
P2_S3_P_seed1006,S3,P,"plant@(2.000,3.000)",1,r1.20_a270,270,1.2,1.9999999999999998,1.8,True,True,True,2.6786582306225384,0.16881224399548955,,0
P2_S3_P_seed1006,S3,P,"plant@(2.000,3.000)",1,r1.00_a210,210,1.0,1.1339745962155614,2.5,True,True,True,2.74531223429477,0.1767086140171159,,0
P2_S3_P_seed1006,S3,P,"plant@(2.000,3.000)",1,r0.80_a240,240,0.8,1.5999999999999996,2.3071796769724493,True,True,True,2.803764317979718,0.18389069099794142,,0
P2_S3_P_seed1006,S3,P,"plant@(2.000,3.000)",1,r1.00_a270,270,1.0,1.9999999999999998,2.0,True,True,True,2.816025931651265,0.19027522101532668,,0
P2_S3_P_seed1006,S3,P,"plant@(2.000,3.000)",1,r0.80_a210,210,0.8,1.307179676972449,2.5999999999999996,True,True,True,2.9198346466490075,0.19248599599814042,,0
P2_S3_P_seed1006,S3,P,"plant@(2.000,3.000)",1,r0.80_a270,270,0.8,1.9999999999999998,2.2,True,True,True,2.96247563771313,0.19322165197809227,,0
P2_S3_P_seed1006,S3,P,"plant@(2.000,3.000)",1,r1.20_a180,180,1.2,0.8,3.0,True,True,True,3.1847430226150277,0.21162113899481483,,0
P2_S3_P_seed1006,S3,P,"plant@(2.000,3.000)",1,r1.00_a180,180,1.0,1.0,3.0,True,True,True,3.169875174869212,0.2125125320162624,,0
P2_S3_P_seed1006,S3,P,"plant@(2.000,3.000)",1,r0.80_a180,180,0.8,1.2,3.0,True,True,True,3.2416304739555724,0.211162151012104,,0
P2_S3_P_seed1006,S3,P,"plant@(2.000,3.000)",1,r1.20_a300,300,1.2,2.6,1.9607695154586737,True,True,True,3.2493641108315225,0.21743947800132446,,0
P2_S3_P_seed1006,S3,P,"plant@(2.000,3.000)",1,r1.00_a300,300,1.0,2.5,2.1339745962155616,True,True,True,3.2803082874835803,0.21741967200068757,,0
P2_S3_P_seed1006,S3,P,"plant@(2.000,3.000)",1,r0.80_a300,300,0.8,2.4000000000000004,2.3071796769724493,True,True,True,3.3238474265494395,0.22347141499631107,,0
P2_S3_P_seed1006,S3,P,"plant@(2.000,3.000)",1,r0.80_a150,150,0.8,1.3071796769724489,3.4,True,True,True,3.697423411089156,0.24207300099078566,,0
P2_S3_P_seed1006,S3,P,"plant@(2.000,3.000)",1,r1.00_a150,150,1.0,1.1339745962155612,3.5,True,True,True,3.688042177210573,0.25201253598788753,,0
P2_S3_P_seed1006,S3,P,"plant@(2.000,3.000)",1,r1.20_a150,150,1.2,0.9607695154586735,3.5999999999999996,True,True,True,3.7664397493190878,0.2847083740052767,,0
P2_S3_P_seed1006,S3,P,"plant@(2.000,3.000)",1,r0.80_a330,330,0.8,2.6928203230275507,2.5999999999999996,True,True,True,3.7670170039224296,0.26183978602057323,,0
P2_S3_P_seed1006,S3,P,"plant@(2.000,3.000)",1,r1.00_a330,330,1.0,2.8660254037844384,2.4999999999999996,True,True,True,3.8177101866375125,0.26007687899982557,,0
P2_S3_P_seed1006,S3,P,"plant@(2.000,3.000)",1,r1.20_a330,330,1.2,3.039230484541326,2.3999999999999995,True,True,True,3.862814351084195,0.2768375919840764,,0
P2_S3_P_seed1006,S3,P,"plant@(2.000,3.000)",1,r0.80_a000,0,0.8,2.8,3.0,True,True,True,4.198710423429075,0.2735524369927589,,0
P2_S3_P_seed1006,S3,P,"plant@(2.000,3.000)",1,r1.00_a120,120,1.0,1.5000000000000002,3.866025403784439,True,True,True,4.349087003878647,0.2826697250129655,,0
P2_S3_P_seed1006,S3,P,"plant@(2.000,3.000)",1,r1.00_a000,0,1.0,3.0,3.0,True,True,True,4.262439227569819,0.2838136779901106,,0
P2_S3_P_seed1006,S3,P,"plant@(2.000,3.000)",1,r1.20_a120,120,1.2,1.4000000000000004,4.039230484541326,True,True,True,4.307100999716338,0.28543485299451277,,0
P2_S3_P_seed1006,S3,P,"plant@(2.000,3.000)",1,r0.80_a030,30,0.8,2.692820323027551,3.4,True,True,True,4.6843439254528665,0.3183424379967619,,0
P2_S3_P_seed1006,S3,P,"plant@(2.000,3.000)",1,r1.20_a000,0,1.2,3.2,3.0,True,True,True,4.391661197065614,0.3015974090085365,,0
P2_S3_P_seed1006,S3,P,"plant@(2.000,3.000)",1,r1.00_a090,90,1.0,2.0,4.0,True,True,True,4.93275588851247,0.3436488780134823,,0
P2_S3_P_seed1006,S3,P,"plant@(2.000,3.000)",1,r1.00_a030,30,1.0,2.866025403784439,3.5,True,True,True,4.733839035284139,0.3261089760053437,,0
P2_S3_P_seed1006,S3,P,"plant@(2.000,3.000)",1,r1.00_a060,60,1.0,2.5,3.8660254037844384,True,True,True,5.290531886297779,0.37020671000937,,0
P2_S3_P_seed1006,S3,P,"plant@(2.000,3.000)",1,r1.20_a090,90,1.2,2.0,4.2,True,True,True,4.937109901060667,0.3590083729941398,,0
P2_S3_P_seed1006,S3,P,"plant@(2.000,3.000)",1,r1.20_a030,30,1.2,3.0392304845413265,3.5999999999999996,True,True,True,4.865006267629385,0.3457461270154454,,0
P2_S3_P_seed1006,S3,P,"plant@(-6.000,4.500)",1,r1.20_a330,330,1.2,-4.960769515458674,3.8999999999999995,True,True,True,7.7786912897878375,0.2829278080025688,,0
P2_S3_P_seed1006,S3,P,"plant@(-6.000,4.500)",1,r1.20_a000,0,1.2,-4.8,4.5,True,True,True,7.499035933053501,0.27507236899691634,,1
P2_S3_P_seed1006,S3,P,"plant@(-6.000,4.500)",1,r1.00_a330,330,1.0,-5.133974596215562,3.9999999999999996,True,True,True,7.967371928005717,0.28194664398324676,,0
P2_S3_P_seed1006,S3,P,"plant@(-6.000,4.500)",1,r1.00_a000,0,1.0,-5.0,4.5,True,True,True,7.741200009825955,0.26480202699895017,,0
P2_S3_P_seed1006,S3,P,"plant@(-6.000,4.500)",1,r1.20_a300,300,1.2,-5.4,3.460769515458674,True,True,False,,0.2586889629892539,path_infeasible_under_safety_checks,0
P2_S3_P_seed1006,S3,P,"plant@(-6.000,4.500)",1,r0.80_a330,330,0.8,-5.307179676972449,4.1,True,True,True,8.02283584172472,0.29107397299958393,,0
P2_S3_P_seed1006,S3,P,"plant@(-6.000,4.500)",1,r0.80_a000,0,0.8,-5.2,4.5,True,True,True,7.861927088163996,0.3292153989896178,,0
P2_S3_P_seed1006,S3,P,"plant@(-6.000,4.500)",1,r1.20_a030,30,1.2,-4.960769515458674,5.1,True,True,True,7.759571422100919,0.356536667997716,,0
P2_S3_P_seed1006,S3,P,"plant@(-6.000,4.500)",1,r1.00_a030,30,1.0,-5.133974596215562,5.0,True,True,True,8.139981453404344,0.2718067750101909,,0
P2_S3_P_seed1006,S3,P,"plant@(-6.000,4.500)",1,r0.80_a030,30,0.8,-5.307179676972449,4.9,True,True,True,8.01229575904147,0.29080807097489014,,0
P2_S3_P_seed1006,S3,P,"plant@(-6.000,4.500)",1,r1.20_a060,60,1.2,-5.4,5.539230484541326,True,True,True,8.319400296132509,0.3023072340001818,,0
P2_S3_P_seed1006,S3,P,"plant@(-6.000,4.500)",1,r1.20_a240,240,1.2,-6.6000000000000005,3.460769515458674,True,True,False,,0.17419620501459576,path_infeasible_under_safety_checks,0
P2_S3_P_seed1006,S3,P,"plant@(-6.000,4.500)",1,r0.80_a210,210,0.8,-6.692820323027551,4.1,True,True,True,11.552453930606083,0.2917584110109601,,0
P2_S3_P_seed1006,S3,P,"plant@(-6.000,4.500)",1,r1.00_a210,210,1.0,-6.866025403784438,4.0,True,True,False,,0.18822932601324283,path_infeasible_under_safety_checks,0
P2_S3_P_seed1006,S3,P,"plant@(-6.000,4.500)",1,r0.80_a180,180,0.8,-6.8,4.5,True,True,True,11.102618502045415,0.2749341619783081,,0
P2_S3_P_seed1006,S3,P,"plant@(-6.000,4.500)",1,r1.00_a120,120,1.0,-6.5,5.366025403784438,True,True,False,,0.2594072950014379,path_infeasible_under_safety_checks,0
P2_S3_P_seed1006,S3,P,"plant@(-6.000,4.500)",1,r0.80_a150,150,0.8,-6.692820323027551,4.9,True,True,True,10.890294239830432,0.28229473100509495,,0
P2_S3_P_seed1006,S3,P,"plant@(-6.000,4.500)",1,r1.20_a210,210,1.2,-7.039230484541326,3.9,True,True,False,,0.1860479250026401,path_infeasible_under_safety_checks,0
P2_S3_P_seed1006,S3,P,"plant@(-6.000,4.500)",1,r1.20_a120,120,1.2,-6.6,5.539230484541326,True,True,True,10.062821719333614,0.24620270100422204,,0
P2_S3_P_seed1006,S3,P,"plant@(-6.000,4.500)",1,r1.00_a180,180,1.0,-7.0,4.5,True,True,True,11.126937983582863,0.2696093730046414,,0
P2_S3_P_seed1006,S3,P,"plant@(-6.000,4.500)",1,r1.00_a150,150,1.0,-6.866025403784438,5.0,True,True,True,10.7201005553924,0.24825597199378535,,0
P2_S3_P_seed1006,S3,P,"plant@(-6.000,4.500)",1,r1.20_a180,180,1.2,-7.2,4.5,True,True,True,11.157454019179196,0.29068860301049426,,0
P2_S3_P_seed1006,S3,P,"plant@(-6.000,4.500)",1,r1.20_a150,150,1.2,-7.039230484541326,5.1,True,True,True,10.547550618129515,0.2966712999914307,,0
P2_S3_P_seed1006,S3,P,"plant@(-6.000,4.500)",1,r1.00_a300,300,1.0,-5.5,3.6339745962155616,False,True,False,,0.27177526699961163,path_infeasible_under_safety_checks,0
P2_S3_P_seed1006,S3,P,"plant@(-6.000,4.500)",1,r0.80_a300,300,0.8,-5.6,3.8071796769724493,False,True,False,,0.29743616800988093,path_infeasible_under_safety_checks,0
P2_S3_P_seed1006,S3,P,"plant@(-6.000,4.500)",1,r1.20_a270,270,1.2,-6.0,3.3,False,True,False,,0.2502766760007944,path_infeasible_under_safety_checks,0
P2_S3_P_seed1006,S3,P,"plant@(-6.000,4.500)",1,r1.00_a270,270,1.0,-6.0,3.5,False,True,False,,0.282776935986476,path_infeasible_under_safety_checks,0
P2_S3_P_seed1006,S3,P,"plant@(-6.000,4.500)",1,r0.80_a270,270,0.8,-6.0,3.7,False,True,False,,0.32218388200271875,path_infeasible_under_safety_checks,0
P2_S3_P_seed1006,S3,P,"plant@(-6.000,4.500)",1,r1.00_a060,60,1.0,-5.5,5.366025403784438,False,True,False,,0.2990472709934693,path_infeasible_under_safety_checks,0
P2_S3_P_seed1006,S3,P,"plant@(-6.000,4.500)",1,r0.80_a060,60,0.8,-5.6,5.192820323027551,False,True,False,,0.2912227970082313,path_infeasible_under_safety_checks,0
P2_S3_P_seed1006,S3,P,"plant@(-6.000,4.500)",1,r0.80_a240,240,0.8,-6.4,3.8071796769724493,False,True,False,,0.2108732649940066,path_infeasible_under_safety_checks,0
P2_S3_P_seed1006,S3,P,"plant@(-6.000,4.500)",1,r1.00_a240,240,1.0,-6.5,3.6339745962155616,False,True,False,,0.228486845997395,path_infeasible_under_safety_checks,0
P2_S3_P_seed1006,S3,P,"plant@(12.000,2.000)",1,r1.20_a240,240,1.2,11.399999999999999,0.960769515458674,True,True,False,,0.21487292897654697,path_infeasible_under_safety_checks,0
P2_S3_P_seed1006,S3,P,"plant@(12.000,2.000)",1,r1.20_a090,90,1.2,12.0,3.2,True,True,False,,0.09796110598836094,path_infeasible_under_safety_checks,0
P2_S3_P_seed1006,S3,P,"plant@(12.000,2.000)",1,r0.80_a060,60,0.8,12.4,2.6928203230275507,True,True,False,,0.1046422969957348,path_infeasible_under_safety_checks,0
P2_S3_P_seed1006,S3,P,"plant@(12.000,2.000)",1,r1.00_a060,60,1.0,12.5,2.8660254037844384,True,True,False,,0.0976424929976929,path_infeasible_under_safety_checks,0
P2_S3_P_seed1006,S3,P,"plant@(12.000,2.000)",1,r1.20_a060,60,1.2,12.6,3.039230484541326,True,True,False,,0.09934108599554747,path_infeasible_under_safety_checks,0
P2_S3_P_seed1006,S3,P,"plant@(12.000,2.000)",1,r0.80_a030,30,0.8,12.69282032302755,2.4,True,True,False,,0.10293984599411488,path_infeasible_under_safety_checks,0
P2_S3_P_seed1006,S3,P,"plant@(12.000,2.000)",1,r0.80_a330,330,0.8,12.69282032302755,1.5999999999999996,True,True,False,,0.10742122298688628,path_infeasible_under_safety_checks,0
P2_S3_P_seed1006,S3,P,"plant@(12.000,2.000)",1,r1.00_a030,30,1.0,12.86602540378444,2.5,True,True,False,,0.09704930000589229,path_infeasible_under_safety_checks,0
P2_S3_P_seed1006,S3,P,"plant@(12.000,2.000)",1,r0.80_a000,0,0.8,12.8,2.0,True,True,False,,0.10466598102357239,path_infeasible_under_safety_checks,0
P2_S3_P_seed1006,S3,P,"plant@(12.000,2.000)",1,r1.00_a330,330,1.0,12.866025403784437,1.4999999999999996,True,True,False,,0.1032341199752409,path_infeasible_under_safety_checks,0
P2_S3_P_seed1006,S3,P,"plant@(12.000,2.000)",1,r1.20_a030,30,1.2,13.039230484541326,2.5999999999999996,True,True,False,,0.10443739799666218,path_infeasible_under_safety_checks,0
P2_S3_P_seed1006,S3,P,"plant@(12.000,2.000)",1,r1.00_a000,0,1.0,13.0,2.0,True,True,False,,0.10164486299618147,path_infeasible_under_safety_checks,0
P2_S3_P_seed1006,S3,P,"plant@(12.000,2.000)",1,r1.20_a330,330,1.2,13.039230484541326,1.3999999999999995,True,True,False,,0.11668445900431834,path_infeasible_under_safety_checks,0
P2_S3_P_seed1006,S3,P,"plant@(12.000,2.000)",1,r1.20_a000,0,1.2,13.2,2.0,True,True,False,,0.12584674599929713,path_infeasible_under_safety_checks,0
P2_S3_P_seed1006,S3,P,"plant@(12.000,2.000)",1,r1.20_a180,180,1.2,10.8,2.0,False,True,False,,0.23472643399145454,path_infeasible_under_safety_checks,0
P2_S3_P_seed1006,S3,P,"plant@(12.000,2.000)",1,r1.20_a150,150,1.2,10.960769515458674,2.5999999999999996,False,True,False,,0.10478068600059487,path_infeasible_under_safety_checks,0
P2_S3_P_seed1006,S3,P,"plant@(12.000,2.000)",1,r1.00_a180,180,1.0,11.0,2.0,False,True,False,,0.2236643189971801,path_infeasible_under_safety_checks,0
P2_S3_P_seed1006,S3,P,"plant@(12.000,2.000)",1,r1.00_a150,150,1.0,11.13397459621556,2.5,False,True,False,,0.21226506200036965,path_infeasible_under_safety_checks,0
P2_S3_P_seed1006,S3,P,"plant@(12.000,2.000)",1,r1.20_a210,210,1.2,10.960769515458674,1.4,False,True,False,,0.21528588799992576,path_infeasible_under_safety_checks,0
P2_S3_P_seed1006,S3,P,"plant@(12.000,2.000)",1,r0.80_a180,180,0.8,11.2,2.0,False,True,False,,0.21021332798409276,path_infeasible_under_safety_checks,0
P2_S3_P_seed1006,S3,P,"plant@(12.000,2.000)",1,r1.00_a210,210,1.0,11.13397459621556,1.5,False,True,False,,0.22707954599172808,path_infeasible_under_safety_checks,0
P2_S3_P_seed1006,S3,P,"plant@(12.000,2.000)",1,r0.80_a150,150,0.8,11.30717967697245,2.4,False,True,False,,0.21703798498492688,path_infeasible_under_safety_checks,0
P2_S3_P_seed1006,S3,P,"plant@(12.000,2.000)",1,r1.20_a120,120,1.2,11.4,3.0392304845413265,False,True,False,,0.1284549749980215,path_infeasible_under_safety_checks,0
P2_S3_P_seed1006,S3,P,"plant@(12.000,2.000)",1,r0.80_a210,210,0.8,11.30717967697245,1.5999999999999999,False,True,False,,0.22781295599997975,path_infeasible_under_safety_checks,0
P2_S3_P_seed1006,S3,P,"plant@(12.000,2.000)",1,r1.00_a120,120,1.0,11.5,2.866025403784439,False,True,False,,0.1531560650037136,path_infeasible_under_safety_checks,0
P2_S3_P_seed1006,S3,P,"plant@(12.000,2.000)",1,r0.80_a120,120,0.8,11.6,2.692820323027551,False,True,False,,0.18267368600936607,path_infeasible_under_safety_checks,0
P2_S3_P_seed1006,S3,P,"plant@(12.000,2.000)",1,r1.00_a240,240,1.0,11.5,1.1339745962155616,False,True,False,,0.22958569499314763,path_infeasible_under_safety_checks,0
P2_S3_P_seed1006,S3,P,"plant@(12.000,2.000)",1,r0.80_a240,240,0.8,11.6,1.3071796769724493,False,True,False,,0.23351750598521903,path_infeasible_under_safety_checks,0
P2_S3_P_seed1006,S3,P,"plant@(12.000,2.000)",1,r1.00_a090,90,1.0,12.0,3.0,False,True,False,,0.11054764801519923,path_infeasible_under_safety_checks,0
P2_S3_P_seed1006,S3,P,"plant@(12.000,2.000)",1,r0.80_a090,90,0.8,12.0,2.8,False,True,False,,0.1099147730274126,path_infeasible_under_safety_checks,0
P2_S3_P_seed1006,S3,P,"plant@(12.000,2.000)",1,r0.80_a270,270,0.8,12.0,1.2,False,True,False,,0.24369594501331449,path_infeasible_under_safety_checks,0
P2_S3_P_seed1006,S3,P,"plant@(12.000,2.000)",1,r1.00_a270,270,1.0,12.0,1.0,False,True,False,,0.2515677330084145,path_infeasible_under_safety_checks,0
P2_S3_P_seed1006,S3,P,"plant@(12.000,2.000)",1,r1.20_a240,240,1.2,11.399999999999999,0.960769515458674,True,True,False,,0.21469382700161077,path_infeasible_under_safety_checks,0
P2_S3_P_seed1006,S3,P,"plant@(12.000,2.000)",1,r1.20_a090,90,1.2,12.0,3.2,True,True,True,21.19450794294404,0.26417730300454423,,1
P2_S3_P_seed1006,S3,P,"plant@(12.000,2.000)",1,r0.80_a060,60,0.8,12.4,2.6928203230275507,True,True,True,21.71613789955855,0.2789305580081418,,0
P2_S3_P_seed1006,S3,P,"plant@(12.000,2.000)",1,r1.00_a060,60,1.0,12.5,2.8660254037844384,True,True,True,21.573976941450997,0.26885575999040157,,0
P2_S3_P_seed1006,S3,P,"plant@(12.000,2.000)",1,r1.20_a060,60,1.2,12.6,3.039230484541326,True,True,True,21.389967839788405,0.25886587699642405,,0
P2_S3_P_seed1006,S3,P,"plant@(12.000,2.000)",1,r0.80_a030,30,0.8,12.69282032302755,2.4,True,True,True,22.102664402136668,0.2753147459879983,,0
P2_S3_P_seed1006,S3,P,"plant@(12.000,2.000)",1,r0.80_a330,330,0.8,12.69282032302755,1.5999999999999996,True,True,True,22.944223227495808,0.28634090098785236,,0
P2_S3_P_seed1006,S3,P,"plant@(12.000,2.000)",1,r1.00_a030,30,1.0,12.86602540378444,2.5,True,True,True,21.9907524843788,0.28389291898929514,,0
P2_S3_P_seed1006,S3,P,"plant@(12.000,2.000)",1,r0.80_a000,0,0.8,12.8,2.0,True,True,True,22.46918590982364,0.2959414680080954,,0
P2_S3_P_seed1006,S3,P,"plant@(12.000,2.000)",1,r1.00_a330,330,1.0,12.866025403784437,1.4999999999999996,True,True,True,22.961101357269676,0.2820188949990552,,0
P2_S3_P_seed1006,S3,P,"plant@(12.000,2.000)",1,r1.20_a030,30,1.2,13.039230484541326,2.5999999999999996,True,True,True,21.96289202822069,0.2803549059899524,,0
P2_S3_P_seed1006,S3,P,"plant@(12.000,2.000)",1,r1.00_a000,0,1.0,13.0,2.0,True,True,True,22.55924345952462,0.27997451901319437,,0
P2_S3_P_seed1006,S3,P,"plant@(12.000,2.000)",1,r1.20_a330,330,1.2,13.039230484541326,1.3999999999999995,True,True,True,23.087564306911215,0.294090271985624,,0
P2_S3_P_seed1006,S3,P,"plant@(12.000,2.000)",1,r1.20_a000,0,1.2,13.2,2.0,True,True,True,22.575523463465224,0.36942346798605286,,0
P2_S3_P_seed1006,S3,P,"plant@(12.000,2.000)",1,r1.20_a180,180,1.2,10.8,2.0,False,True,False,,0.2242085479956586,path_infeasible_under_safety_checks,0
P2_S3_P_seed1006,S3,P,"plant@(12.000,2.000)",1,r1.20_a150,150,1.2,10.960769515458674,2.5999999999999996,False,True,False,,0.27285758199286647,path_infeasible_under_safety_checks,0
P2_S3_P_seed1006,S3,P,"plant@(12.000,2.000)",1,r1.00_a180,180,1.0,11.0,2.0,False,True,False,,0.2822404699982144,path_infeasible_under_safety_checks,0
P2_S3_P_seed1006,S3,P,"plant@(12.000,2.000)",1,r1.00_a150,150,1.0,11.13397459621556,2.5,False,True,False,,0.22723777699866332,path_infeasible_under_safety_checks,0
P2_S3_P_seed1006,S3,P,"plant@(12.000,2.000)",1,r1.20_a210,210,1.2,10.960769515458674,1.4,False,True,False,,0.2136736839893274,path_infeasible_under_safety_checks,0
P2_S3_P_seed1006,S3,P,"plant@(12.000,2.000)",1,r0.80_a180,180,0.8,11.2,2.0,False,True,False,,0.22180973799549975,path_infeasible_under_safety_checks,0
P2_S3_P_seed1006,S3,P,"plant@(12.000,2.000)",1,r1.00_a210,210,1.0,11.13397459621556,1.5,False,True,False,,0.22950844798469916,path_infeasible_under_safety_checks,0
P2_S3_P_seed1006,S3,P,"plant@(12.000,2.000)",1,r0.80_a150,150,0.8,11.30717967697245,2.4,False,True,False,,0.22025947499787435,path_infeasible_under_safety_checks,0
P2_S3_P_seed1006,S3,P,"plant@(12.000,2.000)",1,r1.20_a120,120,1.2,11.4,3.0392304845413265,False,True,False,,0.28077528200810775,path_infeasible_under_safety_checks,0
P2_S3_P_seed1006,S3,P,"plant@(12.000,2.000)",1,r0.80_a210,210,0.8,11.30717967697245,1.5999999999999999,False,True,False,,0.23334644400165416,path_infeasible_under_safety_checks,0
P2_S3_P_seed1006,S3,P,"plant@(12.000,2.000)",1,r1.00_a120,120,1.0,11.5,2.866025403784439,False,True,False,,0.3035926160227973,path_infeasible_under_safety_checks,0
P2_S3_P_seed1006,S3,P,"plant@(12.000,2.000)",1,r0.80_a120,120,0.8,11.6,2.692820323027551,False,True,False,,0.30062930600252,path_infeasible_under_safety_checks,0
P2_S3_P_seed1006,S3,P,"plant@(12.000,2.000)",1,r1.00_a240,240,1.0,11.5,1.1339745962155616,False,True,False,,0.2061047010065522,path_infeasible_under_safety_checks,0
P2_S3_P_seed1006,S3,P,"plant@(12.000,2.000)",1,r0.80_a240,240,0.8,11.6,1.3071796769724493,False,True,False,,0.22402352999779396,path_infeasible_under_safety_checks,0
P2_S3_P_seed1006,S3,P,"plant@(12.000,2.000)",1,r1.00_a090,90,1.0,12.0,3.0,False,True,False,,0.2797056370181963,path_infeasible_under_safety_checks,0
P2_S3_P_seed1006,S3,P,"plant@(12.000,2.000)",1,r0.80_a090,90,0.8,12.0,2.8,False,True,False,,0.2885669769893866,path_infeasible_under_safety_checks,0
P2_S3_P_seed1006,S3,P,"plant@(12.000,2.000)",1,r0.80_a270,270,0.8,12.0,1.2,False,True,False,,0.29986178199760616,path_infeasible_under_safety_checks,0
P2_S3_P_seed1006,S3,P,"plant@(12.000,2.000)",1,r1.00_a270,270,1.0,12.0,1.0,False,True,False,,0.29179758598911576,path_infeasible_under_safety_checks,0
P2_S3_P_seed1007,S3,P,"plant@(2.000,3.000)",1,r1.20_a240,240,1.2,1.3999999999999995,1.960769515458674,True,True,True,2.4021980321074725,0.17245752000599168,,1
P2_S3_P_seed1007,S3,P,"plant@(2.000,3.000)",1,r1.20_a210,210,1.2,0.9607695154586737,2.4,True,True,True,2.5982584977119902,0.18358003097819164,,0
P2_S3_P_seed1007,S3,P,"plant@(2.000,3.000)",1,r1.00_a240,240,1.0,1.4999999999999996,2.1339745962155616,True,True,True,2.602031634036085,0.17885954800294712,,0
P2_S3_P_seed1007,S3,P,"plant@(2.000,3.000)",1,r1.20_a270,270,1.2,1.9999999999999998,1.8,True,True,True,2.6786582306225384,0.18179948299075477,,0
P2_S3_P_seed1007,S3,P,"plant@(2.000,3.000)",1,r1.00_a210,210,1.0,1.1339745962155614,2.5,True,True,True,2.74531223429477,0.18614334001904353,,0
P2_S3_P_seed1007,S3,P,"plant@(2.000,3.000)",1,r0.80_a240,240,0.8,1.5999999999999996,2.3071796769724493,True,True,True,2.803764317979718,0.18861040301271714,,0
P2_S3_P_seed1007,S3,P,"plant@(2.000,3.000)",1,r1.00_a270,270,1.0,1.9999999999999998,2.0,True,True,True,2.816025931651265,0.19195131299784407,,0
P2_S3_P_seed1007,S3,P,"plant@(2.000,3.000)",1,r0.80_a210,210,0.8,1.307179676972449,2.5999999999999996,True,True,True,2.9198346466490075,0.19435736400191672,,0
P2_S3_P_seed1007,S3,P,"plant@(2.000,3.000)",1,r0.80_a270,270,0.8,1.9999999999999998,2.2,True,True,True,2.96247563771313,0.20213903801050037,,0
P2_S3_P_seed1007,S3,P,"plant@(2.000,3.000)",1,r1.20_a180,180,1.2,0.8,3.0,True,True,True,3.1847430226150277,0.20892500100308098,,0
P2_S3_P_seed1007,S3,P,"plant@(2.000,3.000)",1,r1.00_a180,180,1.0,1.0,3.0,True,True,True,3.169875174869212,0.21323730400763452,,0
P2_S3_P_seed1007,S3,P,"plant@(2.000,3.000)",1,r0.80_a180,180,0.8,1.2,3.0,True,True,True,3.2416304739555724,0.2179001269978471,,0
P2_S3_P_seed1007,S3,P,"plant@(2.000,3.000)",1,r1.20_a300,300,1.2,2.6,1.9607695154586737,True,True,True,3.2493641108315225,0.22920397299458273,,0
P2_S3_P_seed1007,S3,P,"plant@(2.000,3.000)",1,r1.00_a300,300,1.0,2.5,2.1339745962155616,True,True,True,3.2803082874835803,0.22261831499054097,,0
P2_S3_P_seed1007,S3,P,"plant@(2.000,3.000)",1,r0.80_a300,300,0.8,2.4000000000000004,2.3071796769724493,True,True,True,3.3238474265494395,0.22829079101211391,,0
P2_S3_P_seed1007,S3,P,"plant@(2.000,3.000)",1,r0.80_a150,150,0.8,1.3071796769724489,3.4,True,True,True,3.697423411089156,0.24719862200436182,,0
P2_S3_P_seed1007,S3,P,"plant@(2.000,3.000)",1,r1.00_a150,150,1.0,1.1339745962155612,3.5,True,True,True,3.688042177210573,0.32287762500345707,,0
P2_S3_P_seed1007,S3,P,"plant@(2.000,3.000)",1,r1.20_a150,150,1.2,0.9607695154586735,3.5999999999999996,True,True,True,3.7664397493190878,0.2518450439965818,,0
P2_S3_P_seed1007,S3,P,"plant@(2.000,3.000)",1,r0.80_a330,330,0.8,2.6928203230275507,2.5999999999999996,True,True,True,3.7670170039224296,0.2505072749918327,,0
P2_S3_P_seed1007,S3,P,"plant@(2.000,3.000)",1,r1.00_a330,330,1.0,2.8660254037844384,2.4999999999999996,True,True,True,3.8177101866375125,0.24249604498618282,,0
P2_S3_P_seed1007,S3,P,"plant@(2.000,3.000)",1,r1.20_a330,330,1.2,3.039230484541326,2.3999999999999995,True,True,True,3.862814351084195,0.2509707110002637,,0
P2_S3_P_seed1007,S3,P,"plant@(2.000,3.000)",1,r0.80_a000,0,0.8,2.8,3.0,True,True,True,4.198710423429075,0.27387436700519174,,0
P2_S3_P_seed1007,S3,P,"plant@(2.000,3.000)",1,r1.00_a120,120,1.0,1.5000000000000002,3.866025403784439,True,True,True,4.349087003878647,0.2851083250134252,,0
P2_S3_P_seed1007,S3,P,"plant@(2.000,3.000)",1,r1.00_a000,0,1.0,3.0,3.0,True,True,True,4.262439227569819,0.27366711499053054,,0
P2_S3_P_seed1007,S3,P,"plant@(2.000,3.000)",1,r1.20_a120,120,1.2,1.4000000000000004,4.039230484541326,True,True,True,4.307100999716338,0.28854006199981086,,0
P2_S3_P_seed1007,S3,P,"plant@(2.000,3.000)",1,r0.80_a030,30,0.8,2.692820323027551,3.4,True,True,True,4.6843439254528665,0.3099221660231706,,0
P2_S3_P_seed1007,S3,P,"plant@(2.000,3.000)",1,r1.20_a000,0,1.2,3.2,3.0,True,True,True,4.391661197065614,0.28164491697680205,,0
P2_S3_P_seed1007,S3,P,"plant@(2.000,3.000)",1,r1.00_a090,90,1.0,2.0,4.0,True,True,True,4.93275588851247,0.32671829700120725,,0
P2_S3_P_seed1007,S3,P,"plant@(2.000,3.000)",1,r1.00_a030,30,1.0,2.866025403784439,3.5,True,True,True,4.733839035284139,0.30780399800278246,,0
P2_S3_P_seed1007,S3,P,"plant@(2.000,3.000)",1,r1.00_a060,60,1.0,2.5,3.8660254037844384,True,True,True,5.290531886297779,0.35461827300605364,,0
P2_S3_P_seed1007,S3,P,"plant@(2.000,3.000)",1,r1.20_a090,90,1.2,2.0,4.2,True,True,True,4.937109901060667,0.3545268820016645,,0
P2_S3_P_seed1007,S3,P,"plant@(2.000,3.000)",1,r1.20_a030,30,1.2,3.0392304845413265,3.5999999999999996,True,True,True,4.865006267629385,0.3182560630084481,,0
P2_S3_P_seed1007,S3,P,"plant@(-6.000,4.500)",1,r1.20_a330,330,1.2,-4.960769515458674,3.8999999999999995,True,True,True,7.7786912897878375,0.26614399199024774,,0
P2_S3_P_seed1007,S3,P,"plant@(-6.000,4.500)",1,r1.20_a000,0,1.2,-4.8,4.5,True,True,True,7.499035933053501,0.27291946500190534,,1
P2_S3_P_seed1007,S3,P,"plant@(-6.000,4.500)",1,r1.00_a330,330,1.0,-5.133974596215562,3.9999999999999996,True,True,True,7.967371928005717,0.2819075250008609,,0
P2_S3_P_seed1007,S3,P,"plant@(-6.000,4.500)",1,r1.00_a000,0,1.0,-5.0,4.5,True,True,True,7.741200009825955,0.27436610200675204,,0
P2_S3_P_seed1007,S3,P,"plant@(-6.000,4.500)",1,r1.20_a300,300,1.2,-5.4,3.460769515458674,True,True,False,,0.26770068201585673,path_infeasible_under_safety_checks,0
P2_S3_P_seed1007,S3,P,"plant@(-6.000,4.500)",1,r0.80_a330,330,0.8,-5.307179676972449,4.1,True,True,True,8.02283584172472,0.3020279140037019,,0
P2_S3_P_seed1007,S3,P,"plant@(-6.000,4.500)",1,r0.80_a000,0,0.8,-5.2,4.5,True,True,True,7.861927088163996,0.2869992420019116,,0
P2_S3_P_seed1007,S3,P,"plant@(-6.000,4.500)",1,r1.20_a030,30,1.2,-4.960769515458674,5.1,True,True,True,7.759571422100919,0.2851170159992762,,0
P2_S3_P_seed1007,S3,P,"plant@(-6.000,4.500)",1,r1.00_a030,30,1.0,-5.133974596215562,5.0,True,True,True,8.139981453404344,0.2835235699894838,,0
P2_S3_P_seed1007,S3,P,"plant@(-6.000,4.500)",1,r0.80_a030,30,0.8,-5.307179676972449,4.9,True,True,True,8.01229575904147,0.33015722897835076,,0
P2_S3_P_seed1007,S3,P,"plant@(-6.000,4.500)",1,r1.20_a060,60,1.2,-5.4,5.539230484541326,True,True,True,8.319400296132509,0.3042175760201644,,0
P2_S3_P_seed1007,S3,P,"plant@(-6.000,4.500)",1,r1.20_a240,240,1.2,-6.6000000000000005,3.460769515458674,True,True,False,,0.1833075050089974,path_infeasible_under_safety_checks,0
P2_S3_P_seed1007,S3,P,"plant@(-6.000,4.500)",1,r0.80_a210,210,0.8,-6.692820323027551,4.1,True,True,True,11.552453930606083,0.29305619798833504,,0
P2_S3_P_seed1007,S3,P,"plant@(-6.000,4.500)",1,r1.00_a210,210,1.0,-6.866025403784438,4.0,True,True,False,,0.1707943360088393,path_infeasible_under_safety_checks,0
P2_S3_P_seed1007,S3,P,"plant@(-6.000,4.500)",1,r0.80_a180,180,0.8,-6.8,4.5,True,True,True,11.102618502045415,0.2733059320016764,,0
P2_S3_P_seed1007,S3,P,"plant@(-6.000,4.500)",1,r1.00_a120,120,1.0,-6.5,5.366025403784438,True,True,False,,0.25222644399036653,path_infeasible_under_safety_checks,0
P2_S3_P_seed1007,S3,P,"plant@(-6.000,4.500)",1,r0.80_a150,150,0.8,-6.692820323027551,4.9,True,True,True,10.890294239830432,0.27068612500443123,,0
P2_S3_P_seed1007,S3,P,"plant@(-6.000,4.500)",1,r1.20_a210,210,1.2,-7.039230484541326,3.9,True,True,False,,0.18525596702238545,path_infeasible_under_safety_checks,0
P2_S3_P_seed1007,S3,P,"plant@(-6.000,4.500)",1,r1.20_a120,120,1.2,-6.6,5.539230484541326,True,True,True,10.062821719333614,0.26494321998325177,,0
P2_S3_P_seed1007,S3,P,"plant@(-6.000,4.500)",1,r1.00_a180,180,1.0,-7.0,4.5,True,True,True,11.126937983582863,0.274855950003257,,0
P2_S3_P_seed1007,S3,P,"plant@(-6.000,4.500)",1,r1.00_a150,150,1.0,-6.866025403784438,5.0,True,True,True,10.7201005553924,0.26132993900682777,,0
P2_S3_P_seed1007,S3,P,"plant@(-6.000,4.500)",1,r1.20_a180,180,1.2,-7.2,4.5,True,True,True,11.157454019179196,0.26699034398188815,,0
P2_S3_P_seed1007,S3,P,"plant@(-6.000,4.500)",1,r1.20_a150,150,1.2,-7.039230484541326,5.1,True,True,True,10.547550618129515,0.2571752549847588,,0
P2_S3_P_seed1007,S3,P,"plant@(-6.000,4.500)",1,r1.00_a300,300,1.0,-5.5,3.6339745962155616,False,True,False,,0.2645042870135512,path_infeasible_under_safety_checks,0
P2_S3_P_seed1007,S3,P,"plant@(-6.000,4.500)",1,r0.80_a300,300,0.8,-5.6,3.8071796769724493,False,True,False,,0.34642112397705205,path_infeasible_under_safety_checks,0
P2_S3_P_seed1007,S3,P,"plant@(-6.000,4.500)",1,r1.20_a270,270,1.2,-6.0,3.3,False,True,False,,0.2598461300076451,path_infeasible_under_safety_checks,0
P2_S3_P_seed1007,S3,P,"plant@(-6.000,4.500)",1,r1.00_a270,270,1.0,-6.0,3.5,False,True,False,,0.2865714530053083,path_infeasible_under_safety_checks,0
P2_S3_P_seed1007,S3,P,"plant@(-6.000,4.500)",1,r0.80_a270,270,0.8,-6.0,3.7,False,True,False,,0.31116507199476473,path_infeasible_under_safety_checks,0
P2_S3_P_seed1007,S3,P,"plant@(-6.000,4.500)",1,r1.00_a060,60,1.0,-5.5,5.366025403784438,False,True,False,,0.29677968099713326,path_infeasible_under_safety_checks,0
P2_S3_P_seed1007,S3,P,"plant@(-6.000,4.500)",1,r0.80_a060,60,0.8,-5.6,5.192820323027551,False,True,False,,0.28653395498986356,path_infeasible_under_safety_checks,0
P2_S3_P_seed1007,S3,P,"plant@(-6.000,4.500)",1,r0.80_a240,240,0.8,-6.4,3.8071796769724493,False,True,False,,0.21467124301125295,path_infeasible_under_safety_checks,0
P2_S3_P_seed1007,S3,P,"plant@(-6.000,4.500)",1,r1.00_a240,240,1.0,-6.5,3.6339745962155616,False,True,False,,0.21122375002596527,path_infeasible_under_safety_checks,0
P2_S3_P_seed1007,S3,P,"plant@(12.000,2.000)",1,r1.20_a240,240,1.2,11.399999999999999,0.960769515458674,True,True,False,,0.2228804270271212,path_infeasible_under_safety_checks,0
P2_S3_P_seed1007,S3,P,"plant@(12.000,2.000)",1,r1.20_a090,90,1.2,12.0,3.2,True,True,False,,0.09558892899076454,path_infeasible_under_safety_checks,0
P2_S3_P_seed1007,S3,P,"plant@(12.000,2.000)",1,r0.80_a060,60,0.8,12.4,2.6928203230275507,True,True,False,,0.09827287201187573,path_infeasible_under_safety_checks,0
P2_S3_P_seed1007,S3,P,"plant@(12.000,2.000)",1,r1.00_a060,60,1.0,12.5,2.8660254037844384,True,True,False,,0.09639322201837786,path_infeasible_under_safety_checks,0
P2_S3_P_seed1007,S3,P,"plant@(12.000,2.000)",1,r1.20_a060,60,1.2,12.6,3.039230484541326,True,True,False,,0.10415556401130743,path_infeasible_under_safety_checks,0
P2_S3_P_seed1007,S3,P,"plant@(12.000,2.000)",1,r0.80_a030,30,0.8,12.69282032302755,2.4,True,True,False,,0.09849356100312434,path_infeasible_under_safety_checks,0
P2_S3_P_seed1007,S3,P,"plant@(12.000,2.000)",1,r0.80_a330,330,0.8,12.69282032302755,1.5999999999999996,True,True,False,,0.1094691350008361,path_infeasible_under_safety_checks,0
P2_S3_P_seed1007,S3,P,"plant@(12.000,2.000)",1,r1.00_a030,30,1.0,12.86602540378444,2.5,True,True,False,,0.09631703700870275,path_infeasible_under_safety_checks,0
P2_S3_P_seed1007,S3,P,"plant@(12.000,2.000)",1,r0.80_a000,0,0.8,12.8,2.0,True,True,False,,0.10010928500560112,path_infeasible_under_safety_checks,0
P2_S3_P_seed1007,S3,P,"plant@(12.000,2.000)",1,r1.00_a330,330,1.0,12.866025403784437,1.4999999999999996,True,True,False,,0.09858447301667184,path_infeasible_under_safety_checks,0
P2_S3_P_seed1007,S3,P,"plant@(12.000,2.000)",1,r1.20_a030,30,1.2,13.039230484541326,2.5999999999999996,True,True,False,,0.1035327939898707,path_infeasible_under_safety_checks,0
P2_S3_P_seed1007,S3,P,"plant@(12.000,2.000)",1,r1.00_a000,0,1.0,13.0,2.0,True,True,False,,0.10352619900368154,path_infeasible_under_safety_checks,0
P2_S3_P_seed1007,S3,P,"plant@(12.000,2.000)",1,r1.20_a330,330,1.2,13.039230484541326,1.3999999999999995,True,True,False,,0.1059114399831742,path_infeasible_under_safety_checks,0
P2_S3_P_seed1007,S3,P,"plant@(12.000,2.000)",1,r1.20_a000,0,1.2,13.2,2.0,True,True,False,,0.09927695200894959,path_infeasible_under_safety_checks,0
P2_S3_P_seed1007,S3,P,"plant@(12.000,2.000)",1,r1.20_a180,180,1.2,10.8,2.0,False,True,False,,0.23949015699326992,path_infeasible_under_safety_checks,0
P2_S3_P_seed1007,S3,P,"plant@(12.000,2.000)",1,r1.20_a150,150,1.2,10.960769515458674,2.5999999999999996,False,True,False,,0.1584832560038194,path_infeasible_under_safety_checks,0
P2_S3_P_seed1007,S3,P,"plant@(12.000,2.000)",1,r1.00_a180,180,1.0,11.0,2.0,False,True,False,,0.24681773001793772,path_infeasible_under_safety_checks,0
P2_S3_P_seed1007,S3,P,"plant@(12.000,2.000)",1,r1.00_a150,150,1.0,11.13397459621556,2.5,False,True,False,,0.22965785799897276,path_infeasible_under_safety_checks,0
P2_S3_P_seed1007,S3,P,"plant@(12.000,2.000)",1,r1.20_a210,210,1.2,10.960769515458674,1.4,False,True,False,,0.21737084700725973,path_infeasible_under_safety_checks,0
P2_S3_P_seed1007,S3,P,"plant@(12.000,2.000)",1,r0.80_a180,180,0.8,11.2,2.0,False,True,False,,0.22217508099856786,path_infeasible_under_safety_checks,0
P2_S3_P_seed1007,S3,P,"plant@(12.000,2.000)",1,r1.00_a210,210,1.0,11.13397459621556,1.5,False,True,False,,0.2392581930034794,path_infeasible_under_safety_checks,0
P2_S3_P_seed1007,S3,P,"plant@(12.000,2.000)",1,r0.80_a150,150,0.8,11.30717967697245,2.4,False,True,False,,0.2326884539797902,path_infeasible_under_safety_checks,0
P2_S3_P_seed1007,S3,P,"plant@(12.000,2.000)",1,r1.20_a120,120,1.2,11.4,3.0392304845413265,False,True,False,,0.12440495600458235,path_infeasible_under_safety_checks,0
P2_S3_P_seed1007,S3,P,"plant@(12.000,2.000)",1,r0.80_a210,210,0.8,11.30717967697245,1.5999999999999999,False,True,False,,0.23032088699983433,path_infeasible_under_safety_checks,0
P2_S3_P_seed1007,S3,P,"plant@(12.000,2.000)",1,r1.00_a120,120,1.0,11.5,2.866025403784439,False,True,False,,0.13173238301533274,path_infeasible_under_safety_checks,0
P2_S3_P_seed1007,S3,P,"plant@(12.000,2.000)",1,r0.80_a120,120,0.8,11.6,2.692820323027551,False,True,False,,0.13763183300034143,path_infeasible_under_safety_checks,0
P2_S3_P_seed1007,S3,P,"plant@(12.000,2.000)",1,r1.00_a240,240,1.0,11.5,1.1339745962155616,False,True,False,,0.22686259701731615,path_infeasible_under_safety_checks,0
P2_S3_P_seed1007,S3,P,"plant@(12.000,2.000)",1,r0.80_a240,240,0.8,11.6,1.3071796769724493,False,True,False,,0.23322749897488393,path_infeasible_under_safety_checks,0
P2_S3_P_seed1007,S3,P,"plant@(12.000,2.000)",1,r1.00_a090,90,1.0,12.0,3.0,False,True,False,,0.10144845698960125,path_infeasible_under_safety_checks,0
P2_S3_P_seed1007,S3,P,"plant@(12.000,2.000)",1,r0.80_a090,90,0.8,12.0,2.8,False,True,False,,0.10249756497796625,path_infeasible_under_safety_checks,0
P2_S3_P_seed1007,S3,P,"plant@(12.000,2.000)",1,r0.80_a270,270,0.8,12.0,1.2,False,True,False,,0.238201216008747,path_infeasible_under_safety_checks,0
P2_S3_P_seed1007,S3,P,"plant@(12.000,2.000)",1,r1.00_a270,270,1.0,12.0,1.0,False,True,False,,0.24552351198508404,path_infeasible_under_safety_checks,0
P2_S3_P_seed1007,S3,P,"plant@(12.000,2.000)",1,r1.20_a240,240,1.2,11.399999999999999,0.960769515458674,True,True,False,,0.25216328201349825,path_infeasible_under_safety_checks,0
P2_S3_P_seed1007,S3,P,"plant@(12.000,2.000)",1,r1.20_a090,90,1.2,12.0,3.2,True,True,False,,0.12743890000274405,path_infeasible_under_safety_checks,0
P2_S3_P_seed1007,S3,P,"plant@(12.000,2.000)",1,r0.80_a060,60,0.8,12.4,2.6928203230275507,True,True,True,21.659476474518783,0.28021286099101417,,0
P2_S3_P_seed1007,S3,P,"plant@(12.000,2.000)",1,r1.00_a060,60,1.0,12.5,2.8660254037844384,True,True,True,21.51719522553854,0.2729877670062706,,0
P2_S3_P_seed1007,S3,P,"plant@(12.000,2.000)",1,r1.20_a060,60,1.2,12.6,3.039230484541326,True,True,True,21.4234662551374,0.28615248200367205,,1
P2_S3_P_seed1007,S3,P,"plant@(12.000,2.000)",1,r0.80_a030,30,0.8,12.69282032302755,2.4,True,True,True,22.036992070902034,0.28583641999284737,,0
P2_S3_P_seed1007,S3,P,"plant@(12.000,2.000)",1,r0.80_a330,330,0.8,12.69282032302755,1.5999999999999996,True,True,False,,0.12180331998388283,path_infeasible_under_safety_checks,0
P2_S3_P_seed1007,S3,P,"plant@(12.000,2.000)",1,r1.00_a030,30,1.0,12.86602540378444,2.5,True,True,True,21.97627878641527,0.2842931789928116,,0
P2_S3_P_seed1007,S3,P,"plant@(12.000,2.000)",1,r0.80_a000,0,0.8,12.8,2.0,True,True,True,22.501933650574763,0.28598961801617406,,0
P2_S3_P_seed1007,S3,P,"plant@(12.000,2.000)",1,r1.00_a330,330,1.0,12.866025403784437,1.4999999999999996,True,True,False,,0.11499150999588892,path_infeasible_under_safety_checks,0
P2_S3_P_seed1007,S3,P,"plant@(12.000,2.000)",1,r1.20_a030,30,1.2,13.039230484541326,2.5999999999999996,True,True,True,21.982062881050325,0.28100826300214976,,0
P2_S3_P_seed1007,S3,P,"plant@(12.000,2.000)",1,r1.00_a000,0,1.0,13.0,2.0,True,True,True,22.524807723902704,0.2732672440179158,,0
P2_S3_P_seed1007,S3,P,"plant@(12.000,2.000)",1,r1.20_a330,330,1.2,13.039230484541326,1.3999999999999995,True,True,False,,0.11809763801284134,path_infeasible_under_safety_checks,0
P2_S3_P_seed1007,S3,P,"plant@(12.000,2.000)",1,r1.20_a000,0,1.2,13.2,2.0,True,True,False,,0.10983951800153591,path_infeasible_under_safety_checks,0
P2_S3_P_seed1007,S3,P,"plant@(12.000,2.000)",1,r1.20_a180,180,1.2,10.8,2.0,False,True,False,,0.2097330339893233,path_infeasible_under_safety_checks,0
P2_S3_P_seed1007,S3,P,"plant@(12.000,2.000)",1,r1.20_a150,150,1.2,10.960769515458674,2.5999999999999996,False,True,False,,0.2813467559753917,path_infeasible_under_safety_checks,0
P2_S3_P_seed1007,S3,P,"plant@(12.000,2.000)",1,r1.00_a180,180,1.0,11.0,2.0,False,True,False,,0.20453354599885643,path_infeasible_under_safety_checks,0
P2_S3_P_seed1007,S3,P,"plant@(12.000,2.000)",1,r1.00_a150,150,1.0,11.13397459621556,2.5,False,True,False,,0.25152921400149353,path_infeasible_under_safety_checks,0
P2_S3_P_seed1007,S3,P,"plant@(12.000,2.000)",1,r1.20_a210,210,1.2,10.960769515458674,1.4,False,True,False,,0.23979051201604307,path_infeasible_under_safety_checks,0
P2_S3_P_seed1007,S3,P,"plant@(12.000,2.000)",1,r0.80_a180,180,0.8,11.2,2.0,False,True,False,,0.2078749900101684,path_infeasible_under_safety_checks,0
P2_S3_P_seed1007,S3,P,"plant@(12.000,2.000)",1,r1.00_a210,210,1.0,11.13397459621556,1.5,False,True,False,,0.22602610601461492,path_infeasible_under_safety_checks,0
P2_S3_P_seed1007,S3,P,"plant@(12.000,2.000)",1,r0.80_a150,150,0.8,11.30717967697245,2.4,False,True,False,,0.21431563899386674,path_infeasible_under_safety_checks,0
P2_S3_P_seed1007,S3,P,"plant@(12.000,2.000)",1,r1.20_a120,120,1.2,11.4,3.0392304845413265,False,True,False,,0.2895280699885916,path_infeasible_under_safety_checks,0
P2_S3_P_seed1007,S3,P,"plant@(12.000,2.000)",1,r0.80_a210,210,0.8,11.30717967697245,1.5999999999999999,False,True,False,,0.23040872398996726,path_infeasible_under_safety_checks,0
P2_S3_P_seed1007,S3,P,"plant@(12.000,2.000)",1,r1.00_a120,120,1.0,11.5,2.866025403784439,False,True,False,,0.30934806499863043,path_infeasible_under_safety_checks,0
P2_S3_P_seed1007,S3,P,"plant@(12.000,2.000)",1,r0.80_a120,120,0.8,11.6,2.692820323027551,False,True,False,,0.3010806709935423,path_infeasible_under_safety_checks,0
P2_S3_P_seed1007,S3,P,"plant@(12.000,2.000)",1,r1.00_a240,240,1.0,11.5,1.1339745962155616,False,True,False,,0.21365367399994284,path_infeasible_under_safety_checks,0
P2_S3_P_seed1007,S3,P,"plant@(12.000,2.000)",1,r0.80_a240,240,0.8,11.6,1.3071796769724493,False,True,False,,0.23093272699043155,path_infeasible_under_safety_checks,0
P2_S3_P_seed1007,S3,P,"plant@(12.000,2.000)",1,r1.00_a090,90,1.0,12.0,3.0,False,True,False,,0.26468995100003667,path_infeasible_under_safety_checks,0
P2_S3_P_seed1007,S3,P,"plant@(12.000,2.000)",1,r0.80_a090,90,0.8,12.0,2.8,False,True,False,,0.2791801950079389,path_infeasible_under_safety_checks,0
P2_S3_P_seed1007,S3,P,"plant@(12.000,2.000)",1,r0.80_a270,270,0.8,12.0,1.2,False,True,False,,0.2558572409907356,path_infeasible_under_safety_checks,0
P2_S3_P_seed1007,S3,P,"plant@(12.000,2.000)",1,r1.00_a270,270,1.0,12.0,1.0,False,True,False,,0.24343695299467072,path_infeasible_under_safety_checks,0
P2_S3_P_seed1008,S3,P,"plant@(2.000,3.000)",1,r1.20_a240,240,1.2,1.3999999999999995,1.960769515458674,True,True,True,2.4021980321074725,0.16695134399924427,,1
P2_S3_P_seed1008,S3,P,"plant@(2.000,3.000)",1,r1.20_a210,210,1.2,0.9607695154586737,2.4,True,True,True,2.5982584977119902,0.1941420680086594,,0
P2_S3_P_seed1008,S3,P,"plant@(2.000,3.000)",1,r1.00_a240,240,1.0,1.4999999999999996,2.1339745962155616,True,True,True,2.602031634036085,0.1860695120121818,,0
P2_S3_P_seed1008,S3,P,"plant@(2.000,3.000)",1,r1.20_a270,270,1.2,1.9999999999999998,1.8,True,True,True,2.6786582306225384,0.1738077720219735,,0
P2_S3_P_seed1008,S3,P,"plant@(2.000,3.000)",1,r1.00_a210,210,1.0,1.1339745962155614,2.5,True,True,True,2.74531223429477,0.18918304599355906,,0
P2_S3_P_seed1008,S3,P,"plant@(2.000,3.000)",1,r0.80_a240,240,0.8,1.5999999999999996,2.3071796769724493,True,True,True,2.803764317979718,0.19090678499196656,,0
P2_S3_P_seed1008,S3,P,"plant@(2.000,3.000)",1,r1.00_a270,270,1.0,1.9999999999999998,2.0,True,True,True,2.816025931651265,0.18196790298679844,,0
P2_S3_P_seed1008,S3,P,"plant@(2.000,3.000)",1,r0.80_a210,210,0.8,1.307179676972449,2.5999999999999996,True,True,True,2.9198346466490075,0.2009850699978415,,0
P2_S3_P_seed1008,S3,P,"plant@(2.000,3.000)",1,r0.80_a270,270,0.8,1.9999999999999998,2.2,True,True,True,2.96247563771313,0.19816493699909188,,0
P2_S3_P_seed1008,S3,P,"plant@(2.000,3.000)",1,r1.20_a180,180,1.2,0.8,3.0,True,True,True,3.1847430226150277,0.21422258502570912,,0
P2_S3_P_seed1008,S3,P,"plant@(2.000,3.000)",1,r1.00_a180,180,1.0,1.0,3.0,True,True,True,3.169875174869212,0.21380242399754934,,0
P2_S3_P_seed1008,S3,P,"plant@(2.000,3.000)",1,r0.80_a180,180,0.8,1.2,3.0,True,True,True,3.2416304739555724,0.21676884999033064,,0
P2_S3_P_seed1008,S3,P,"plant@(2.000,3.000)",1,r1.20_a300,300,1.2,2.6,1.9607695154586737,True,True,True,3.2493641108315225,0.22397896999609657,,0
P2_S3_P_seed1008,S3,P,"plant@(2.000,3.000)",1,r1.00_a300,300,1.0,2.5,2.1339745962155616,True,True,True,3.2803082874835803,0.23208221202366985,,0
P2_S3_P_seed1008,S3,P,"plant@(2.000,3.000)",1,r0.80_a300,300,0.8,2.4000000000000004,2.3071796769724493,True,True,True,3.3238474265494395,0.2275674779957626,,0
P2_S3_P_seed1008,S3,P,"plant@(2.000,3.000)",1,r0.80_a150,150,0.8,1.3071796769724489,3.4,True,True,True,3.697423411089156,0.26172167601180263,,0
P2_S3_P_seed1008,S3,P,"plant@(2.000,3.000)",1,r1.00_a150,150,1.0,1.1339745962155612,3.5,True,True,True,3.688042177210573,0.2611537160119042,,0
P2_S3_P_seed1008,S3,P,"plant@(2.000,3.000)",1,r1.20_a150,150,1.2,0.9607695154586735,3.5999999999999996,True,True,True,3.7664397493190878,0.25734767198446207,,0
P2_S3_P_seed1008,S3,P,"plant@(2.000,3.000)",1,r0.80_a330,330,0.8,2.6928203230275507,2.5999999999999996,True,True,True,3.7670170039224296,0.2599350679956842,,0
P2_S3_P_seed1008,S3,P,"plant@(2.000,3.000)",1,r1.00_a330,330,1.0,2.8660254037844384,2.4999999999999996,True,True,True,3.8177101866375125,0.25636539902188815,,0
P2_S3_P_seed1008,S3,P,"plant@(2.000,3.000)",1,r1.20_a330,330,1.2,3.039230484541326,2.3999999999999995,True,True,True,3.862814351084195,0.273943013016833,,0
P2_S3_P_seed1008,S3,P,"plant@(2.000,3.000)",1,r0.80_a000,0,0.8,2.8,3.0,True,True,True,4.198710423429075,0.27692903100978583,,0
P2_S3_P_seed1008,S3,P,"plant@(2.000,3.000)",1,r1.00_a120,120,1.0,1.5000000000000002,3.866025403784439,True,True,True,4.349087003878647,0.28539295500377193,,0
P2_S3_P_seed1008,S3,P,"plant@(2.000,3.000)",1,r1.00_a000,0,1.0,3.0,3.0,True,True,True,4.262439227569819,0.28834276500856504,,0
P2_S3_P_seed1008,S3,P,"plant@(2.000,3.000)",1,r1.20_a120,120,1.2,1.4000000000000004,4.039230484541326,True,True,True,4.307100999716338,0.27614467800594866,,0
P2_S3_P_seed1008,S3,P,"plant@(2.000,3.000)",1,r0.80_a030,30,0.8,2.692820323027551,3.4,True,True,True,4.6843439254528665,0.3160135739890393,,0
P2_S3_P_seed1008,S3,P,"plant@(2.000,3.000)",1,r1.20_a000,0,1.2,3.2,3.0,True,True,True,4.391661197065614,0.3016790410038084,,0
P2_S3_P_seed1008,S3,P,"plant@(2.000,3.000)",1,r1.00_a090,90,1.0,2.0,4.0,True,True,True,4.93275588851247,0.33687502300017513,,0
P2_S3_P_seed1008,S3,P,"plant@(2.000,3.000)",1,r1.00_a030,30,1.0,2.866025403784439,3.5,True,True,True,4.733839035284139,0.3283193919924088,,0
P2_S3_P_seed1008,S3,P,"plant@(2.000,3.000)",1,r1.00_a060,60,1.0,2.5,3.8660254037844384,True,True,True,5.290531886297779,0.3781666549912188,,0
P2_S3_P_seed1008,S3,P,"plant@(2.000,3.000)",1,r1.20_a090,90,1.2,2.0,4.2,True,True,True,4.937109901060667,0.3311282219947316,,0
P2_S3_P_seed1008,S3,P,"plant@(2.000,3.000)",1,r1.20_a030,30,1.2,3.0392304845413265,3.5999999999999996,True,True,True,4.865006267629385,0.3329635970003437,,0
P2_S3_P_seed1008,S3,P,"plant@(-6.000,4.500)",1,r1.20_a330,330,1.2,-4.960769515458674,3.8999999999999995,True,True,True,7.7786912897878375,0.27596919098868966,,0
P2_S3_P_seed1008,S3,P,"plant@(-6.000,4.500)",1,r1.20_a000,0,1.2,-4.8,4.5,True,True,True,7.499035933053501,0.2679410770069808,,1
P2_S3_P_seed1008,S3,P,"plant@(-6.000,4.500)",1,r1.00_a330,330,1.0,-5.133974596215562,3.9999999999999996,True,True,True,7.967371928005717,0.27108603302622214,,0
P2_S3_P_seed1008,S3,P,"plant@(-6.000,4.500)",1,r1.00_a000,0,1.0,-5.0,4.5,True,True,True,7.741200009825955,0.25187641198863275,,0
P2_S3_P_seed1008,S3,P,"plant@(-6.000,4.500)",1,r1.20_a300,300,1.2,-5.4,3.460769515458674,True,True,False,,0.27462327998364344,path_infeasible_under_safety_checks,0
P2_S3_P_seed1008,S3,P,"plant@(-6.000,4.500)",1,r0.80_a330,330,0.8,-5.307179676972449,4.1,True,True,True,8.02283584172472,0.29770736998762004,,0
P2_S3_P_seed1008,S3,P,"plant@(-6.000,4.500)",1,r0.80_a000,0,0.8,-5.2,4.5,True,True,True,7.861927088163996,0.30159549100790173,,0
P2_S3_P_seed1008,S3,P,"plant@(-6.000,4.500)",1,r1.20_a030,30,1.2,-4.960769515458674,5.1,True,True,True,7.759571422100919,0.27317575499182567,,0
P2_S3_P_seed1008,S3,P,"plant@(-6.000,4.500)",1,r1.00_a030,30,1.0,-5.133974596215562,5.0,True,True,True,8.139981453404344,0.32662884701858275,,0
P2_S3_P_seed1008,S3,P,"plant@(-6.000,4.500)",1,r0.80_a030,30,0.8,-5.307179676972449,4.9,True,True,True,8.01229575904147,0.294265656004427,,0
P2_S3_P_seed1008,S3,P,"plant@(-6.000,4.500)",1,r1.20_a060,60,1.2,-5.4,5.539230484541326,True,True,True,8.319400296132509,0.2981271780154202,,0
P2_S3_P_seed1008,S3,P,"plant@(-6.000,4.500)",1,r1.20_a240,240,1.2,-6.6000000000000005,3.460769515458674,True,True,False,,0.17286141100339592,path_infeasible_under_safety_checks,0
P2_S3_P_seed1008,S3,P,"plant@(-6.000,4.500)",1,r0.80_a210,210,0.8,-6.692820323027551,4.1,True,True,True,11.552453930606083,0.2926875829871278,,0
P2_S3_P_seed1008,S3,P,"plant@(-6.000,4.500)",1,r1.00_a210,210,1.0,-6.866025403784438,4.0,True,True,False,,0.18288517897599377,path_infeasible_under_safety_checks,0
P2_S3_P_seed1008,S3,P,"plant@(-6.000,4.500)",1,r0.80_a180,180,0.8,-6.8,4.5,True,True,True,11.102618502045415,0.2705756250070408,,0
P2_S3_P_seed1008,S3,P,"plant@(-6.000,4.500)",1,r1.00_a120,120,1.0,-6.5,5.366025403784438,True,True,False,,0.25925729700247757,path_infeasible_under_safety_checks,0
P2_S3_P_seed1008,S3,P,"plant@(-6.000,4.500)",1,r0.80_a150,150,0.8,-6.692820323027551,4.9,True,True,True,10.890294239830432,0.2782153500011191,,0
P2_S3_P_seed1008,S3,P,"plant@(-6.000,4.500)",1,r1.20_a210,210,1.2,-7.039230484541326,3.9,True,True,False,,0.18362061597872525,path_infeasible_under_safety_checks,0
P2_S3_P_seed1008,S3,P,"plant@(-6.000,4.500)",1,r1.20_a120,120,1.2,-6.6,5.539230484541326,True,True,True,10.062821719333614,0.2514535590016749,,0
P2_S3_P_seed1008,S3,P,"plant@(-6.000,4.500)",1,r1.00_a180,180,1.0,-7.0,4.5,True,True,True,11.126937983582863,0.28778774800593965,,0
P2_S3_P_seed1008,S3,P,"plant@(-6.000,4.500)",1,r1.00_a150,150,1.0,-6.866025403784438,5.0,True,True,True,10.7201005553924,0.27000631601549685,,0
P2_S3_P_seed1008,S3,P,"plant@(-6.000,4.500)",1,r1.20_a180,180,1.2,-7.2,4.5,True,True,True,11.157454019179196,0.2995987629983574,,0
P2_S3_P_seed1008,S3,P,"plant@(-6.000,4.500)",1,r1.20_a150,150,1.2,-7.039230484541326,5.1,True,True,True,10.547550618129515,0.271561917004874,,0
P2_S3_P_seed1008,S3,P,"plant@(-6.000,4.500)",1,r1.00_a300,300,1.0,-5.5,3.6339745962155616,False,True,False,,0.3451880830107257,path_infeasible_under_safety_checks,0
P2_S3_P_seed1008,S3,P,"plant@(-6.000,4.500)",1,r0.80_a300,300,0.8,-5.6,3.8071796769724493,False,True,False,,0.3161193989799358,path_infeasible_under_safety_checks,0
P2_S3_P_seed1008,S3,P,"plant@(-6.000,4.500)",1,r1.20_a270,270,1.2,-6.0,3.3,False,True,False,,0.2636393839784432,path_infeasible_under_safety_checks,0
P2_S3_P_seed1008,S3,P,"plant@(-6.000,4.500)",1,r1.00_a270,270,1.0,-6.0,3.5,False,True,False,,0.29282375299953856,path_infeasible_under_safety_checks,0
P2_S3_P_seed1008,S3,P,"plant@(-6.000,4.500)",1,r0.80_a270,270,0.8,-6.0,3.7,False,True,False,,0.333357090014033,path_infeasible_under_safety_checks,0
P2_S3_P_seed1008,S3,P,"plant@(-6.000,4.500)",1,r1.00_a060,60,1.0,-5.5,5.366025403784438,False,True,False,,0.30575221800245345,path_infeasible_under_safety_checks,0
P2_S3_P_seed1008,S3,P,"plant@(-6.000,4.500)",1,r0.80_a060,60,0.8,-5.6,5.192820323027551,False,True,False,,0.3040214689972345,path_infeasible_under_safety_checks,0
P2_S3_P_seed1008,S3,P,"plant@(-6.000,4.500)",1,r0.80_a240,240,0.8,-6.4,3.8071796769724493,False,True,False,,0.22178374597569928,path_infeasible_under_safety_checks,0
P2_S3_P_seed1008,S3,P,"plant@(-6.000,4.500)",1,r1.00_a240,240,1.0,-6.5,3.6339745962155616,False,True,False,,0.22811493198969401,path_infeasible_under_safety_checks,0
P2_S3_P_seed1008,S3,P,"plant@(12.000,2.000)",1,r1.20_a240,240,1.2,11.399999999999999,0.960769515458674,True,True,False,,0.21157027801382355,path_infeasible_under_safety_checks,0
P2_S3_P_seed1008,S3,P,"plant@(12.000,2.000)",1,r1.20_a090,90,1.2,12.0,3.2,True,True,False,,0.10149401699891314,path_infeasible_under_safety_checks,0
P2_S3_P_seed1008,S3,P,"plant@(12.000,2.000)",1,r0.80_a060,60,0.8,12.4,2.6928203230275507,True,True,False,,0.11391324998112395,path_infeasible_under_safety_checks,0
P2_S3_P_seed1008,S3,P,"plant@(12.000,2.000)",1,r1.00_a060,60,1.0,12.5,2.8660254037844384,True,True,False,,0.10487625800305977,path_infeasible_under_safety_checks,0
P2_S3_P_seed1008,S3,P,"plant@(12.000,2.000)",1,r1.20_a060,60,1.2,12.6,3.039230484541326,True,True,False,,0.10840620897943154,path_infeasible_under_safety_checks,0
P2_S3_P_seed1008,S3,P,"plant@(12.000,2.000)",1,r0.80_a030,30,0.8,12.69282032302755,2.4,True,True,False,,0.10714345198357478,path_infeasible_under_safety_checks,0
P2_S3_P_seed1008,S3,P,"plant@(12.000,2.000)",1,r0.80_a330,330,0.8,12.69282032302755,1.5999999999999996,True,True,False,,0.11571618900052272,path_infeasible_under_safety_checks,0
P2_S3_P_seed1008,S3,P,"plant@(12.000,2.000)",1,r0.80_a000,0,0.8,12.8,2.0,True,True,False,,0.11086431500734761,path_infeasible_under_safety_checks,0
P2_S3_P_seed1008,S3,P,"plant@(12.000,2.000)",1,r1.00_a030,30,1.0,12.86602540378444,2.5,True,True,False,,0.10769304799032398,path_infeasible_under_safety_checks,0
P2_S3_P_seed1008,S3,P,"plant@(12.000,2.000)",1,r1.00_a330,330,1.0,12.866025403784437,1.4999999999999996,True,True,False,,0.11131722599384375,path_infeasible_under_safety_checks,0
P2_S3_P_seed1008,S3,P,"plant@(12.000,2.000)",1,r1.20_a030,30,1.2,13.039230484541326,2.5999999999999996,True,True,False,,0.10263692200533114,path_infeasible_under_safety_checks,0
P2_S3_P_seed1008,S3,P,"plant@(12.000,2.000)",1,r1.00_a000,0,1.0,13.0,2.0,True,True,False,,0.11488450999604538,path_infeasible_under_safety_checks,0
P2_S3_P_seed1008,S3,P,"plant@(12.000,2.000)",1,r1.20_a330,330,1.2,13.039230484541326,1.3999999999999995,True,True,False,,0.11010772598092444,path_infeasible_under_safety_checks,0
P2_S3_P_seed1008,S3,P,"plant@(12.000,2.000)",1,r1.20_a000,0,1.2,13.2,2.0,True,True,False,,0.11137414199765772,path_infeasible_under_safety_checks,0
P2_S3_P_seed1008,S3,P,"plant@(12.000,2.000)",1,r1.20_a180,180,1.2,10.8,2.0,False,True,False,,0.22206656300113536,path_infeasible_under_safety_checks,0
P2_S3_P_seed1008,S3,P,"plant@(12.000,2.000)",1,r1.20_a150,150,1.2,10.960769515458674,2.5999999999999996,False,True,False,,0.11945193898282014,path_infeasible_under_safety_checks,0
P2_S3_P_seed1008,S3,P,"plant@(12.000,2.000)",1,r1.00_a180,180,1.0,11.0,2.0,False,True,False,,0.2358721750206314,path_infeasible_under_safety_checks,0
P2_S3_P_seed1008,S3,P,"plant@(12.000,2.000)",1,r1.00_a150,150,1.0,11.13397459621556,2.5,False,True,False,,0.2189304050116334,path_infeasible_under_safety_checks,0
P2_S3_P_seed1008,S3,P,"plant@(12.000,2.000)",1,r1.20_a210,210,1.2,10.960769515458674,1.4,False,True,False,,0.21466905798297375,path_infeasible_under_safety_checks,0
P2_S3_P_seed1008,S3,P,"plant@(12.000,2.000)",1,r0.80_a180,180,0.8,11.2,2.0,False,True,False,,0.22579693401348777,path_infeasible_under_safety_checks,0
P2_S3_P_seed1008,S3,P,"plant@(12.000,2.000)",1,r1.00_a210,210,1.0,11.13397459621556,1.5,False,True,False,,0.26700141400215216,path_infeasible_under_safety_checks,0
P2_S3_P_seed1008,S3,P,"plant@(12.000,2.000)",1,r0.80_a150,150,0.8,11.30717967697245,2.4,False,True,False,,0.242353973997524,path_infeasible_under_safety_checks,0
P2_S3_P_seed1008,S3,P,"plant@(12.000,2.000)",1,r1.20_a120,120,1.2,11.4,3.0392304845413265,False,True,False,,0.2867524570028763,path_infeasible_under_safety_checks,0
P2_S3_P_seed1008,S3,P,"plant@(12.000,2.000)",1,r0.80_a210,210,0.8,11.30717967697245,1.5999999999999999,False,True,False,,0.2247817190072965,path_infeasible_under_safety_checks,0
P2_S3_P_seed1008,S3,P,"plant@(12.000,2.000)",1,r1.00_a120,120,1.0,11.5,2.866025403784439,False,True,False,,0.3049794560065493,path_infeasible_under_safety_checks,0
P2_S3_P_seed1008,S3,P,"plant@(12.000,2.000)",1,r0.80_a120,120,0.8,11.6,2.692820323027551,False,True,False,,0.29177940101362765,path_infeasible_under_safety_checks,0
P2_S3_P_seed1008,S3,P,"plant@(12.000,2.000)",1,r1.00_a240,240,1.0,11.5,1.1339745962155616,False,True,False,,0.20820602000458166,path_infeasible_under_safety_checks,0
P2_S3_P_seed1008,S3,P,"plant@(12.000,2.000)",1,r0.80_a240,240,0.8,11.6,1.3071796769724493,False,True,False,,0.22564488201169297,path_infeasible_under_safety_checks,0
P2_S3_P_seed1008,S3,P,"plant@(12.000,2.000)",1,r1.00_a090,90,1.0,12.0,3.0,False,True,False,,0.2822539629996754,path_infeasible_under_safety_checks,0
P2_S3_P_seed1008,S3,P,"plant@(12.000,2.000)",1,r0.80_a090,90,0.8,12.0,2.8,False,True,False,,0.28635402498184703,path_infeasible_under_safety_checks,0
P2_S3_P_seed1008,S3,P,"plant@(12.000,2.000)",1,r0.80_a270,270,0.8,12.0,1.2,False,True,False,,0.22280745900934562,path_infeasible_under_safety_checks,0
P2_S3_P_seed1008,S3,P,"plant@(12.000,2.000)",1,r1.00_a270,270,1.0,12.0,1.0,False,True,False,,0.23771972599206492,path_infeasible_under_safety_checks,0
P2_S3_P_seed1008,S3,P,"plant@(12.000,2.000)",1,r1.20_a240,240,1.2,11.399999999999999,0.960769515458674,True,True,False,,0.2272105350275524,path_infeasible_under_safety_checks,0
P2_S3_P_seed1008,S3,P,"plant@(12.000,2.000)",1,r1.20_a090,90,1.2,12.0,3.2,True,True,True,21.19450794294404,0.2634282090002671,,1
P2_S3_P_seed1008,S3,P,"plant@(12.000,2.000)",1,r0.80_a060,60,0.8,12.4,2.6928203230275507,True,True,True,21.71613789955855,0.2993493969843257,,0
P2_S3_P_seed1008,S3,P,"plant@(12.000,2.000)",1,r1.00_a060,60,1.0,12.5,2.8660254037844384,True,True,True,21.573976941450997,0.263874174997909,,0
P2_S3_P_seed1008,S3,P,"plant@(12.000,2.000)",1,r1.20_a060,60,1.2,12.6,3.039230484541326,True,True,True,21.389967839788405,0.2727015719865449,,0
P2_S3_P_seed1008,S3,P,"plant@(12.000,2.000)",1,r0.80_a030,30,0.8,12.69282032302755,2.4,True,True,True,22.102664402136668,0.2775828939920757,,0
P2_S3_P_seed1008,S3,P,"plant@(12.000,2.000)",1,r0.80_a330,330,0.8,12.69282032302755,1.5999999999999996,True,True,True,22.944223227495808,0.2890811529941857,,0
P2_S3_P_seed1008,S3,P,"plant@(12.000,2.000)",1,r0.80_a000,0,0.8,12.8,2.0,True,True,True,22.46918590982364,0.27458798201405443,,0
P2_S3_P_seed1008,S3,P,"plant@(12.000,2.000)",1,r1.00_a030,30,1.0,12.86602540378444,2.5,True,True,True,21.9907524843788,0.2790054480137769,,0
P2_S3_P_seed1008,S3,P,"plant@(12.000,2.000)",1,r1.00_a330,330,1.0,12.866025403784437,1.4999999999999996,True,True,True,22.961101357269676,0.2950973580009304,,0
P2_S3_P_seed1008,S3,P,"plant@(12.000,2.000)",1,r1.20_a030,30,1.2,13.039230484541326,2.5999999999999996,True,True,True,21.96289202822069,0.2780792049888987,,0
P2_S3_P_seed1008,S3,P,"plant@(12.000,2.000)",1,r1.00_a000,0,1.0,13.0,2.0,True,True,True,22.55924345952462,0.28647364099742845,,0
P2_S3_P_seed1008,S3,P,"plant@(12.000,2.000)",1,r1.20_a330,330,1.2,13.039230484541326,1.3999999999999995,True,True,True,23.087564306911215,0.286761605006177,,0
P2_S3_P_seed1008,S3,P,"plant@(12.000,2.000)",1,r1.20_a000,0,1.2,13.2,2.0,True,True,True,22.575523463465224,0.2923608490091283,,0
P2_S3_P_seed1008,S3,P,"plant@(12.000,2.000)",1,r1.20_a180,180,1.2,10.8,2.0,False,True,False,,0.2165658609883394,path_infeasible_under_safety_checks,0
P2_S3_P_seed1008,S3,P,"plant@(12.000,2.000)",1,r1.20_a150,150,1.2,10.960769515458674,2.5999999999999996,False,True,False,,0.28887274899170734,path_infeasible_under_safety_checks,0
P2_S3_P_seed1008,S3,P,"plant@(12.000,2.000)",1,r1.00_a180,180,1.0,11.0,2.0,False,True,False,,0.2319569569954183,path_infeasible_under_safety_checks,0
P2_S3_P_seed1008,S3,P,"plant@(12.000,2.000)",1,r1.00_a150,150,1.0,11.13397459621556,2.5,False,True,False,,0.31997750099981204,path_infeasible_under_safety_checks,0
P2_S3_P_seed1008,S3,P,"plant@(12.000,2.000)",1,r1.20_a210,210,1.2,10.960769515458674,1.4,False,True,False,,0.27675116900354624,path_infeasible_under_safety_checks,0
P2_S3_P_seed1008,S3,P,"plant@(12.000,2.000)",1,r0.80_a180,180,0.8,11.2,2.0,False,True,False,,0.2862556689942721,path_infeasible_under_safety_checks,0
P2_S3_P_seed1008,S3,P,"plant@(12.000,2.000)",1,r1.00_a210,210,1.0,11.13397459621556,1.5,False,True,False,,0.29223867200198583,path_infeasible_under_safety_checks,0
P2_S3_P_seed1008,S3,P,"plant@(12.000,2.000)",1,r0.80_a150,150,0.8,11.30717967697245,2.4,False,True,False,,0.28525129600893706,path_infeasible_under_safety_checks,0
P2_S3_P_seed1008,S3,P,"plant@(12.000,2.000)",1,r1.20_a120,120,1.2,11.4,3.0392304845413265,False,True,False,,0.27606155100511387,path_infeasible_under_safety_checks,0
P2_S3_P_seed1008,S3,P,"plant@(12.000,2.000)",1,r0.80_a210,210,0.8,11.30717967697245,1.5999999999999999,False,True,False,,0.3095958750054706,path_infeasible_under_safety_checks,0
P2_S3_P_seed1008,S3,P,"plant@(12.000,2.000)",1,r1.00_a120,120,1.0,11.5,2.866025403784439,False,True,False,,0.3116561710194219,path_infeasible_under_safety_checks,0
P2_S3_P_seed1008,S3,P,"plant@(12.000,2.000)",1,r0.80_a120,120,0.8,11.6,2.692820323027551,False,True,False,,0.3035397950152401,path_infeasible_under_safety_checks,0
P2_S3_P_seed1008,S3,P,"plant@(12.000,2.000)",1,r1.00_a240,240,1.0,11.5,1.1339745962155616,False,True,False,,0.2834801730059553,path_infeasible_under_safety_checks,0
P2_S3_P_seed1008,S3,P,"plant@(12.000,2.000)",1,r0.80_a240,240,0.8,11.6,1.3071796769724493,False,True,False,,0.2957302389841061,path_infeasible_under_safety_checks,0
P2_S3_P_seed1008,S3,P,"plant@(12.000,2.000)",1,r1.00_a090,90,1.0,12.0,3.0,False,True,False,,0.2810365069890395,path_infeasible_under_safety_checks,0
P2_S3_P_seed1008,S3,P,"plant@(12.000,2.000)",1,r0.80_a090,90,0.8,12.0,2.8,False,True,False,,0.286067284992896,path_infeasible_under_safety_checks,0
P2_S3_P_seed1008,S3,P,"plant@(12.000,2.000)",1,r0.80_a270,270,0.8,12.0,1.2,False,True,False,,0.3271201239840593,path_infeasible_under_safety_checks,0
P2_S3_P_seed1008,S3,P,"plant@(12.000,2.000)",1,r1.00_a270,270,1.0,12.0,1.0,False,True,False,,0.3177795880183112,path_infeasible_under_safety_checks,0
P2_S3_P_seed1009,S3,P,"plant@(2.000,3.000)",1,r1.20_a240,240,1.2,1.3999999999999995,1.960769515458674,True,True,True,2.4021980321074725,0.15732408600160852,,1
P2_S3_P_seed1009,S3,P,"plant@(2.000,3.000)",1,r1.20_a210,210,1.2,0.9607695154586737,2.4,True,True,True,2.5982584977119902,0.19278762899921276,,0
P2_S3_P_seed1009,S3,P,"plant@(2.000,3.000)",1,r1.00_a240,240,1.0,1.4999999999999996,2.1339745962155616,True,True,True,2.602031634036085,0.1691438390116673,,0
P2_S3_P_seed1009,S3,P,"plant@(2.000,3.000)",1,r1.20_a270,270,1.2,1.9999999999999998,1.8,True,True,True,2.6786582306225384,0.17029643300338648,,0
P2_S3_P_seed1009,S3,P,"plant@(2.000,3.000)",1,r1.00_a210,210,1.0,1.1339745962155614,2.5,True,True,True,2.74531223429477,0.17931928200414404,,0
P2_S3_P_seed1009,S3,P,"plant@(2.000,3.000)",1,r0.80_a240,240,0.8,1.5999999999999996,2.3071796769724493,True,True,True,2.803764317979718,0.18258609401527792,,0
P2_S3_P_seed1009,S3,P,"plant@(2.000,3.000)",1,r1.00_a270,270,1.0,1.9999999999999998,2.0,True,True,True,2.816025931651265,0.18002927300403826,,0
P2_S3_P_seed1009,S3,P,"plant@(2.000,3.000)",1,r0.80_a210,210,0.8,1.307179676972449,2.5999999999999996,True,True,True,2.9198346466490075,0.19068443099968135,,0
P2_S3_P_seed1009,S3,P,"plant@(2.000,3.000)",1,r0.80_a270,270,0.8,1.9999999999999998,2.2,True,True,True,2.96247563771313,0.1999415530008264,,0
P2_S3_P_seed1009,S3,P,"plant@(2.000,3.000)",1,r1.20_a180,180,1.2,0.8,3.0,True,True,True,3.1847430226150277,0.20247824699617922,,0
P2_S3_P_seed1009,S3,P,"plant@(2.000,3.000)",1,r1.00_a180,180,1.0,1.0,3.0,True,True,True,3.169875174869212,0.19582940198597498,,0
P2_S3_P_seed1009,S3,P,"plant@(2.000,3.000)",1,r0.80_a180,180,0.8,1.2,3.0,True,True,True,3.2416304739555724,0.2113198589941021,,0
P2_S3_P_seed1009,S3,P,"plant@(2.000,3.000)",1,r1.20_a300,300,1.2,2.6,1.9607695154586737,True,True,True,3.2493641108315225,0.20621480702538975,,0
P2_S3_P_seed1009,S3,P,"plant@(2.000,3.000)",1,r1.00_a300,300,1.0,2.5,2.1339745962155616,True,True,True,3.2803082874835803,0.20725653701811098,,0
P2_S3_P_seed1009,S3,P,"plant@(2.000,3.000)",1,r0.80_a300,300,0.8,2.4000000000000004,2.3071796769724493,True,True,True,3.3238474265494395,0.2163139949843753,,0
P2_S3_P_seed1009,S3,P,"plant@(2.000,3.000)",1,r0.80_a150,150,0.8,1.3071796769724489,3.4,True,True,True,3.697423411089156,0.27844354198896326,,0
P2_S3_P_seed1009,S3,P,"plant@(2.000,3.000)",1,r1.00_a150,150,1.0,1.1339745962155612,3.5,True,True,True,3.688042177210573,0.24405222298810259,,0
P2_S3_P_seed1009,S3,P,"plant@(2.000,3.000)",1,r1.20_a150,150,1.2,0.9607695154586735,3.5999999999999996,True,True,True,3.7664397493190878,0.23989459799486212,,0
P2_S3_P_seed1009,S3,P,"plant@(2.000,3.000)",1,r0.80_a330,330,0.8,2.6928203230275507,2.5999999999999996,True,True,True,3.7670170039224296,0.23847684598877095,,0
P2_S3_P_seed1009,S3,P,"plant@(2.000,3.000)",1,r1.00_a330,330,1.0,2.8660254037844384,2.4999999999999996,True,True,True,3.8177101866375125,0.24733275201288052,,0
P2_S3_P_seed1009,S3,P,"plant@(2.000,3.000)",1,r1.20_a330,330,1.2,3.039230484541326,2.3999999999999995,True,True,True,3.862814351084195,0.25323044101241976,,0
P2_S3_P_seed1009,S3,P,"plant@(2.000,3.000)",1,r0.80_a000,0,0.8,2.8,3.0,True,True,True,4.198710423429075,0.25576323698624037,,0
P2_S3_P_seed1009,S3,P,"plant@(2.000,3.000)",1,r1.00_a120,120,1.0,1.5000000000000002,3.866025403784439,True,True,True,4.349087003878647,0.2827227169764228,,0
P2_S3_P_seed1009,S3,P,"plant@(2.000,3.000)",1,r1.00_a000,0,1.0,3.0,3.0,True,True,True,4.262439227569819,0.2641599419876002,,0
P2_S3_P_seed1009,S3,P,"plant@(2.000,3.000)",1,r1.20_a120,120,1.2,1.4000000000000004,4.039230484541326,True,True,True,4.307100999716338,0.2719961029943079,,0
P2_S3_P_seed1009,S3,P,"plant@(2.000,3.000)",1,r0.80_a030,30,0.8,2.692820323027551,3.4,True,True,True,4.6843439254528665,0.3007453070022166,,0
P2_S3_P_seed1009,S3,P,"plant@(2.000,3.000)",1,r1.20_a000,0,1.2,3.2,3.0,True,True,True,4.391661197065614,0.2776496399892494,,0
P2_S3_P_seed1009,S3,P,"plant@(2.000,3.000)",1,r1.00_a090,90,1.0,2.0,4.0,True,True,True,4.93275588851247,0.3215875649766531,,0
P2_S3_P_seed1009,S3,P,"plant@(2.000,3.000)",1,r1.00_a030,30,1.0,2.866025403784439,3.5,True,True,True,4.733839035284139,0.30291138400207274,,0
P2_S3_P_seed1009,S3,P,"plant@(2.000,3.000)",1,r1.00_a060,60,1.0,2.5,3.8660254037844384,True,True,True,5.290531886297779,0.35195106800529175,,0
P2_S3_P_seed1009,S3,P,"plant@(2.000,3.000)",1,r1.20_a090,90,1.2,2.0,4.2,True,True,True,4.937109901060667,0.32617584700346924,,0
P2_S3_P_seed1009,S3,P,"plant@(2.000,3.000)",1,r1.20_a030,30,1.2,3.0392304845413265,3.5999999999999996,True,True,True,4.865006267629385,0.3084219800075516,,0
P2_S3_P_seed1009,S3,P,"plant@(-6.000,4.500)",1,r1.20_a330,330,1.2,-4.960769515458674,3.8999999999999995,True,True,True,7.7786912897878375,0.2763464890012983,,0
P2_S3_P_seed1009,S3,P,"plant@(-6.000,4.500)",1,r1.20_a000,0,1.2,-4.8,4.5,True,True,True,7.499035933053501,0.273933794000186,,1
P2_S3_P_seed1009,S3,P,"plant@(-6.000,4.500)",1,r1.00_a330,330,1.0,-5.133974596215562,3.9999999999999996,True,True,True,7.967371928005717,0.27724180099903606,,0
P2_S3_P_seed1009,S3,P,"plant@(-6.000,4.500)",1,r1.00_a000,0,1.0,-5.0,4.5,True,True,True,7.741200009825955,0.2604131639818661,,0
P2_S3_P_seed1009,S3,P,"plant@(-6.000,4.500)",1,r1.20_a300,300,1.2,-5.4,3.460769515458674,True,True,False,,0.25604834500700235,path_infeasible_under_safety_checks,0
P2_S3_P_seed1009,S3,P,"plant@(-6.000,4.500)",1,r0.80_a330,330,0.8,-5.307179676972449,4.1,True,True,True,8.02283584172472,0.28875946102198213,,0
P2_S3_P_seed1009,S3,P,"plant@(-6.000,4.500)",1,r0.80_a000,0,0.8,-5.2,4.5,True,True,True,7.861927088163996,0.2836025640135631,,0
P2_S3_P_seed1009,S3,P,"plant@(-6.000,4.500)",1,r1.20_a030,30,1.2,-4.960769515458674,5.1,True,True,True,7.759571422100919,0.27349834598135203,,0
P2_S3_P_seed1009,S3,P,"plant@(-6.000,4.500)",1,r1.00_a030,30,1.0,-5.133974596215562,5.0,True,True,True,8.139981453404344,0.2621550430194475,,0
P2_S3_P_seed1009,S3,P,"plant@(-6.000,4.500)",1,r0.80_a030,30,0.8,-5.307179676972449,4.9,True,True,True,8.01229575904147,0.30097245299839415,,0
P2_S3_P_seed1009,S3,P,"plant@(-6.000,4.500)",1,r1.20_a060,60,1.2,-5.4,5.539230484541326,True,True,True,8.319400296132509,0.31299741900875233,,0
P2_S3_P_seed1009,S3,P,"plant@(-6.000,4.500)",1,r1.20_a240,240,1.2,-6.6000000000000005,3.460769515458674,True,True,False,,0.17448417999548838,path_infeasible_under_safety_checks,0
P2_S3_P_seed1009,S3,P,"plant@(-6.000,4.500)",1,r0.80_a210,210,0.8,-6.692820323027551,4.1,True,True,True,11.552453930606083,0.2870361969980877,,0
P2_S3_P_seed1009,S3,P,"plant@(-6.000,4.500)",1,r1.00_a210,210,1.0,-6.866025403784438,4.0,True,True,False,,0.18060871699708514,path_infeasible_under_safety_checks,0
P2_S3_P_seed1009,S3,P,"plant@(-6.000,4.500)",1,r0.80_a180,180,0.8,-6.8,4.5,True,True,True,11.102618502045415,0.27498625800944865,,0
P2_S3_P_seed1009,S3,P,"plant@(-6.000,4.500)",1,r1.00_a120,120,1.0,-6.5,5.366025403784438,True,True,False,,0.24638194401632063,path_infeasible_under_safety_checks,0
P2_S3_P_seed1009,S3,P,"plant@(-6.000,4.500)",1,r0.80_a150,150,0.8,-6.692820323027551,4.9,True,True,True,10.890294239830432,0.27226285499637015,,0
P2_S3_P_seed1009,S3,P,"plant@(-6.000,4.500)",1,r1.20_a210,210,1.2,-7.039230484541326,3.9,True,True,False,,0.1791083139833063,path_infeasible_under_safety_checks,0
P2_S3_P_seed1009,S3,P,"plant@(-6.000,4.500)",1,r1.20_a120,120,1.2,-6.6,5.539230484541326,True,True,True,10.062821719333614,0.2411292149918154,,0
P2_S3_P_seed1009,S3,P,"plant@(-6.000,4.500)",1,r1.00_a180,180,1.0,-7.0,4.5,True,True,True,11.126937983582863,0.2772466719907243,,0
P2_S3_P_seed1009,S3,P,"plant@(-6.000,4.500)",1,r1.00_a150,150,1.0,-6.866025403784438,5.0,True,True,True,10.7201005553924,0.2694587479927577,,0
P2_S3_P_seed1009,S3,P,"plant@(-6.000,4.500)",1,r1.20_a180,180,1.2,-7.2,4.5,True,True,True,11.157454019179196,0.28027345100417733,,0
P2_S3_P_seed1009,S3,P,"plant@(-6.000,4.500)",1,r1.20_a150,150,1.2,-7.039230484541326,5.1,True,True,True,10.547550618129515,0.2505223810148891,,0
P2_S3_P_seed1009,S3,P,"plant@(-6.000,4.500)",1,r1.00_a300,300,1.0,-5.5,3.6339745962155616,False,True,False,,0.27051046799169853,path_infeasible_under_safety_checks,0
P2_S3_P_seed1009,S3,P,"plant@(-6.000,4.500)",1,r0.80_a300,300,0.8,-5.6,3.8071796769724493,False,True,False,,0.29254854601458646,path_infeasible_under_safety_checks,0
P2_S3_P_seed1009,S3,P,"plant@(-6.000,4.500)",1,r1.20_a270,270,1.2,-6.0,3.3,False,True,False,,0.2768074780178722,path_infeasible_under_safety_checks,0
P2_S3_P_seed1009,S3,P,"plant@(-6.000,4.500)",1,r1.00_a270,270,1.0,-6.0,3.5,False,True,False,,0.2990895199764054,path_infeasible_under_safety_checks,0
P2_S3_P_seed1009,S3,P,"plant@(-6.000,4.500)",1,r0.80_a270,270,0.8,-6.0,3.7,False,True,False,,0.3169746719941031,path_infeasible_under_safety_checks,0
P2_S3_P_seed1009,S3,P,"plant@(-6.000,4.500)",1,r1.00_a060,60,1.0,-5.5,5.366025403784438,False,True,False,,0.30007138699875213,path_infeasible_under_safety_checks,0
P2_S3_P_seed1009,S3,P,"plant@(-6.000,4.500)",1,r0.80_a060,60,0.8,-5.6,5.192820323027551,False,True,False,,0.2842878850060515,path_infeasible_under_safety_checks,0
P2_S3_P_seed1009,S3,P,"plant@(-6.000,4.500)",1,r0.80_a240,240,0.8,-6.4,3.8071796769724493,False,True,False,,0.21021321701118723,path_infeasible_under_safety_checks,0
P2_S3_P_seed1009,S3,P,"plant@(-6.000,4.500)",1,r1.00_a240,240,1.0,-6.5,3.6339745962155616,False,True,False,,0.2059367040055804,path_infeasible_under_safety_checks,0
P2_S3_P_seed1009,S3,P,"plant@(12.000,2.000)",1,r1.20_a240,240,1.2,11.399999999999999,0.960769515458674,True,True,False,,0.22603835200425237,path_infeasible_under_safety_checks,0
P2_S3_P_seed1009,S3,P,"plant@(12.000,2.000)",1,r1.20_a090,90,1.2,12.0,3.2,True,True,False,,0.10148581498651765,path_infeasible_under_safety_checks,0
P2_S3_P_seed1009,S3,P,"plant@(12.000,2.000)",1,r0.80_a060,60,0.8,12.4,2.6928203230275507,True,True,False,,0.10952816699864343,path_infeasible_under_safety_checks,0
P2_S3_P_seed1009,S3,P,"plant@(12.000,2.000)",1,r1.00_a060,60,1.0,12.5,2.8660254037844384,True,True,False,,0.09809237901936285,path_infeasible_under_safety_checks,0
P2_S3_P_seed1009,S3,P,"plant@(12.000,2.000)",1,r1.20_a060,60,1.2,12.6,3.039230484541326,True,True,False,,0.10012671700678766,path_infeasible_under_safety_checks,0
P2_S3_P_seed1009,S3,P,"plant@(12.000,2.000)",1,r0.80_a030,30,0.8,12.69282032302755,2.4,True,True,False,,0.10185123700648546,path_infeasible_under_safety_checks,0
P2_S3_P_seed1009,S3,P,"plant@(12.000,2.000)",1,r0.80_a330,330,0.8,12.69282032302755,1.5999999999999996,True,True,False,,0.10247649098164402,path_infeasible_under_safety_checks,0
P2_S3_P_seed1009,S3,P,"plant@(12.000,2.000)",1,r1.00_a030,30,1.0,12.86602540378444,2.5,True,True,False,,0.10260874099913053,path_infeasible_under_safety_checks,0
P2_S3_P_seed1009,S3,P,"plant@(12.000,2.000)",1,r0.80_a000,0,0.8,12.8,2.0,True,True,False,,0.10517652000999078,path_infeasible_under_safety_checks,0
P2_S3_P_seed1009,S3,P,"plant@(12.000,2.000)",1,r1.00_a330,330,1.0,12.866025403784437,1.4999999999999996,True,True,False,,0.09958490601275116,path_infeasible_under_safety_checks,0
P2_S3_P_seed1009,S3,P,"plant@(12.000,2.000)",1,r1.20_a030,30,1.2,13.039230484541326,2.5999999999999996,True,True,False,,0.10554033902008086,path_infeasible_under_safety_checks,0
P2_S3_P_seed1009,S3,P,"plant@(12.000,2.000)",1,r1.00_a000,0,1.0,13.0,2.0,True,True,False,,0.09608883000328206,path_infeasible_under_safety_checks,0
P2_S3_P_seed1009,S3,P,"plant@(12.000,2.000)",1,r1.20_a330,330,1.2,13.039230484541326,1.3999999999999995,True,True,False,,0.10461641199071892,path_infeasible_under_safety_checks,0
P2_S3_P_seed1009,S3,P,"plant@(12.000,2.000)",1,r1.20_a000,0,1.2,13.2,2.0,True,True,False,,0.10330804699333385,path_infeasible_under_safety_checks,0
P2_S3_P_seed1009,S3,P,"plant@(12.000,2.000)",1,r1.20_a180,180,1.2,10.8,2.0,False,True,False,,0.21273594899685122,path_infeasible_under_safety_checks,0
P2_S3_P_seed1009,S3,P,"plant@(12.000,2.000)",1,r1.20_a150,150,1.2,10.960769515458674,2.5999999999999996,False,True,False,,0.1067447809909936,path_infeasible_under_safety_checks,0
P2_S3_P_seed1009,S3,P,"plant@(12.000,2.000)",1,r1.00_a180,180,1.0,11.0,2.0,False,True,False,,0.2269180460134521,path_infeasible_under_safety_checks,0
P2_S3_P_seed1009,S3,P,"plant@(12.000,2.000)",1,r1.00_a150,150,1.0,11.13397459621556,2.5,False,True,False,,0.20995208600652404,path_infeasible_under_safety_checks,0
P2_S3_P_seed1009,S3,P,"plant@(12.000,2.000)",1,r1.20_a210,210,1.2,10.960769515458674,1.4,False,True,False,,0.24028466999880038,path_infeasible_under_safety_checks,0
P2_S3_P_seed1009,S3,P,"plant@(12.000,2.000)",1,r0.80_a180,180,0.8,11.2,2.0,False,True,False,,0.22952271602116525,path_infeasible_under_safety_checks,0
P2_S3_P_seed1009,S3,P,"plant@(12.000,2.000)",1,r1.00_a210,210,1.0,11.13397459621556,1.5,False,True,False,,0.22629441498429514,path_infeasible_under_safety_checks,0
P2_S3_P_seed1009,S3,P,"plant@(12.000,2.000)",1,r0.80_a150,150,0.8,11.30717967697245,2.4,False,True,False,,0.20855795199167915,path_infeasible_under_safety_checks,0
P2_S3_P_seed1009,S3,P,"plant@(12.000,2.000)",1,r1.20_a120,120,1.2,11.4,3.0392304845413265,False,True,False,,0.13172667098115198,path_infeasible_under_safety_checks,0
P2_S3_P_seed1009,S3,P,"plant@(12.000,2.000)",1,r0.80_a210,210,0.8,11.30717967697245,1.5999999999999999,False,True,False,,0.2214657920121681,path_infeasible_under_safety_checks,0
P2_S3_P_seed1009,S3,P,"plant@(12.000,2.000)",1,r1.00_a120,120,1.0,11.5,2.866025403784439,False,True,False,,0.12996133099659346,path_infeasible_under_safety_checks,0
P2_S3_P_seed1009,S3,P,"plant@(12.000,2.000)",1,r0.80_a120,120,0.8,11.6,2.692820323027551,False,True,False,,0.12924482201924548,path_infeasible_under_safety_checks,0
P2_S3_P_seed1009,S3,P,"plant@(12.000,2.000)",1,r1.00_a240,240,1.0,11.5,1.1339745962155616,False,True,False,,0.20869221299653873,path_infeasible_under_safety_checks,0
P2_S3_P_seed1009,S3,P,"plant@(12.000,2.000)",1,r0.80_a240,240,0.8,11.6,1.3071796769724493,False,True,False,,0.22814572701463476,path_infeasible_under_safety_checks,0
P2_S3_P_seed1009,S3,P,"plant@(12.000,2.000)",1,r1.00_a090,90,1.0,12.0,3.0,False,True,False,,0.11730703798821196,path_infeasible_under_safety_checks,0
P2_S3_P_seed1009,S3,P,"plant@(12.000,2.000)",1,r0.80_a090,90,0.8,12.0,2.8,False,True,False,,0.11561547499150038,path_infeasible_under_safety_checks,0
P2_S3_P_seed1009,S3,P,"plant@(12.000,2.000)",1,r0.80_a270,270,0.8,12.0,1.2,False,True,False,,0.22608803000184707,path_infeasible_under_safety_checks,0
P2_S3_P_seed1009,S3,P,"plant@(12.000,2.000)",1,r1.00_a270,270,1.0,12.0,1.0,False,True,False,,0.2213281769945752,path_infeasible_under_safety_checks,0
P2_S3_P_seed1009,S3,P,"plant@(12.000,2.000)",1,r1.20_a240,240,1.2,11.399999999999999,0.960769515458674,True,True,False,,0.19876359499176033,path_infeasible_under_safety_checks,0
P2_S3_P_seed1009,S3,P,"plant@(12.000,2.000)",1,r1.20_a090,90,1.2,12.0,3.2,True,True,False,,0.11770596299902536,path_infeasible_under_safety_checks,0
P2_S3_P_seed1009,S3,P,"plant@(12.000,2.000)",1,r0.80_a060,60,0.8,12.4,2.6928203230275507,True,True,False,,0.11218343800283037,path_infeasible_under_safety_checks,0
P2_S3_P_seed1009,S3,P,"plant@(12.000,2.000)",1,r1.00_a060,60,1.0,12.5,2.8660254037844384,True,True,False,,0.11492332801572047,path_infeasible_under_safety_checks,0
P2_S3_P_seed1009,S3,P,"plant@(12.000,2.000)",1,r1.20_a060,60,1.2,12.6,3.039230484541326,True,True,False,,0.10726821501157247,path_infeasible_under_safety_checks,0
P2_S3_P_seed1009,S3,P,"plant@(12.000,2.000)",1,r0.80_a030,30,0.8,12.69282032302755,2.4,True,True,False,,0.11120084099820815,path_infeasible_under_safety_checks,0
P2_S3_P_seed1009,S3,P,"plant@(12.000,2.000)",1,r0.80_a330,330,0.8,12.69282032302755,1.5999999999999996,True,True,False,,0.16038613600539975,path_infeasible_under_safety_checks,0
P2_S3_P_seed1009,S3,P,"plant@(12.000,2.000)",1,r1.00_a030,30,1.0,12.86602540378444,2.5,True,True,True,22.043497157394494,0.3255329900130164,,0
P2_S3_P_seed1009,S3,P,"plant@(12.000,2.000)",1,r0.80_a000,0,0.8,12.8,2.0,True,True,True,22.524517994848352,0.2768986209994182,,0
P2_S3_P_seed1009,S3,P,"plant@(12.000,2.000)",1,r1.00_a330,330,1.0,12.866025403784437,1.4999999999999996,True,True,True,23.081733228570688,0.27880787500180304,,0
P2_S3_P_seed1009,S3,P,"plant@(12.000,2.000)",1,r1.20_a030,30,1.2,13.039230484541326,2.5999999999999996,True,True,True,22.010889423647466,0.27833593101240695,,1
P2_S3_P_seed1009,S3,P,"plant@(12.000,2.000)",1,r1.00_a000,0,1.0,13.0,2.0,True,True,True,22.53894399098128,0.2967609259940218,,0
P2_S3_P_seed1009,S3,P,"plant@(12.000,2.000)",1,r1.20_a330,330,1.2,13.039230484541326,1.3999999999999995,True,True,True,23.164670396458945,0.29589412501081824,,0
P2_S3_P_seed1009,S3,P,"plant@(12.000,2.000)",1,r1.20_a000,0,1.2,13.2,2.0,True,True,True,22.62547582870854,0.280300880986033,,0
P2_S3_P_seed1009,S3,P,"plant@(12.000,2.000)",1,r1.20_a180,180,1.2,10.8,2.0,False,True,False,,0.21980791800888255,path_infeasible_under_safety_checks,0
P2_S3_P_seed1009,S3,P,"plant@(12.000,2.000)",1,r1.20_a150,150,1.2,10.960769515458674,2.5999999999999996,False,True,False,,0.2841663389990572,path_infeasible_under_safety_checks,0
P2_S3_P_seed1009,S3,P,"plant@(12.000,2.000)",1,r1.00_a180,180,1.0,11.0,2.0,False,True,False,,0.22354631897178479,path_infeasible_under_safety_checks,0
P2_S3_P_seed1009,S3,P,"plant@(12.000,2.000)",1,r1.00_a150,150,1.0,11.13397459621556,2.5,False,True,False,,0.22566954701323994,path_infeasible_under_safety_checks,0
P2_S3_P_seed1009,S3,P,"plant@(12.000,2.000)",1,r1.20_a210,210,1.2,10.960769515458674,1.4,False,True,False,,0.21245454699965194,path_infeasible_under_safety_checks,0
P2_S3_P_seed1009,S3,P,"plant@(12.000,2.000)",1,r0.80_a180,180,0.8,11.2,2.0,False,True,False,,0.2118243740114849,path_infeasible_under_safety_checks,0
P2_S3_P_seed1009,S3,P,"plant@(12.000,2.000)",1,r1.00_a210,210,1.0,11.13397459621556,1.5,False,True,False,,0.23962936300085858,path_infeasible_under_safety_checks,0
P2_S3_P_seed1009,S3,P,"plant@(12.000,2.000)",1,r0.80_a150,150,0.8,11.30717967697245,2.4,False,True,False,,0.22799456701613963,path_infeasible_under_safety_checks,0
P2_S3_P_seed1009,S3,P,"plant@(12.000,2.000)",1,r1.20_a120,120,1.2,11.4,3.0392304845413265,False,True,False,,0.33840176698868163,path_infeasible_under_safety_checks,0
P2_S3_P_seed1009,S3,P,"plant@(12.000,2.000)",1,r0.80_a210,210,0.8,11.30717967697245,1.5999999999999999,False,True,False,,0.30002676401636563,path_infeasible_under_safety_checks,0
P2_S3_P_seed1009,S3,P,"plant@(12.000,2.000)",1,r1.00_a120,120,1.0,11.5,2.866025403784439,False,True,False,,0.30761057100608014,path_infeasible_under_safety_checks,0
P2_S3_P_seed1009,S3,P,"plant@(12.000,2.000)",1,r0.80_a120,120,0.8,11.6,2.692820323027551,False,True,False,,0.30026233100215904,path_infeasible_under_safety_checks,0
P2_S3_P_seed1009,S3,P,"plant@(12.000,2.000)",1,r1.00_a240,240,1.0,11.5,1.1339745962155616,False,True,False,,0.2191448509984184,path_infeasible_under_safety_checks,0
P2_S3_P_seed1009,S3,P,"plant@(12.000,2.000)",1,r0.80_a240,240,0.8,11.6,1.3071796769724493,False,True,False,,0.30775546599761583,path_infeasible_under_safety_checks,0
P2_S3_P_seed1009,S3,P,"plant@(12.000,2.000)",1,r1.00_a090,90,1.0,12.0,3.0,False,True,False,,0.27954776998376474,path_infeasible_under_safety_checks,0
P2_S3_P_seed1009,S3,P,"plant@(12.000,2.000)",1,r0.80_a090,90,0.8,12.0,2.8,False,True,False,,0.2731682929734234,path_infeasible_under_safety_checks,0
P2_S3_P_seed1009,S3,P,"plant@(12.000,2.000)",1,r0.80_a270,270,0.8,12.0,1.2,False,True,False,,0.294901059998665,path_infeasible_under_safety_checks,0
P2_S3_P_seed1009,S3,P,"plant@(12.000,2.000)",1,r1.00_a270,270,1.0,12.0,1.0,False,True,False,,0.28787179599748924,path_infeasible_under_safety_checks,0
P2_S3_P_seed1010,S3,P,"plant@(2.000,3.000)",1,r1.20_a240,240,1.2,1.3999999999999995,1.960769515458674,True,True,True,2.4021980321074725,0.16159314301330596,,1
P2_S3_P_seed1010,S3,P,"plant@(2.000,3.000)",1,r1.20_a210,210,1.2,0.9607695154586737,2.4,True,True,True,2.5982584977119902,0.18785177799873054,,0
P2_S3_P_seed1010,S3,P,"plant@(2.000,3.000)",1,r1.00_a240,240,1.0,1.4999999999999996,2.1339745962155616,True,True,True,2.602031634036085,0.16457940699183382,,0
P2_S3_P_seed1010,S3,P,"plant@(2.000,3.000)",1,r1.20_a270,270,1.2,1.9999999999999998,1.8,True,True,True,2.6786582306225384,0.17416981401038356,,0
P2_S3_P_seed1010,S3,P,"plant@(2.000,3.000)",1,r1.00_a210,210,1.0,1.1339745962155614,2.5,True,True,True,2.74531223429477,0.18312536997837014,,0
P2_S3_P_seed1010,S3,P,"plant@(2.000,3.000)",1,r0.80_a240,240,0.8,1.5999999999999996,2.3071796769724493,True,True,True,2.803764317979718,0.17168220900930464,,0
P2_S3_P_seed1010,S3,P,"plant@(2.000,3.000)",1,r1.00_a270,270,1.0,1.9999999999999998,2.0,True,True,True,2.816025931651265,0.1929869200102985,,0
P2_S3_P_seed1010,S3,P,"plant@(2.000,3.000)",1,r0.80_a210,210,0.8,1.307179676972449,2.5999999999999996,True,True,True,2.9198346466490075,0.19465416099410504,,0
P2_S3_P_seed1010,S3,P,"plant@(2.000,3.000)",1,r0.80_a270,270,0.8,1.9999999999999998,2.2,True,True,True,2.96247563771313,0.19561171298846602,,0
P2_S3_P_seed1010,S3,P,"plant@(2.000,3.000)",1,r1.20_a180,180,1.2,0.8,3.0,True,True,True,3.1847430226150277,0.20475062998593785,,0
P2_S3_P_seed1010,S3,P,"plant@(2.000,3.000)",1,r1.00_a180,180,1.0,1.0,3.0,True,True,True,3.169875174869212,0.21557626899448223,,0
P2_S3_P_seed1010,S3,P,"plant@(2.000,3.000)",1,r0.80_a180,180,0.8,1.2,3.0,True,True,True,3.2416304739555724,0.21537943999283016,,0
P2_S3_P_seed1010,S3,P,"plant@(2.000,3.000)",1,r1.20_a300,300,1.2,2.6,1.9607695154586737,True,True,True,3.2493641108315225,0.21348632901208475,,0
P2_S3_P_seed1010,S3,P,"plant@(2.000,3.000)",1,r1.00_a300,300,1.0,2.5,2.1339745962155616,True,True,True,3.2803082874835803,0.21724493999499828,,0
P2_S3_P_seed1010,S3,P,"plant@(2.000,3.000)",1,r0.80_a300,300,0.8,2.4000000000000004,2.3071796769724493,True,True,True,3.3238474265494395,0.26350981200812384,,0
P2_S3_P_seed1010,S3,P,"plant@(2.000,3.000)",1,r0.80_a150,150,0.8,1.3071796769724489,3.4,True,True,True,3.697423411089156,0.2951542060181964,,0
P2_S3_P_seed1010,S3,P,"plant@(2.000,3.000)",1,r1.00_a150,150,1.0,1.1339745962155612,3.5,True,True,True,3.688042177210573,0.24178154798573814,,0
P2_S3_P_seed1010,S3,P,"plant@(2.000,3.000)",1,r1.20_a150,150,1.2,0.9607695154586735,3.5999999999999996,True,True,True,3.7664397493190878,0.2440816660237033,,0
P2_S3_P_seed1010,S3,P,"plant@(2.000,3.000)",1,r0.80_a330,330,0.8,2.6928203230275507,2.5999999999999996,True,True,True,3.7670170039224296,0.2493125410110224,,0
P2_S3_P_seed1010,S3,P,"plant@(2.000,3.000)",1,r1.00_a330,330,1.0,2.8660254037844384,2.4999999999999996,True,True,True,3.8177101866375125,0.25988718500593677,,0
P2_S3_P_seed1010,S3,P,"plant@(2.000,3.000)",1,r1.20_a330,330,1.2,3.039230484541326,2.3999999999999995,True,True,True,3.862814351084195,0.25801596700330265,,0
P2_S3_P_seed1010,S3,P,"plant@(2.000,3.000)",1,r0.80_a000,0,0.8,2.8,3.0,True,True,True,4.198710423429075,0.2681682260008529,,0
P2_S3_P_seed1010,S3,P,"plant@(2.000,3.000)",1,r1.00_a120,120,1.0,1.5000000000000002,3.866025403784439,True,True,True,4.349087003878647,0.28593766898848116,,0
P2_S3_P_seed1010,S3,P,"plant@(2.000,3.000)",1,r1.00_a000,0,1.0,3.0,3.0,True,True,True,4.262439227569819,0.28939257698948495,,0
P2_S3_P_seed1010,S3,P,"plant@(2.000,3.000)",1,r1.20_a120,120,1.2,1.4000000000000004,4.039230484541326,True,True,True,4.307100999716338,0.2733641480153892,,0
P2_S3_P_seed1010,S3,P,"plant@(2.000,3.000)",1,r0.80_a030,30,0.8,2.692820323027551,3.4,True,True,True,4.6843439254528665,0.3099647850031033,,0
P2_S3_P_seed1010,S3,P,"plant@(2.000,3.000)",1,r1.20_a000,0,1.2,3.2,3.0,True,True,True,4.391661197065614,0.28897625900572166,,0
P2_S3_P_seed1010,S3,P,"plant@(2.000,3.000)",1,r1.00_a090,90,1.0,2.0,4.0,True,True,True,4.93275588851247,0.3243006700067781,,0
P2_S3_P_seed1010,S3,P,"plant@(2.000,3.000)",1,r1.00_a030,30,1.0,2.866025403784439,3.5,True,True,True,4.733839035284139,0.30950890900567174,,0
P2_S3_P_seed1010,S3,P,"plant@(2.000,3.000)",1,r1.00_a060,60,1.0,2.5,3.8660254037844384,True,True,True,5.290531886297779,0.38868313701823354,,0
P2_S3_P_seed1010,S3,P,"plant@(2.000,3.000)",1,r1.20_a090,90,1.2,2.0,4.2,True,True,True,4.937109901060667,0.31757671598461457,,0
P2_S3_P_seed1010,S3,P,"plant@(2.000,3.000)",1,r1.20_a030,30,1.2,3.0392304845413265,3.5999999999999996,True,True,True,4.865006267629385,0.32393124300870113,,0
P2_S3_P_seed1010,S3,P,"plant@(-6.000,4.500)",1,r1.20_a330,330,1.2,-4.960769515458674,3.8999999999999995,True,True,True,7.791318019268132,0.2560139310080558,,0
P2_S3_P_seed1010,S3,P,"plant@(-6.000,4.500)",1,r1.20_a000,0,1.2,-4.8,4.5,True,True,True,7.592004018360777,0.2607266900013201,,1
P2_S3_P_seed1010,S3,P,"plant@(-6.000,4.500)",1,r1.00_a330,330,1.0,-5.133974596215562,3.9999999999999996,True,True,True,7.922451298013273,0.28170442901318893,,0
P2_S3_P_seed1010,S3,P,"plant@(-6.000,4.500)",1,r1.00_a000,0,1.0,-5.0,4.5,True,True,True,7.705130894592871,0.26692965597612783,,0
P2_S3_P_seed1010,S3,P,"plant@(-6.000,4.500)",1,r1.20_a300,300,1.2,-5.4,3.460769515458674,True,True,False,,0.2478937949927058,path_infeasible_under_safety_checks,0
P2_S3_P_seed1010,S3,P,"plant@(-6.000,4.500)",1,r0.80_a330,330,0.8,-5.307179676972449,4.1,True,True,True,8.031974997784543,0.2841424219950568,,0
P2_S3_P_seed1010,S3,P,"plant@(-6.000,4.500)",1,r0.80_a000,0,0.8,-5.2,4.5,True,True,True,7.899903364513001,0.28068908798741177,,0
P2_S3_P_seed1010,S3,P,"plant@(-6.000,4.500)",1,r1.20_a030,30,1.2,-4.960769515458674,5.1,True,True,True,7.720120417866004,0.2574637470243033,,0
P2_S3_P_seed1010,S3,P,"plant@(-6.000,4.500)",1,r1.00_a030,30,1.0,-5.133974596215562,5.0,True,True,True,8.138973600238801,0.25760531998821534,,0
P2_S3_P_seed1010,S3,P,"plant@(-6.000,4.500)",1,r0.80_a030,30,0.8,-5.307179676972449,4.9,True,True,True,8.030881616638638,0.292186929989839,,0
P2_S3_P_seed1010,S3,P,"plant@(-6.000,4.500)",1,r1.20_a060,60,1.2,-5.4,5.539230484541326,True,True,False,,0.29663088999222964,path_infeasible_under_safety_checks,0
P2_S3_P_seed1010,S3,P,"plant@(-6.000,4.500)",1,r1.20_a240,240,1.2,-6.6000000000000005,3.460769515458674,True,True,False,,0.1655487579992041,path_infeasible_under_safety_checks,0
P2_S3_P_seed1010,S3,P,"plant@(-6.000,4.500)",1,r0.80_a210,210,0.8,-6.692820323027551,4.1,True,True,True,11.469268701222969,0.28635770600521937,,0
P2_S3_P_seed1010,S3,P,"plant@(-6.000,4.500)",1,r1.00_a210,210,1.0,-6.866025403784438,4.0,True,True,False,,0.17836951900972053,path_infeasible_under_safety_checks,0
P2_S3_P_seed1010,S3,P,"plant@(-6.000,4.500)",1,r0.80_a180,180,0.8,-6.8,4.5,True,True,True,11.045268313355834,0.2756307990057394,,0
P2_S3_P_seed1010,S3,P,"plant@(-6.000,4.500)",1,r1.00_a120,120,1.0,-6.5,5.366025403784438,True,True,False,,0.2473160969966557,path_infeasible_under_safety_checks,0
P2_S3_P_seed1010,S3,P,"plant@(-6.000,4.500)",1,r0.80_a150,150,0.8,-6.692820323027551,4.9,True,True,True,10.891309171877168,0.2670730569807347,,0
P2_S3_P_seed1010,S3,P,"plant@(-6.000,4.500)",1,r1.20_a210,210,1.2,-7.039230484541326,3.9,True,True,False,,0.170907238003565,path_infeasible_under_safety_checks,0
P2_S3_P_seed1010,S3,P,"plant@(-6.000,4.500)",1,r1.20_a120,120,1.2,-6.6,5.539230484541326,True,True,True,9.958275131913988,0.24555867098388262,,0
P2_S3_P_seed1010,S3,P,"plant@(-6.000,4.500)",1,r1.00_a180,180,1.0,-7.0,4.5,True,True,True,11.095473163869553,0.2702130449761171,,0
P2_S3_P_seed1010,S3,P,"plant@(-6.000,4.500)",1,r1.00_a150,150,1.0,-6.866025403784438,5.0,True,True,True,10.541131584929841,0.25593553500948474,,0
P2_S3_P_seed1010,S3,P,"plant@(-6.000,4.500)",1,r1.20_a180,180,1.2,-7.2,4.5,True,True,True,11.158284081011002,0.2645890729909297,,0
P2_S3_P_seed1010,S3,P,"plant@(-6.000,4.500)",1,r1.20_a150,150,1.2,-7.039230484541326,5.1,True,True,True,10.53322450001952,0.2566405149991624,,0
P2_S3_P_seed1010,S3,P,"plant@(-6.000,4.500)",1,r1.00_a300,300,1.0,-5.5,3.6339745962155616,False,True,False,,0.28900889700162224,path_infeasible_under_safety_checks,0
P2_S3_P_seed1010,S3,P,"plant@(-6.000,4.500)",1,r0.80_a300,300,0.8,-5.6,3.8071796769724493,False,True,False,,0.2892267220013309,path_infeasible_under_safety_checks,0
P2_S3_P_seed1010,S3,P,"plant@(-6.000,4.500)",1,r1.20_a270,270,1.2,-6.0,3.3,False,True,False,,0.27734598598908633,path_infeasible_under_safety_checks,0
P2_S3_P_seed1010,S3,P,"plant@(-6.000,4.500)",1,r1.00_a270,270,1.0,-6.0,3.5,False,True,False,,0.2917314410151448,path_infeasible_under_safety_checks,0
P2_S3_P_seed1010,S3,P,"plant@(-6.000,4.500)",1,r0.80_a270,270,0.8,-6.0,3.7,False,True,False,,0.31582572098704986,path_infeasible_under_safety_checks,0
P2_S3_P_seed1010,S3,P,"plant@(-6.000,4.500)",1,r1.00_a060,60,1.0,-5.5,5.366025403784438,False,True,False,,0.2745422059961129,path_infeasible_under_safety_checks,0
P2_S3_P_seed1010,S3,P,"plant@(-6.000,4.500)",1,r0.80_a060,60,0.8,-5.6,5.192820323027551,False,True,False,,0.29463228801614605,path_infeasible_under_safety_checks,0
P2_S3_P_seed1010,S3,P,"plant@(-6.000,4.500)",1,r0.80_a240,240,0.8,-6.4,3.8071796769724493,False,True,False,,0.20464548098971136,path_infeasible_under_safety_checks,0
P2_S3_P_seed1010,S3,P,"plant@(-6.000,4.500)",1,r1.00_a240,240,1.0,-6.5,3.6339745962155616,False,True,False,,0.19015960401156917,path_infeasible_under_safety_checks,0
P2_S3_P_seed1010,S3,P,"plant@(12.000,2.000)",1,r1.20_a240,240,1.2,11.399999999999999,0.960769515458674,True,True,False,,0.22466219300986268,path_infeasible_under_safety_checks,0
P2_S3_P_seed1010,S3,P,"plant@(12.000,2.000)",1,r1.20_a090,90,1.2,12.0,3.2,True,True,False,,0.09769600100116804,path_infeasible_under_safety_checks,0
P2_S3_P_seed1010,S3,P,"plant@(12.000,2.000)",1,r0.80_a060,60,0.8,12.4,2.6928203230275507,True,True,False,,0.10718246799660847,path_infeasible_under_safety_checks,0
P2_S3_P_seed1010,S3,P,"plant@(12.000,2.000)",1,r1.00_a060,60,1.0,12.5,2.8660254037844384,True,True,False,,0.09907711300184019,path_infeasible_under_safety_checks,0
P2_S3_P_seed1010,S3,P,"plant@(12.000,2.000)",1,r1.20_a060,60,1.2,12.6,3.039230484541326,True,True,False,,0.10384750401135534,path_infeasible_under_safety_checks,0
P2_S3_P_seed1010,S3,P,"plant@(12.000,2.000)",1,r0.80_a030,30,0.8,12.69282032302755,2.4,True,True,False,,0.097274297993863,path_infeasible_under_safety_checks,0
P2_S3_P_seed1010,S3,P,"plant@(12.000,2.000)",1,r0.80_a330,330,0.8,12.69282032302755,1.5999999999999996,True,True,False,,0.10733498400077224,path_infeasible_under_safety_checks,0
P2_S3_P_seed1010,S3,P,"plant@(12.000,2.000)",1,r1.00_a030,30,1.0,12.86602540378444,2.5,True,True,False,,0.0969661129929591,path_infeasible_under_safety_checks,0
P2_S3_P_seed1010,S3,P,"plant@(12.000,2.000)",1,r0.80_a000,0,0.8,12.8,2.0,True,True,False,,0.12553184799617156,path_infeasible_under_safety_checks,0
P2_S3_P_seed1010,S3,P,"plant@(12.000,2.000)",1,r1.00_a330,330,1.0,12.866025403784437,1.4999999999999996,True,True,False,,0.12190031900536269,path_infeasible_under_safety_checks,0
P2_S3_P_seed1010,S3,P,"plant@(12.000,2.000)",1,r1.20_a030,30,1.2,13.039230484541326,2.5999999999999996,True,True,False,,0.11552636299165897,path_infeasible_under_safety_checks,0
P2_S3_P_seed1010,S3,P,"plant@(12.000,2.000)",1,r1.00_a000,0,1.0,13.0,2.0,True,True,False,,0.12029247600003146,path_infeasible_under_safety_checks,0
P2_S3_P_seed1010,S3,P,"plant@(12.000,2.000)",1,r1.20_a330,330,1.2,13.039230484541326,1.3999999999999995,True,True,False,,0.11217144399415702,path_infeasible_under_safety_checks,0
P2_S3_P_seed1010,S3,P,"plant@(12.000,2.000)",1,r1.20_a000,0,1.2,13.2,2.0,True,True,False,,0.11093056999379769,path_infeasible_under_safety_checks,0
P2_S3_P_seed1010,S3,P,"plant@(12.000,2.000)",1,r1.20_a180,180,1.2,10.8,2.0,False,True,False,,0.21473447600146756,path_infeasible_under_safety_checks,0
P2_S3_P_seed1010,S3,P,"plant@(12.000,2.000)",1,r1.20_a150,150,1.2,10.960769515458674,2.5999999999999996,False,True,False,,0.11614632399869151,path_infeasible_under_safety_checks,0
P2_S3_P_seed1010,S3,P,"plant@(12.000,2.000)",1,r1.00_a180,180,1.0,11.0,2.0,False,True,False,,0.2257654090062715,path_infeasible_under_safety_checks,0
P2_S3_P_seed1010,S3,P,"plant@(12.000,2.000)",1,r1.00_a150,150,1.0,11.13397459621556,2.5,False,True,False,,0.2183746609953232,path_infeasible_under_safety_checks,0
P2_S3_P_seed1010,S3,P,"plant@(12.000,2.000)",1,r1.20_a210,210,1.2,10.960769515458674,1.4,False,True,False,,0.20755807700334117,path_infeasible_under_safety_checks,0
P2_S3_P_seed1010,S3,P,"plant@(12.000,2.000)",1,r0.80_a180,180,0.8,11.2,2.0,False,True,False,,0.21286530999350362,path_infeasible_under_safety_checks,0
P2_S3_P_seed1010,S3,P,"plant@(12.000,2.000)",1,r1.00_a210,210,1.0,11.13397459621556,1.5,False,True,False,,0.23180455699912272,path_infeasible_under_safety_checks,0
P2_S3_P_seed1010,S3,P,"plant@(12.000,2.000)",1,r0.80_a150,150,0.8,11.30717967697245,2.4,False,True,False,,0.23139278599410318,path_infeasible_under_safety_checks,0
P2_S3_P_seed1010,S3,P,"plant@(12.000,2.000)",1,r1.20_a120,120,1.2,11.4,3.0392304845413265,False,True,False,,0.12834533597924747,path_infeasible_under_safety_checks,0
P2_S3_P_seed1010,S3,P,"plant@(12.000,2.000)",1,r0.80_a210,210,0.8,11.30717967697245,1.5999999999999999,False,True,False,,0.23538298398489133,path_infeasible_under_safety_checks,0
P2_S3_P_seed1010,S3,P,"plant@(12.000,2.000)",1,r1.00_a120,120,1.0,11.5,2.866025403784439,False,True,False,,0.13216892298078164,path_infeasible_under_safety_checks,0
P2_S3_P_seed1010,S3,P,"plant@(12.000,2.000)",1,r0.80_a120,120,0.8,11.6,2.692820323027551,False,True,False,,0.13117517199134454,path_infeasible_under_safety_checks,0
P2_S3_P_seed1010,S3,P,"plant@(12.000,2.000)",1,r1.00_a240,240,1.0,11.5,1.1339745962155616,False,True,False,,0.21341041699633934,path_infeasible_under_safety_checks,0
P2_S3_P_seed1010,S3,P,"plant@(12.000,2.000)",1,r0.80_a240,240,0.8,11.6,1.3071796769724493,False,True,False,,0.2320225430012215,path_infeasible_under_safety_checks,0
P2_S3_P_seed1010,S3,P,"plant@(12.000,2.000)",1,r1.00_a090,90,1.0,12.0,3.0,False,True,False,,0.11139982001623139,path_infeasible_under_safety_checks,0
P2_S3_P_seed1010,S3,P,"plant@(12.000,2.000)",1,r0.80_a090,90,0.8,12.0,2.8,False,True,False,,0.09992656999384053,path_infeasible_under_safety_checks,0
P2_S3_P_seed1010,S3,P,"plant@(12.000,2.000)",1,r0.80_a270,270,0.8,12.0,1.2,False,True,False,,0.2367108300095424,path_infeasible_under_safety_checks,0
P2_S3_P_seed1010,S3,P,"plant@(12.000,2.000)",1,r1.00_a270,270,1.0,12.0,1.0,False,True,False,,0.23997333200532012,path_infeasible_under_safety_checks,0
P2_S3_P_seed1010,S3,P,"plant@(12.000,2.000)",1,r1.20_a240,240,1.2,11.399999999999999,0.960769515458674,True,True,False,,0.21749474701937288,path_infeasible_under_safety_checks,0
P2_S3_P_seed1010,S3,P,"plant@(12.000,2.000)",1,r1.20_a090,90,1.2,12.0,3.2,True,True,True,21.091193875044745,0.27027743999497034,,1
P2_S3_P_seed1010,S3,P,"plant@(12.000,2.000)",1,r0.80_a060,60,0.8,12.4,2.6928203230275507,True,True,True,21.610288787385567,0.27751585899386555,,0
P2_S3_P_seed1010,S3,P,"plant@(12.000,2.000)",1,r1.00_a060,60,1.0,12.5,2.8660254037844384,True,True,True,21.468049184861442,0.27041952800936997,,0
P2_S3_P_seed1010,S3,P,"plant@(12.000,2.000)",1,r1.20_a060,60,1.2,12.6,3.039230484541326,True,True,True,21.375155289152342,0.25673997099511325,,0
P2_S3_P_seed1010,S3,P,"plant@(12.000,2.000)",1,r0.80_a030,30,0.8,12.69282032302755,2.4,True,True,True,21.987202838289555,0.2723798750084825,,0
P2_S3_P_seed1010,S3,P,"plant@(12.000,2.000)",1,r0.80_a330,330,0.8,12.69282032302755,1.5999999999999996,True,True,True,22.87370010755171,0.2921390230185352,,0
P2_S3_P_seed1010,S3,P,"plant@(12.000,2.000)",1,r1.00_a030,30,1.0,12.86602540378444,2.5,True,True,True,21.98226637701068,0.27789549602312036,,0
P2_S3_P_seed1010,S3,P,"plant@(12.000,2.000)",1,r0.80_a000,0,0.8,12.8,2.0,True,True,True,22.44784488867917,0.274875955976313,,0
P2_S3_P_seed1010,S3,P,"plant@(12.000,2.000)",1,r1.00_a330,330,1.0,12.866025403784437,1.4999999999999996,True,True,True,22.994695547116855,0.28064644799451344,,0
P2_S3_P_seed1010,S3,P,"plant@(12.000,2.000)",1,r1.20_a030,30,1.2,13.039230484541326,2.5999999999999996,True,True,True,21.93289313135144,0.26905052398797125,,0
P2_S3_P_seed1010,S3,P,"plant@(12.000,2.000)",1,r1.00_a000,0,1.0,13.0,2.0,True,True,True,22.484543315765247,0.28590789399459027,,0
P2_S3_P_seed1010,S3,P,"plant@(12.000,2.000)",1,r1.20_a330,330,1.2,13.039230484541326,1.3999999999999995,True,True,True,23.049202580857457,0.31685527198715135,,0
P2_S3_P_seed1010,S3,P,"plant@(12.000,2.000)",1,r1.20_a000,0,1.2,13.2,2.0,True,True,True,22.531894796490473,0.2773502159980126,,0
P2_S3_P_seed1010,S3,P,"plant@(12.000,2.000)",1,r1.20_a180,180,1.2,10.8,2.0,False,True,False,,0.23126523400424048,path_infeasible_under_safety_checks,0
P2_S3_P_seed1010,S3,P,"plant@(12.000,2.000)",1,r1.20_a150,150,1.2,10.960769515458674,2.5999999999999996,False,True,False,,0.2668513910030015,path_infeasible_under_safety_checks,0
P2_S3_P_seed1010,S3,P,"plant@(12.000,2.000)",1,r1.00_a180,180,1.0,11.0,2.0,False,True,False,,0.21887511998647824,path_infeasible_under_safety_checks,0
P2_S3_P_seed1010,S3,P,"plant@(12.000,2.000)",1,r1.00_a150,150,1.0,11.13397459621556,2.5,False,True,False,,0.22216836200095713,path_infeasible_under_safety_checks,0
P2_S3_P_seed1010,S3,P,"plant@(12.000,2.000)",1,r1.20_a210,210,1.2,10.960769515458674,1.4,False,True,False,,0.21851705698645674,path_infeasible_under_safety_checks,0
P2_S3_P_seed1010,S3,P,"plant@(12.000,2.000)",1,r0.80_a180,180,0.8,11.2,2.0,False,True,False,,0.21701114100869745,path_infeasible_under_safety_checks,0
P2_S3_P_seed1010,S3,P,"plant@(12.000,2.000)",1,r1.00_a210,210,1.0,11.13397459621556,1.5,False,True,False,,0.22811415899195708,path_infeasible_under_safety_checks,0
P2_S3_P_seed1010,S3,P,"plant@(12.000,2.000)",1,r0.80_a150,150,0.8,11.30717967697245,2.4,False,True,False,,0.26474907700321637,path_infeasible_under_safety_checks,0
P2_S3_P_seed1010,S3,P,"plant@(12.000,2.000)",1,r1.20_a120,120,1.2,11.4,3.0392304845413265,False,True,False,,0.26288080602535047,path_infeasible_under_safety_checks,0
P2_S3_P_seed1010,S3,P,"plant@(12.000,2.000)",1,r0.80_a210,210,0.8,11.30717967697245,1.5999999999999999,False,True,False,,0.23142002601525746,path_infeasible_under_safety_checks,0
P2_S3_P_seed1010,S3,P,"plant@(12.000,2.000)",1,r1.00_a120,120,1.0,11.5,2.866025403784439,False,True,False,,0.29370942700188607,path_infeasible_under_safety_checks,0
P2_S3_P_seed1010,S3,P,"plant@(12.000,2.000)",1,r0.80_a120,120,0.8,11.6,2.692820323027551,False,True,False,,0.30096178798703477,path_infeasible_under_safety_checks,0
P2_S3_P_seed1010,S3,P,"plant@(12.000,2.000)",1,r1.00_a240,240,1.0,11.5,1.1339745962155616,False,True,False,,0.204890057008015,path_infeasible_under_safety_checks,0
P2_S3_P_seed1010,S3,P,"plant@(12.000,2.000)",1,r0.80_a240,240,0.8,11.6,1.3071796769724493,False,True,False,,0.2317963989917189,path_infeasible_under_safety_checks,0
P2_S3_P_seed1010,S3,P,"plant@(12.000,2.000)",1,r1.00_a090,90,1.0,12.0,3.0,False,True,False,,0.27874351700302213,path_infeasible_under_safety_checks,0
P2_S3_P_seed1010,S3,P,"plant@(12.000,2.000)",1,r0.80_a090,90,0.8,12.0,2.8,False,True,False,,0.2865395890257787,path_infeasible_under_safety_checks,0
P2_S3_P_seed1010,S3,P,"plant@(12.000,2.000)",1,r0.80_a270,270,0.8,12.0,1.2,False,True,False,,0.2920571180002298,path_infeasible_under_safety_checks,0
P2_S3_P_seed1010,S3,P,"plant@(12.000,2.000)",1,r1.00_a270,270,1.0,12.0,1.0,False,True,False,,0.27742849598871544,path_infeasible_under_safety_checks,0
